t,wall,tx_bytes,rx_bytes,tx_Bps,rx_Bps,tx_packets,tx_errors,tx_dropped,rx_errors,rx_dropped,clients,signal_dbm,tx_mbps,rx_mbps,tx_retries,tx_failed,cpu_pct,temp_c,watts,fan_pct,throttles
1.0,16:20:50,2395409502,1076328656,0,0,2017956,0,168,0,17,0,,,,0,0,4.7,51.0,,29,0
2.0,16:20:51,2395409502,1076328656,0,0,2017956,0,168,0,17,0,,,,0,0,4.4,51.0,,28,0
3.0,16:20:52,2395409703,1076328656,201,0,2017957,0,168,0,17,0,,,,0,0,5.7,51.0,,28,0
4.0,16:20:53,2395409924,1076328656,221,0,2017958,0,168,0,17,0,,,,0,0,5.0,52.0,,28,0
5.0,16:20:54,2395409924,1076328656,0,0,2017958,0,168,0,17,0,,,,0,0,5.2,51.0,,28,0
6.1,16:20:55,2395409924,1076328656,0,0,2017958,0,168,0,17,0,,,,0,0,4.4,51.0,,29,0
7.1,16:20:56,2395409924,1076328656,0,0,2017958,0,168,0,17,0,,,,0,0,9.9,50.0,,28,0
8.1,16:20:57,2395409924,1076328656,0,0,2017958,0,168,0,17,0,,,,0,0,3.9,51.0,,27,0
9.1,16:20:58,2395409924,1076328656,0,0,2017958,0,168,0,17,0,,,,0,0,3.4,51.0,,28,0
10.1,16:20:59,2395409924,1076328656,0,0,2017958,0,168,0,17,0,,,,0,0,3.1,51.0,,27,0
11.1,16:21:00,2395409924,1076328656,0,0,2017958,0,168,0,17,0,,,,0,0,3.2,50.0,,28,0
12.1,16:21:01,2395409924,1076328656,0,0,2017958,0,168,0,17,0,,,,0,0,3.2,50.0,,27,0
13.1,16:21:02,2395409924,1076328656,0,0,2017958,0,168,0,17,0,,,,0,0,3.6,51.0,,27,0
14.1,16:21:03,2395409924,1076328656,0,0,2017958,0,168,0,17,0,,,,0,0,5.5,50.0,,28,0
15.2,16:21:04,2395409924,1076328656,0,0,2017958,0,168,0,17,0,,,,0,0,3.0,51.0,,28,0
16.2,16:21:05,2395409924,1076328656,0,0,2017958,0,168,0,17,0,,,,0,0,3.4,51.0,,28,0
17.2,16:21:06,2395409924,1076328656,0,0,2017958,0,168,0,17,0,,,,0,0,4.1,50.0,,28,0
18.2,16:21:07,2395409924,1076328656,0,0,2017958,0,168,0,17,0,,,,0,0,3.6,50.0,,27,0
19.2,16:21:08,2395409924,1076328656,0,0,2017958,0,168,0,17,0,,,,0,0,3.8,51.0,,28,0
20.2,16:21:09,2395409924,1076328656,0,0,2017958,0,168,0,17,0,,,,0,0,3.2,50.0,,28,0
21.2,16:21:10,2395409924,1076328656,0,0,2017958,0,168,0,17,0,,,,0,0,3.4,50.0,,28,0
22.2,16:21:11,2395409924,1076328656,0,0,2017958,0,168,0,17,0,,,,0,0,3.5,51.0,,27,0
23.2,16:21:13,2395409924,1076328656,0,0,2017958,0,168,0,17,0,,,,0,0,4.1,51.0,,27,0
24.3,16:21:14,2395409924,1076328656,0,0,2017958,0,168,0,17,0,,,,0,0,3.1,50.0,,27,0
25.3,16:21:15,2395409924,1076328656,0,0,2017958,0,168,0,17,0,,,,0,0,3.3,50.0,,28,0
26.3,16:21:16,2395409924,1076328656,0,0,2017958,0,168,0,17,0,,,,0,0,2.9,51.0,,28,0
27.3,16:21:17,2395409924,1076328656,0,0,2017958,0,168,0,17,0,,,,0,0,3.5,49.0,,27,0
28.3,16:21:18,2395409924,1076328656,0,0,2017958,0,168,0,17,0,,,,0,0,3.5,50.0,,26,0
29.3,16:21:19,2395409924,1076328656,0,0,2017958,0,168,0,17,0,,,,0,0,3.5,49.0,,26,0
30.3,16:21:20,2395410012,1076328656,88,0,2017959,0,168,0,17,0,,,,0,0,3.1,50.0,,27,0
31.3,16:21:21,2395410012,1076328656,0,0,2017959,0,168,0,17,0,,,,0,0,3.4,49.0,,26,0
32.3,16:21:22,2395410012,1076328656,0,0,2017959,0,168,0,17,0,,,,0,0,3.1,50.0,,27,0
33.4,16:21:23,2395410012,1076328656,0,0,2017959,0,168,0,17,0,,,,0,0,4.0,49.0,,26,0
34.4,16:21:24,2395410213,1076328656,201,0,2017960,0,168,0,17,0,,,,0,0,3.2,50.0,,27,0
35.4,16:21:25,2395410213,1076328656,0,0,2017960,0,168,0,17,0,,,,0,0,3.6,50.0,,27,0
36.4,16:21:26,2395410434,1076328656,221,0,2017961,0,168,0,17,0,,,,0,0,3.4,50.0,,26,0
37.4,16:21:27,2395411989,1076329881,1555,1225,2017972,0,168,0,17,1,-45.0,1.0,26.0,0,0,3.4,50.0,,27,0
38.4,16:21:28,2395413190,1076330842,1201,961,2017983,0,168,0,17,1,-44.0,1.0,26.0,0,0,3.2,49.0,,26,0
39.4,16:21:29,2395413466,1076331022,276,180,2017986,0,168,0,17,1,-45.0,1.0,26.0,0,0,3.5,50.0,,27,0
40.4,16:21:30,2395420066,1076334269,6600,3247,2018028,0,168,0,17,1,-44.0,72.2,52.0,0,0,2.9,50.0,,26,0
41.4,16:21:31,2395422466,1076336379,2400,2110,2018049,0,168,0,17,1,-45.0,72.2,58.5,1,0,3.1,50.0,,27,0
42.5,16:21:32,2395430144,1076345264,7678,8885,2018084,0,168,0,17,1,-44.0,72.2,65.0,2,0,3.1,51.0,,26,0
43.5,16:21:33,2395431167,1076347903,1023,2639,2018091,0,168,0,17,1,-43.0,72.2,72.2,0,0,3.4,49.0,,27,0
44.5,16:21:34,2395431525,1076349697,358,1794,2018094,0,168,0,17,1,-43.0,72.2,72.2,0,0,3.6,50.0,,26,0
45.5,16:21:35,2395433923,1076350995,2398,1298,2018104,0,168,0,17,1,-43.0,72.2,72.2,1,0,3.7,49.0,,27,0
46.5,16:21:36,2395435052,1076359114,1129,8119,2018109,0,168,0,17,1,-45.0,72.2,72.2,0,0,3.5,50.0,,26,0
47.5,16:21:37,2395435249,1076360085,197,971,2018110,0,168,0,17,1,-46.0,72.2,72.2,0,0,3.1,50.0,,27,0
48.5,16:21:38,2395440150,1076364924,4901,4839,2018129,0,168,0,17,1,-45.0,72.2,72.2,0,0,5.4,50.0,,26,0
49.5,16:21:39,2395556476,1076368240,116326,3316,2018209,0,168,0,17,1,-45.0,72.2,72.2,2,0,4.4,50.0,,26,0
50.5,16:21:40,2395557179,1076368871,703,631,2018212,0,168,0,17,1,-43.0,72.2,72.2,0,0,4.8,50.0,,27,0
51.5,16:21:41,2395558422,1076375385,1243,6514,2018220,0,168,0,17,1,-43.0,72.2,72.2,0,0,3.0,50.0,,27,0
52.6,16:21:42,2395558997,1076376371,575,986,2018222,0,168,0,17,1,-44.0,72.2,72.2,0,0,2.9,50.0,,26,0
53.6,16:21:43,2395559194,1076378766,197,2395,2018223,0,168,0,17,1,-44.0,72.2,72.2,0,0,3.5,49.0,,27,0
54.6,16:21:44,2395559330,1076379258,136,492,2018225,0,168,0,17,1,-43.0,72.2,72.2,0,0,2.8,49.0,,27,0
55.6,16:21:45,2395559330,1076380814,0,1556,2018225,0,168,0,17,1,-44.0,72.2,72.2,0,0,3.1,50.0,,26,0
56.6,16:21:46,2395559330,1076381144,0,330,2018225,0,168,0,17,1,-44.0,72.2,72.2,0,0,3.1,50.0,,27,0
57.6,16:21:47,2395559557,1076381568,227,424,2018226,0,168,0,17,1,-43.0,72.2,72.2,0,0,3.1,49.0,,26,0
58.6,16:21:48,2395559557,1076381964,0,396,2018226,0,168,0,17,1,-44.0,72.2,72.2,0,0,3.2,50.0,,27,0
59.6,16:21:49,2395672609,1076383291,113052,1327,2018303,0,168,0,17,1,-43.0,72.2,72.2,0,0,6.5,51.0,,26,0
60.6,16:21:50,2395672609,1076383753,0,462,2018303,0,168,0,17,1,-44.0,72.2,72.2,0,0,4.3,51.0,,27,0
61.7,16:21:51,2395672609,1076384479,0,726,2018303,0,168,0,17,1,-44.0,72.2,72.2,0,0,4.2,49.0,,27,0
62.7,16:21:52,2395672861,1076384702,252,223,2018304,0,168,0,17,1,-46.0,72.2,72.2,0,0,3.1,50.0,,27,0
63.7,16:21:53,2395672861,1076385098,0,396,2018304,0,168,0,17,1,-44.0,72.2,72.2,0,0,6.6,50.0,,26,0
64.7,16:21:54,2395673286,1076385502,425,404,2018307,0,168,0,17,1,-44.0,72.2,72.2,0,0,3.7,51.0,,27,0
65.7,16:21:55,2395673625,1076386195,339,693,2018309,0,168,0,17,1,-45.0,72.2,72.2,0,0,3.2,50.0,,27,0
66.7,16:21:56,2395673625,1076386789,0,594,2018309,0,168,0,17,1,-44.0,72.2,72.2,0,0,3.0,50.0,,26,0
67.7,16:21:57,2395673625,1076387845,0,1056,2018309,0,168,0,17,1,-46.0,72.2,72.2,0,0,3.0,50.0,,27,0
68.7,16:21:58,2395673763,1076388823,138,978,2018310,0,168,0,17,1,-43.0,72.2,72.2,0,0,3.2,49.0,,27,0
69.7,16:21:59,2395789883,1076390492,116120,1669,2018389,0,168,0,17,1,-46.0,72.2,72.2,1,0,5.7,53.0,,26,0
70.8,16:22:00,2395789883,1076391350,0,858,2018389,0,168,0,17,1,-43.0,72.2,72.2,0,0,3.5,50.0,,27,0
71.8,16:22:01,2395791324,1076398015,1441,6665,2018402,0,168,0,17,1,-45.0,72.2,72.2,0,0,3.1,50.0,,27,0
72.8,16:22:02,2395791324,1076398873,0,858,2018402,0,168,0,17,1,-45.0,72.2,72.2,0,0,3.0,50.0,,26,0
73.8,16:22:03,2395791324,1076400627,0,1754,2018402,0,168,0,17,1,-44.0,72.2,72.2,0,0,3.1,50.0,,27,0
74.8,16:22:04,2395791398,1076403095,74,2468,2018403,0,168,0,17,1,-43.0,72.2,72.2,0,0,3.0,49.0,,26,0
75.8,16:22:05,2395792038,1076403555,640,460,2018406,0,168,0,17,1,-42.0,72.2,72.2,0,0,2.9,50.0,,27,0
76.8,16:22:06,2395792038,1076403951,0,396,2018406,0,168,0,17,1,-44.0,72.2,72.2,0,0,3.1,49.0,,26,0
77.8,16:22:07,2395792038,1076404149,0,198,2018406,0,168,0,17,1,-46.0,72.2,72.2,0,0,3.1,51.0,,27,0
78.9,16:22:08,2395792038,1076404611,0,462,2018406,0,168,0,17,1,-50.0,72.2,72.2,0,0,5.3,51.0,,27,0
79.9,16:22:09,2395792038,1076404941,0,330,2018406,0,168,0,17,1,-47.0,72.2,72.2,0,0,3.9,50.0,,26,0
80.9,16:22:10,2395906696,1076406460,114658,1519,2018485,0,168,0,17,1,-41.0,72.2,72.2,3,0,6.4,52.0,,27,0
81.9,16:22:11,2395906696,1076407450,0,990,2018485,0,168,0,17,1,-41.0,72.2,72.2,0,0,2.5,51.0,,27,0
82.9,16:22:12,2395906696,1076407714,0,264,2018485,0,168,0,17,1,-45.0,72.2,72.2,0,0,3.4,50.0,,27,0
83.9,16:22:13,2395906844,1076408078,148,364,2018486,0,168,0,17,1,-42.0,72.2,72.2,0,0,3.1,50.0,,26,0
84.9,16:22:14,2395906844,1076408408,0,330,2018486,0,168,0,17,1,-43.0,72.2,72.2,0,0,3.9,50.0,,27,0
85.9,16:22:15,2395906918,1076408528,74,120,2018487,0,168,0,17,1,-43.0,72.2,72.2,0,0,10.4,52.0,,26,0
86.9,16:22:16,2395906918,1076408990,0,462,2018487,0,168,0,17,1,-42.0,72.2,72.2,0,0,4.6,50.0,,27,0
87.9,16:22:17,2395906918,1076409386,0,396,2018487,0,168,0,17,1,-43.0,72.2,72.2,0,0,4.6,49.0,,28,0
89.0,16:22:18,2395906992,1076410166,74,780,2018488,0,168,0,17,1,-43.0,72.2,72.2,0,0,4.6,50.0,,28,0
90.0,16:22:19,2395906992,1076410694,0,528,2018488,0,168,0,17,1,-43.0,72.2,72.2,0,0,4.5,50.0,,28,0
91.0,16:22:20,2396019970,1076412177,112978,1483,2018564,0,168,0,17,1,-42.0,72.2,72.2,3,0,9.1,56.0,,27,0
92.0,16:22:21,2396019970,1076412705,0,528,2018564,0,168,0,17,1,-42.0,72.2,72.2,0,0,4.5,50.0,,27,0
93.0,16:22:22,2396019970,1076412903,0,198,2018564,0,168,0,17,1,-41.0,72.2,72.2,0,0,15.3,50.0,,27,0
94.0,16:22:23,2396019970,1076413167,0,264,2018564,0,168,0,17,1,-43.0,72.2,72.2,0,0,3.5,50.0,,27,0
95.0,16:22:24,2396019970,1076413497,0,330,2018564,0,168,0,17,1,-42.0,72.2,72.2,0,0,4.5,51.0,,28,0
96.0,16:22:25,2396020044,1076414475,74,978,2018565,0,168,0,17,1,-43.0,72.2,72.2,0,0,5.1,50.0,,28,0
97.1,16:22:26,2396020132,1076414673,88,198,2018566,0,168,0,17,1,-43.0,72.2,72.2,0,0,5.2,50.0,,27,0
98.1,16:22:27,2396020132,1076414937,0,264,2018566,0,168,0,17,1,-42.0,72.2,72.2,0,0,5.4,50.0,,28,0
99.1,16:22:28,2396020407,1076415189,275,252,2018568,0,168,0,17,1,-43.0,72.2,72.2,0,0,4.0,50.0,,28,0
100.1,16:22:29,2396020766,1076415771,359,582,2018570,0,168,0,17,1,-43.0,72.2,72.2,0,0,3.6,51.0,,27,0
101.1,16:22:30,2396135278,1076416936,114512,1165,2018647,0,168,0,17,1,-43.0,72.2,72.2,1,0,7.0,50.0,,26,0
102.1,16:22:31,2396136458,1076418218,1180,1282,2018659,0,168,0,17,1,-41.0,72.2,72.2,0,0,5.0,50.0,,27,0
103.1,16:22:32,2396136458,1076418680,0,462,2018659,0,168,0,17,1,-44.0,72.2,72.2,0,0,5.6,51.0,,28,0
104.1,16:22:33,2396136458,1076419340,0,660,2018659,0,168,0,17,1,-42.0,72.2,72.2,0,0,4.4,50.0,,28,0
105.1,16:22:34,2396136458,1076419472,0,132,2018659,0,168,0,17,1,-42.0,72.2,72.2,0,0,3.4,50.0,,27,0
106.1,16:22:35,2396136710,1076419761,252,289,2018660,0,168,0,17,1,-42.0,72.2,72.2,0,0,4.0,50.0,,26,0
107.2,16:22:36,2396136784,1076419947,74,186,2018661,0,168,0,17,1,-43.0,72.2,72.2,0,0,4.1,49.0,,27,0
108.2,16:22:37,2396136784,1076420211,0,264,2018661,0,168,0,17,1,-43.0,72.2,72.2,0,0,4.0,49.0,,26,0
109.2,16:22:38,2396136784,1076420541,0,330,2018661,0,168,0,17,1,-42.0,72.2,72.2,0,0,4.8,50.0,,27,0
110.2,16:22:39,2396136784,1076421003,0,462,2018661,0,168,0,17,1,-43.0,72.2,72.2,0,0,3.6,49.0,,26,0
111.2,16:22:40,2396137548,1076422404,764,1401,2018666,0,168,0,17,1,-43.0,72.2,72.2,0,0,6.0,49.0,,27,0
112.2,16:22:41,2396250366,1076423124,112818,720,2018740,0,168,0,17,1,-43.0,72.2,72.2,2,0,5.1,50.0,,26,0
113.2,16:22:42,2396250366,1076423520,0,396,2018740,0,168,0,17,1,-41.0,72.2,72.2,0,0,3.6,49.0,,27,0
114.2,16:22:43,2396250366,1076424048,0,528,2018740,0,168,0,17,1,-42.0,72.2,72.2,0,0,3.3,50.0,,27,0
115.2,16:22:44,2396250366,1076424246,0,198,2018740,0,168,0,17,1,-41.0,72.2,72.2,0,0,3.6,50.0,,26,0
116.2,16:22:45,2396250366,1076424510,0,264,2018740,0,168,0,17,1,-42.0,72.2,72.2,0,0,4.9,50.0,,27,0
117.3,16:22:47,2396250440,1076425224,74,714,2018741,0,168,0,17,1,-43.0,72.2,72.2,0,0,4.0,51.0,,26,0
118.3,16:22:48,2396250982,1076425832,542,608,2018744,0,168,0,17,1,-42.0,72.2,72.2,1,0,3.3,50.0,,27,0
119.3,16:22:49,2396250982,1076426030,0,198,2018744,0,168,0,17,1,-42.0,72.2,72.2,0,0,3.0,50.0,,27,0
120.3,16:22:50,2396250982,1076426360,0,330,2018744,0,168,0,17,1,-44.0,72.2,72.2,0,0,2.4,50.0,,26,0
121.3,16:22:51,2396250982,1076427020,0,660,2018744,0,168,0,17,1,-46.0,72.2,72.2,0,0,2.6,50.0,,27,0
122.3,16:22:52,2396363960,1076428107,112978,1087,2018820,0,168,0,17,1,-50.0,72.2,72.2,1,0,5.8,50.0,,27,0
123.3,16:22:53,2396363960,1076428371,0,264,2018820,0,168,0,17,1,-44.0,72.2,65.0,0,0,3.2,50.0,,28,0
124.3,16:22:54,2396363960,1076428569,0,198,2018820,0,168,0,17,1,-42.0,72.2,72.2,0,0,2.9,50.0,,27,0
125.3,16:22:55,2396363960,1076429097,0,528,2018820,0,168,0,17,1,-42.0,72.2,72.2,0,0,2.7,50.0,,26,0
126.4,16:22:56,2396363960,1076429229,0,132,2018820,0,168,0,17,1,-43.0,72.2,72.2,0,0,3.5,49.0,,27,0
127.4,16:22:57,2396364034,1076429481,74,252,2018821,0,168,0,17,1,-44.0,72.2,72.2,0,0,2.2,50.0,,26,0
128.4,16:22:58,2396481868,1076431618,117834,2137,2018904,0,168,0,17,1,-40.0,72.2,72.2,0,0,5.9,52.0,,27,0
129.4,16:22:59,2396481868,1076432146,0,528,2018904,0,168,0,17,1,-42.0,72.2,72.2,0,0,2.8,50.0,,27,0
130.4,16:23:00,2396481868,1076432278,0,132,2018904,0,168,0,17,1,-42.0,72.2,72.2,0,0,2.7,50.0,,26,0
131.4,16:23:01,2396481868,1076432872,0,594,2018904,0,168,0,17,1,-42.0,72.2,72.2,0,0,2.8,50.0,,27,0
132.4,16:23:02,2396483048,1076433956,1180,1084,2018916,0,168,0,17,1,-43.0,72.2,72.2,0,0,2.6,50.0,,26,0
133.4,16:23:03,2396483122,1076434340,74,384,2018917,0,168,0,17,1,-43.0,72.2,72.2,0,0,3.4,50.0,,27,0
134.4,16:23:04,2396483122,1076434472,0,132,2018917,0,168,0,17,1,-42.0,72.2,72.2,0,0,2.9,50.0,,26,0
135.5,16:23:05,2396483122,1076435066,0,594,2018917,0,168,0,17,1,-43.0,72.2,72.2,0,0,2.9,50.0,,27,0
136.5,16:23:06,2396486180,1076436645,3058,1579,2018923,0,168,0,17,1,-43.0,72.2,72.2,0,0,3.7,50.0,,26,0
137.5,16:23:07,2396599688,1076437616,113508,971,2019001,0,168,0,17,1,-43.0,72.2,72.2,2,0,5.1,51.0,,27,0
138.5,16:23:08,2396599688,1076438012,0,396,2019001,0,168,0,17,1,-42.0,72.2,72.2,0,0,3.6,50.0,,27,0
139.5,16:23:09,2396599688,1076438276,0,264,2019001,0,168,0,17,1,-43.0,72.2,72.2,0,0,3.0,49.0,,26,0
140.5,16:23:10,2396599688,1076438606,0,330,2019001,0,168,0,17,1,-42.0,72.2,72.2,0,0,3.3,50.0,,26,0
141.5,16:23:11,2396600074,1076438819,386,213,2019002,0,168,0,17,1,-42.0,72.2,72.2,0,0,3.1,50.0,,26,0
142.5,16:23:12,2396600148,1076439335,74,516,2019003,0,168,0,17,1,-43.0,72.2,72.2,0,0,2.9,50.0,,27,0
143.6,16:23:13,2396600148,1076439665,0,330,2019003,0,168,0,17,1,-43.0,72.2,72.2,0,0,2.9,49.0,,27,0
144.6,16:23:14,2396600148,1076439929,0,264,2019003,0,168,0,17,1,-43.0,72.2,72.2,0,0,3.1,49.0,,26,0
145.6,16:23:15,2396600148,1076440061,0,132,2019003,0,168,0,17,1,-43.0,72.2,72.2,0,0,3.4,49.0,,26,0
146.6,16:23:16,2396600148,1076440391,0,330,2019003,0,168,0,17,1,-42.0,72.2,72.2,0,0,2.9,49.0,,26,0
147.6,16:23:17,2396714734,1076441490,114586,1099,2019081,0,168,0,17,1,-43.0,72.2,72.2,1,0,5.6,53.0,,26,0
148.6,16:23:18,2396714734,1076441688,0,198,2019081,0,168,0,17,1,-43.0,72.2,72.2,0,0,3.0,50.0,,26,0
149.6,16:23:19,2396714734,1076441820,0,132,2019081,0,168,0,17,1,-43.0,72.2,72.2,0,0,3.6,50.0,,27,0
150.6,16:23:20,2396714734,1076442150,0,330,2019081,0,168,0,17,1,-43.0,72.2,72.2,0,0,3.1,50.0,,27,0
151.6,16:23:21,2396714734,1076442348,0,198,2019081,0,168,0,17,1,-42.0,72.2,72.2,0,0,3.5,50.0,,26,0
152.6,16:23:22,2396715729,1076443215,995,867,2019086,0,168,0,17,1,-43.0,72.2,72.2,0,0,2.9,50.0,,26,0
153.7,16:23:23,2396715729,1076443413,0,198,2019086,0,168,0,17,1,-42.0,72.2,72.2,0,0,3.1,49.0,,27,0
154.7,16:23:24,2396715979,1076444032,250,619,2019087,0,168,0,17,1,-42.0,72.2,72.2,0,0,2.9,48.0,,26,0
155.7,16:23:25,2396716403,1076444584,424,552,2019089,0,168,0,17,1,-44.0,72.2,65.0,0,0,2.9,49.0,,26,0
156.7,16:23:26,2396716403,1076445112,0,528,2019089,0,168,0,17,1,-41.0,72.2,72.2,0,0,2.9,49.0,,26,0
157.7,16:23:27,2396830495,1076446649,114092,1537,2019166,0,168,0,17,1,-46.0,72.2,72.2,3,0,6.0,52.0,,26,0
158.7,16:23:28,2396830495,1076446913,0,264,2019166,0,168,0,17,1,-43.0,72.2,72.2,0,0,3.1,49.0,,26,0
159.7,16:23:29,2396830495,1076447309,0,396,2019166,0,168,0,17,1,-42.0,72.2,72.2,0,0,3.1,49.0,,26,0
160.7,16:23:30,2396830495,1076447441,0,132,2019166,0,168,0,17,1,-41.0,72.2,72.2,0,0,3.0,49.0,,26,0
161.8,16:23:31,2396830495,1076447639,0,198,2019166,0,168,0,17,1,-41.0,72.2,72.2,0,0,2.7,50.0,,27,0
162.8,16:23:32,2396831749,1076448975,1254,1336,2019179,0,168,0,17,1,-42.0,72.2,72.2,0,0,6.0,50.0,,26,0
163.8,16:23:33,2396831749,1076449371,0,396,2019179,0,168,0,17,1,-41.0,72.2,72.2,0,0,5.5,51.0,,27,0
164.8,16:23:34,2396831749,1076449635,0,264,2019179,0,168,0,17,1,-41.0,72.2,72.2,0,0,4.9,50.0,,27,0
165.8,16:23:35,2396831749,1076449701,0,66,2019179,0,168,0,17,1,-42.0,72.2,72.2,0,0,4.8,49.0,,26,0
166.8,16:23:36,2396831749,1076449833,0,132,2019179,0,168,0,17,1,-42.0,72.2,72.2,0,0,4.8,50.0,,27,0
167.8,16:23:37,2396946335,1076451172,114586,1339,2019257,0,168,0,17,1,-42.0,72.2,72.2,1,0,7.3,50.0,,26,0
168.8,16:23:38,2396946780,1076451724,445,552,2019259,0,168,0,17,1,-42.0,72.2,72.2,0,0,3.4,50.0,,27,0
169.8,16:23:39,2396946780,1076451988,0,264,2019259,0,168,0,17,1,-43.0,72.2,72.2,0,0,3.1,50.0,,27,0
170.8,16:23:40,2396946780,1076452186,0,198,2019259,0,168,0,17,1,-40.0,72.2,72.2,0,0,3.8,50.0,,26,0
171.9,16:23:41,2396946780,1076452516,0,330,2019259,0,168,0,17,1,-42.0,72.2,72.2,0,0,3.2,49.0,,25,0
172.9,16:23:42,2396946780,1076452714,0,198,2019259,0,168,0,17,1,-42.0,72.2,72.2,0,0,3.9,50.0,,26,0
173.9,16:23:43,2396946854,1076452966,74,252,2019260,0,168,0,17,1,-43.0,72.2,72.2,0,0,3.1,49.0,,27,0
174.9,16:23:44,2396946854,1076453164,0,198,2019260,0,168,0,17,1,-42.0,72.2,72.2,0,0,3.9,49.0,,27,0
175.9,16:23:45,2396947104,1076453651,250,487,2019261,0,168,0,17,1,-42.0,72.2,72.2,0,0,3.0,48.0,,26,0
176.9,16:23:46,2396947104,1076453981,0,330,2019261,0,168,0,17,1,-41.0,72.2,72.2,0,0,3.4,48.0,,26,0
177.9,16:23:47,2396947868,1076455316,764,1335,2019266,0,168,0,17,1,-41.0,72.2,72.2,0,0,4.7,48.0,,25,0
178.9,16:23:48,2397065010,1076455994,117142,678,2019343,0,168,0,17,1,-42.0,72.2,72.2,2,0,4.1,49.0,,26,0
179.9,16:23:49,2397065010,1076456192,0,198,2019343,0,168,0,17,1,-42.0,72.2,72.2,0,0,3.7,50.0,,27,0
181.0,16:23:50,2397065010,1076456522,0,330,2019343,0,168,0,17,1,-42.0,72.2,72.2,0,0,3.2,50.0,,26,0
182.0,16:23:51,2397065010,1076456522,0,0,2019343,0,168,0,17,1,-42.0,72.2,72.2,0,0,5.0,50.0,,26,0
183.0,16:23:52,2397065010,1076456654,0,132,2019343,0,168,0,17,1,-41.0,72.2,72.2,0,0,3.5,48.0,,27,0
184.0,16:23:53,2397065724,1076457366,714,712,2019347,0,168,0,17,1,-41.0,65.0,72.2,0,0,4.0,49.0,,27,0
185.0,16:23:54,2397065724,1076457696,0,330,2019347,0,168,0,17,1,-42.0,65.0,72.2,0,0,5.2,50.0,,26,0
186.0,16:23:55,2397065724,1076457696,0,0,2019347,0,168,0,17,1,-42.0,65.0,72.2,0,0,4.0,50.0,,27,0
187.0,16:23:56,2397065724,1076458026,0,330,2019347,0,168,0,17,1,-42.0,65.0,72.2,0,0,4.6,49.0,,26,0
188.0,16:23:57,2397065724,1076458290,0,264,2019347,0,168,0,17,1,-42.0,65.0,72.2,0,0,4.5,50.0,,27,0
189.0,16:23:58,2397179816,1076459629,114092,1339,2019424,0,168,0,17,1,-42.0,72.2,72.2,0,0,7.8,51.0,,27,0
190.1,16:23:59,2397179816,1076459959,0,330,2019424,0,168,0,17,1,-41.0,72.2,72.2,0,0,4.9,50.0,,28,0
191.1,16:24:00,2397179816,1076460355,0,396,2019424,0,168,0,17,1,-42.0,72.2,72.2,0,0,4.4,49.0,,27,0
192.1,16:24:01,2397179816,1076460553,0,198,2019424,0,168,0,17,1,-41.0,72.2,72.2,0,0,4.1,50.0,,26,0
193.1,16:24:02,2397180996,1076461835,1180,1282,2019436,0,168,0,17,1,-42.0,72.2,72.2,2,0,5.1,49.0,,27,0
194.1,16:24:03,2397181070,1076462153,74,318,2019437,0,168,0,17,1,-43.0,72.2,72.2,0,0,5.1,49.0,,26,0
195.1,16:24:04,2397181070,1076462219,0,66,2019437,0,168,0,17,1,-42.0,72.2,72.2,0,0,4.9,50.0,,27,0
196.1,16:24:05,2397181144,1076462537,74,318,2019438,0,168,0,17,1,-42.0,72.2,72.2,0,0,7.4,50.0,,27,0
197.1,16:24:06,2397181144,1076462867,0,330,2019438,0,168,0,17,1,-41.0,72.2,72.2,0,0,4.1,50.0,,26,0
198.1,16:24:07,2397181144,1076462933,0,66,2019438,0,168,0,17,1,-42.0,72.2,72.2,0,0,3.1,50.0,,26,0
199.2,16:24:08,2397295656,1076464482,114512,1549,2019515,0,168,0,17,1,-43.0,72.2,72.2,1,0,6.1,52.0,,26,0
200.2,16:24:09,2397295656,1076464614,0,132,2019515,0,168,0,17,1,-42.0,72.2,72.2,0,0,3.2,49.0,,27,0
201.2,16:24:10,2397295656,1076464746,0,132,2019515,0,168,0,17,1,-42.0,72.2,72.2,0,0,3.1,50.0,,27,0
202.2,16:24:11,2397295656,1076464944,0,198,2019515,0,168,0,17,1,-41.0,72.2,72.2,0,0,4.4,48.0,,27,0
203.2,16:24:12,2397295656,1076465142,0,198,2019515,0,168,0,17,1,-42.0,72.2,72.2,0,0,5.5,50.0,,26,0
204.2,16:24:13,2397295730,1076465196,74,54,2019516,0,168,0,17,1,-43.0,72.2,72.2,0,0,4.2,50.0,,27,0
205.2,16:24:14,2397295730,1076465592,0,396,2019516,0,168,0,17,1,-42.0,72.2,72.2,0,0,4.2,50.0,,28,0
206.2,16:24:15,2397295730,1076465856,0,264,2019516,0,168,0,17,1,-42.0,72.2,72.2,0,0,5.1,50.0,,27,0
207.2,16:24:16,2397295730,1076465856,0,0,2019516,0,168,0,17,1,-42.0,72.2,72.2,0,0,4.9,50.0,,26,0
208.3,16:24:18,2397295730,1076466120,0,264,2019516,0,168,0,17,1,-42.0,72.2,72.2,0,0,5.1,50.0,,26,0
209.3,16:24:19,2397413154,1076467582,117424,1462,2019597,0,168,0,17,1,-42.0,72.2,72.2,0,0,8.0,50.0,,27,0
210.3,16:24:20,2397413654,1076467932,500,350,2019600,0,168,0,17,1,-41.0,72.2,72.2,0,0,4.9,49.0,,27,0
211.3,16:24:21,2397413654,1076468196,0,264,2019600,0,168,0,17,1,-42.0,72.2,72.2,0,0,4.9,48.0,,26,0
212.3,16:24:22,2397413654,1076468460,0,264,2019600,0,168,0,17,1,-41.0,72.2,72.2,0,0,6.1,50.0,,26,0
213.3,16:24:23,2397413654,1076468658,0,198,2019600,0,168,0,17,1,-42.0,72.2,72.2,0,0,5.5,50.0,,27,0
214.3,16:24:24,2397413654,1076468790,0,132,2019600,0,168,0,17,1,-41.0,72.2,72.2,0,0,3.1,49.0,,27,0
215.3,16:24:25,2397413728,1076468976,74,186,2019601,0,168,0,17,1,-42.0,72.2,72.2,0,0,3.5,50.0,,26,0
216.3,16:24:26,2397413728,1076469108,0,132,2019601,0,168,0,17,1,-42.0,72.2,72.2,0,0,3.1,50.0,,26,0
217.4,16:24:27,2397413728,1076469438,0,330,2019601,0,168,0,17,1,-41.0,72.2,72.2,0,0,4.0,50.0,,27,0
218.4,16:24:28,2397413728,1076469636,0,198,2019601,0,168,0,17,1,-42.0,72.2,72.2,0,0,4.3,50.0,,27,0
219.4,16:24:29,2397530098,1076470784,116370,1148,2019681,0,168,0,17,1,-42.0,72.2,72.2,2,0,5.7,49.0,,26,0
220.4,16:24:30,2397532468,1076471444,2370,660,2019683,0,168,0,17,1,-41.0,72.2,72.2,2,0,3.0,49.0,,26,0
221.4,16:24:31,2397532468,1076471576,0,132,2019683,0,168,0,17,1,-42.0,72.2,72.2,0,0,5.2,50.0,,26,0
222.4,16:24:32,2397532468,1076471708,0,132,2019683,0,168,0,17,1,-42.0,72.2,72.2,0,0,5.4,50.0,,27,0
223.4,16:24:33,2397533736,1076472660,1268,952,2019696,0,168,0,17,1,-41.0,65.0,72.2,1,0,4.5,50.0,,26,0
224.4,16:24:34,2397533736,1076472924,0,264,2019696,0,168,0,17,1,-41.0,65.0,72.2,0,0,4.6,50.0,,27,0
225.4,16:24:35,2397533810,1076473044,74,120,2019697,0,168,0,17,1,-41.0,72.2,72.2,0,0,4.8,49.0,,27,0
226.5,16:24:36,2397534466,1076473323,656,279,2019699,0,168,0,17,1,-41.0,72.2,72.2,0,0,3.9,50.0,,26,0
227.5,16:24:37,2397534540,1076473575,74,252,2019700,0,168,0,17,1,-42.0,72.2,72.2,0,0,4.1,49.0,,27,0
228.5,16:24:38,2397534761,1076473707,221,132,2019701,0,168,0,17,1,-40.0,72.2,72.2,0,0,4.2,48.0,,26,0
229.5,16:24:39,2397534921,1076474602,160,895,2019703,0,168,0,17,1,-42.0,72.2,72.2,0,0,4.9,49.0,,26,0
230.5,16:24:40,2397650109,1076475202,115188,600,2019779,0,168,0,17,1,-42.0,72.2,72.2,4,0,6.0,50.0,,26,0
231.5,16:24:41,2397650109,1076475268,0,66,2019779,0,168,0,17,1,-40.0,72.2,72.2,0,0,4.4,50.0,,27,0
232.5,16:24:42,2397650109,1076475466,0,198,2019779,0,168,0,17,1,-42.0,72.2,72.2,0,0,5.9,49.0,,27,0
233.5,16:24:43,2397650109,1076475532,0,66,2019779,0,168,0,17,1,-41.0,72.2,72.2,0,0,4.9,49.0,,25,0
234.5,16:24:44,2397650109,1076475862,0,330,2019779,0,168,0,17,1,-42.0,72.2,72.2,0,0,5.2,50.0,,26,0
235.5,16:24:45,2397650183,1076475982,74,120,2019780,0,168,0,17,1,-42.0,72.2,72.2,0,0,5.4,49.0,,26,0
236.6,16:24:46,2397650183,1076476114,0,132,2019780,0,168,0,17,1,-42.0,72.2,72.2,0,0,3.8,48.0,,26,0
237.6,16:24:47,2397650183,1076476246,0,132,2019780,0,168,0,17,1,-42.0,72.2,72.2,0,0,4.5,50.0,,25,0
238.6,16:24:48,2397650725,1076476590,542,344,2019783,0,168,0,17,1,-42.0,65.0,72.2,0,0,6.1,50.0,,26,0
239.6,16:24:49,2397651343,1076477068,618,478,2019785,0,168,0,17,1,-41.0,65.0,72.2,0,0,5.5,50.0,,26,0
240.6,16:24:50,2397765965,1076478553,114622,1485,2019864,0,168,0,17,1,-42.0,72.2,72.2,2,0,7.0,52.0,,27,0
241.6,16:24:51,2397765965,1076478949,0,396,2019864,0,168,0,17,1,-42.0,72.2,72.2,0,0,3.3,50.0,,28,0
242.6,16:24:52,2397765965,1076479213,0,264,2019864,0,168,0,17,1,-42.0,72.2,72.2,0,0,4.5,50.0,,27,0
243.6,16:24:53,2397765965,1076479411,0,198,2019864,0,168,0,17,1,-42.0,72.2,72.2,0,0,3.8,49.0,,26,0
244.6,16:24:54,2397765965,1076479477,0,66,2019864,0,168,0,17,1,-39.0,72.2,72.2,0,0,4.6,50.0,,27,0
245.7,16:24:55,2397766039,1076479663,74,186,2019865,0,168,0,17,1,-42.0,72.2,72.2,0,0,4.1,50.0,,26,0
246.7,16:24:56,2397766039,1076479795,0,132,2019865,0,168,0,17,1,-41.0,72.2,72.2,0,0,4.8,51.0,,27,0
247.7,16:24:57,2397766039,1076480059,0,264,2019865,0,168,0,17,1,-42.0,72.2,72.2,0,0,4.6,49.0,,27,0
248.7,16:24:58,2397766039,1076480257,0,198,2019865,0,168,0,17,1,-41.0,72.2,72.2,0,0,5.6,50.0,,26,0
249.7,16:24:59,2397766039,1076480389,0,132,2019865,0,168,0,17,1,-42.0,72.2,72.2,0,0,4.8,50.0,,27,0
250.7,16:25:00,2397879091,1076481554,113052,1165,2019942,0,168,0,17,1,-42.0,72.2,72.2,2,0,6.4,50.0,,27,0
251.7,16:25:01,2397879091,1076481752,0,198,2019942,0,168,0,17,1,-42.0,72.2,72.2,0,0,5.0,49.0,,27,0
252.7,16:25:02,2397879091,1076481752,0,0,2019942,0,168,0,17,1,-42.0,72.2,72.2,0,0,4.7,50.0,,27,0
253.7,16:25:03,2397880271,1076482968,1180,1216,2019954,0,168,0,17,1,-42.0,72.2,72.2,0,0,5.5,49.0,,26,0
254.7,16:25:04,2397880271,1076483166,0,198,2019954,0,168,0,17,1,-42.0,72.2,72.2,0,0,4.0,51.0,,27,0
255.8,16:25:05,2397880271,1076483364,0,198,2019954,0,168,0,17,1,-41.0,72.2,72.2,0,0,5.0,51.0,,26,0
256.8,16:25:06,2397880345,1076483418,74,54,2019955,0,168,0,17,1,-42.0,72.2,72.2,0,0,3.6,50.0,,27,0
257.8,16:25:07,2397880345,1076483616,0,198,2019955,0,168,0,17,1,-42.0,72.2,72.2,0,0,14.3,56.0,,26,0
258.8,16:25:08,2397880345,1076483748,0,132,2019955,0,168,0,17,1,-42.0,72.2,72.2,0,0,4.8,51.0,,27,0
259.8,16:25:09,2397880345,1076483946,0,198,2019955,0,168,0,17,1,-42.0,72.2,72.2,0,0,4.2,50.0,,28,0
260.8,16:25:10,2397994931,1076485495,114586,1549,2020033,0,168,0,17,1,-42.0,72.2,72.2,2,0,6.0,50.0,,27,0
261.8,16:25:11,2397995181,1076485850,250,355,2020034,0,168,0,17,1,-42.0,72.2,72.2,0,0,3.9,49.0,,26,0
262.8,16:25:12,2397995181,1076486180,0,330,2020034,0,168,0,17,1,-42.0,72.2,72.2,0,0,4.6,51.0,,27,0
263.8,16:25:13,2397995181,1076486378,0,198,2020034,0,168,0,17,1,-42.0,72.2,72.2,0,0,4.2,49.0,,28,0
264.9,16:25:14,2397995181,1076486576,0,198,2020034,0,168,0,17,1,-42.0,72.2,72.2,0,0,3.3,49.0,,27,0
265.9,16:25:15,2397995181,1076486708,0,132,2020034,0,168,0,17,1,-42.0,72.2,72.2,0,0,3.8,49.0,,26,0
266.9,16:25:16,2397995317,1076486936,136,228,2020036,0,168,0,17,1,-42.0,72.2,72.2,0,0,5.6,50.0,,26,0
267.9,16:25:17,2397995317,1076487134,0,198,2020036,0,168,0,17,1,-42.0,72.2,72.2,0,0,4.1,50.0,,27,0
268.9,16:25:18,2397995317,1076487266,0,132,2020036,0,168,0,17,1,-42.0,72.2,72.2,0,0,4.2,49.0,,26,0
269.9,16:25:19,2397995957,1076487528,640,262,2020039,0,168,0,17,1,-42.0,72.2,72.2,0,0,5.0,49.0,,26,0
270.9,16:25:20,2397996117,1076488489,160,961,2020041,0,168,0,17,1,-42.0,72.2,72.2,0,0,5.9,50.0,,27,0
271.9,16:25:21,2398111725,1076488969,115608,480,2020117,0,168,0,17,1,-42.0,72.2,72.2,0,0,6.1,51.0,,26,0
272.9,16:25:22,2398111725,1076489167,0,198,2020117,0,168,0,17,1,-42.0,72.2,72.2,0,0,4.8,50.0,,27,0
273.9,16:25:23,2398111725,1076489365,0,198,2020117,0,168,0,17,1,-41.0,72.2,72.2,0,0,4.9,49.0,,27,0
275.0,16:25:24,2398111725,1076489629,0,264,2020117,0,168,0,17,1,-40.0,72.2,65.0,0,0,3.0,49.0,,26,0
276.0,16:25:25,2398111725,1076489695,0,66,2020117,0,168,0,17,1,-41.0,72.2,72.2,0,0,5.9,49.0,,27,0
277.0,16:25:26,2398111799,1076489947,74,252,2020118,0,168,0,17,1,-42.0,72.2,72.2,0,0,5.3,49.0,,27,0
278.0,16:25:27,2398111799,1076490013,0,66,2020118,0,168,0,17,1,-42.0,72.2,72.2,0,0,4.9,49.0,,26,0
279.0,16:25:28,2398112150,1076490231,351,218,2020120,0,168,0,17,1,-42.0,72.2,72.2,0,0,4.5,49.0,,26,0
280.0,16:25:29,2398112489,1076490528,339,297,2020122,0,168,0,17,1,-41.0,72.2,72.2,0,0,3.7,49.0,,27,0
281.0,16:25:30,2398112489,1076490726,0,198,2020122,0,168,0,17,1,-42.0,72.2,72.2,0,0,6.8,49.0,,26,0
282.0,16:25:31,2398225541,1076492065,113052,1339,2020199,0,168,0,17,1,-40.0,72.2,72.2,0,0,6.7,50.0,,26,0
283.0,16:25:32,2398225791,1076492420,250,355,2020200,0,168,0,17,1,-42.0,72.2,72.2,0,0,4.3,49.0,,27,0
284.1,16:25:33,2398226971,1076493570,1180,1150,2020212,0,168,0,17,1,-42.0,72.2,72.2,1,0,5.6,49.0,,27,0
285.1,16:25:34,2398226971,1076493768,0,198,2020212,0,168,0,17,1,-41.0,72.2,65.0,0,0,4.8,50.0,,26,0
286.1,16:25:35,2398226971,1076493966,0,198,2020212,0,168,0,17,1,-42.0,72.2,72.2,0,0,3.6,48.0,,27,0
287.1,16:25:36,2398227045,1076494086,74,120,2020213,0,168,0,17,1,-40.0,72.2,72.2,0,0,4.1,49.0,,26,0
288.1,16:25:37,2398227045,1076494218,0,132,2020213,0,168,0,17,1,-41.0,72.2,72.2,0,0,5.0,49.0,,27,0
289.1,16:25:38,2398227045,1076494350,0,132,2020213,0,168,0,17,1,-42.0,72.2,72.2,0,0,4.1,49.0,,26,0
290.1,16:25:39,2398227045,1076494482,0,132,2020213,0,168,0,17,1,-43.0,72.2,72.2,0,0,5.2,49.0,,27,0
291.1,16:25:40,2398227045,1076494614,0,132,2020213,0,168,0,17,1,-41.0,72.2,72.2,0,0,4.4,50.0,,27,0
292.1,16:25:41,2398341631,1076496019,114586,1405,2020291,0,168,0,17,1,-41.0,72.2,72.2,0,0,7.1,56.0,,26,0
293.1,16:25:42,2398341631,1076496085,0,66,2020291,0,168,0,17,1,-42.0,72.2,72.2,0,0,5.1,49.0,,27,0
294.2,16:25:43,2398341631,1076496283,0,198,2020291,0,168,0,17,1,-42.0,72.2,72.2,0,0,4.1,49.0,,27,0
295.2,16:25:44,2398342055,1076496703,424,420,2020293,0,168,0,17,1,-42.0,72.2,72.2,0,0,3.9,48.0,,26,0
296.2,16:25:45,2398342055,1076497033,0,330,2020293,0,168,0,17,1,-42.0,72.2,72.2,0,0,5.9,50.0,,26,0
297.2,16:25:46,2398342129,1076497153,74,120,2020294,0,168,0,17,1,-42.0,72.2,72.2,0,0,4.6,49.0,,27,0
298.2,16:25:47,2398342129,1076497483,0,330,2020294,0,168,0,17,1,-42.0,72.2,72.2,0,0,5.0,50.0,,26,0
299.2,16:25:48,2398342129,1076497549,0,66,2020294,0,168,0,17,1,-41.0,72.2,72.2,0,0,5.2,50.0,,27,0
300.2,16:25:49,2398342129,1076497549,0,0,2020294,0,168,0,17,1,-41.0,72.2,72.2,0,0,22.8,55.0,,26,0
301.2,16:25:50,2398342129,1076497549,0,0,2020294,0,168,0,17,1,-41.0,72.2,72.2,0,0,4.1,50.0,,27,0
302.3,16:25:52,2398457245,1076499328,115116,1779,2020374,0,168,0,17,1,-41.0,65.0,72.2,3,0,6.1,50.0,,28,0
303.3,16:25:53,2398457245,1076499592,0,264,2020374,0,168,0,17,1,-40.0,65.0,72.2,0,0,3.5,49.0,,28,0
304.3,16:25:54,2398457495,1076499749,250,157,2020375,0,168,0,17,1,-41.0,65.0,72.2,0,0,4.9,50.0,,27,0
305.3,16:25:55,2398457495,1076500145,0,396,2020375,0,168,0,17,1,-41.0,65.0,72.2,0,0,3.4,50.0,,27,0
306.3,16:25:56,2398457495,1076500343,0,198,2020375,0,168,0,17,1,-41.0,65.0,72.2,0,0,3.2,50.0,,27,0
307.3,16:25:57,2398457569,1076500595,74,252,2020376,0,168,0,17,1,-41.0,72.2,72.2,0,0,3.0,50.0,,26,0
308.3,16:25:58,2398457569,1076500595,0,0,2020376,0,168,0,17,1,-41.0,72.2,72.2,0,0,5.1,50.0,,27,0
309.3,16:25:59,2398457569,1076500925,0,330,2020376,0,168,0,17,1,-42.0,72.2,72.2,0,0,3.1,50.0,,27,0
310.3,16:26:00,2398457569,1076501123,0,198,2020376,0,168,0,17,1,-41.0,72.2,72.2,0,0,4.9,50.0,,26,0
311.4,16:26:01,2398458646,1076504360,1077,3237,2020381,0,168,0,17,1,-40.0,72.2,72.2,0,0,3.1,49.0,,27,0
312.4,16:26:02,2398572358,1076520217,113712,15857,2020460,0,168,0,17,1,-40.0,72.2,72.2,1,0,6.1,50.0,,27,0
313.4,16:26:03,2398572358,1076532105,0,11888,2020460,0,168,0,17,1,-40.0,72.2,72.2,0,0,3.1,49.0,,26,0
314.4,16:26:04,2398573538,1076534547,1180,2442,2020472,0,168,0,17,1,-41.0,72.2,72.2,1,0,3.6,49.0,,27,0
315.4,16:26:05,2398573538,1076545011,0,10464,2020472,0,168,0,17,1,-41.0,72.2,72.2,0,0,3.4,49.0,,26,0
316.4,16:26:06,2398573538,1076546501,0,1490,2020472,0,168,0,17,1,-41.0,72.2,72.2,0,0,4.3,50.0,,26,0
317.4,16:26:07,2398573538,1076546963,0,462,2020472,0,168,0,17,1,-41.0,72.2,72.2,0,0,3.8,49.0,,27,0
318.4,16:26:08,2398573612,1076547149,74,186,2020473,0,168,0,17,1,-41.0,72.2,72.2,0,0,4.9,51.0,,26,0
319.4,16:26:09,2398573612,1076557745,0,10596,2020473,0,168,0,17,1,-41.0,72.2,72.2,0,0,4.2,48.0,,27,0
320.5,16:26:10,2398573612,1076557877,0,132,2020473,0,168,0,17,1,-41.0,72.2,72.2,0,0,3.2,50.0,,25,0
321.5,16:26:11,2398573612,1076559119,0,1242,2020473,0,168,0,17,1,-41.0,72.2,72.2,0,0,3.2,50.0,,26,0
322.5,16:26:12,2398573846,1076563662,234,4543,2020476,0,168,0,17,1,-41.0,72.2,72.2,0,0,4.8,48.0,,26,0
323.5,16:26:13,2398686664,1076564076,112818,414,2020550,0,168,0,17,1,-41.0,72.2,72.2,0,0,6.1,49.0,,25,0
324.5,16:26:14,2398686664,1076564076,0,0,2020550,0,168,0,17,1,-41.0,72.2,72.2,0,0,5.9,50.0,,27,0
325.5,16:26:15,2398686914,1076564365,250,289,2020551,0,168,0,17,1,-41.0,72.2,72.2,0,0,5.1,50.0,,27,0
326.5,16:26:16,2398687157,1076564774,243,409,2020552,0,168,0,17,1,-41.0,72.2,72.2,0,0,5.9,50.0,,27,0
327.5,16:26:17,2398687157,1076565302,0,528,2020552,0,168,0,17,1,-41.0,72.2,72.2,0,0,3.5,50.0,,26,0
328.5,16:26:18,2398687231,1076565488,74,186,2020553,0,168,0,17,1,-41.0,72.2,72.2,0,0,3.2,50.0,,27,0
329.6,16:26:19,2398687231,1076565752,0,264,2020553,0,168,0,17,1,-40.0,72.2,72.2,0,0,3.8,49.0,,26,0
330.6,16:26:20,2398687231,1076565818,0,66,2020553,0,168,0,17,1,-41.0,72.2,72.2,0,0,6.5,50.0,,27,0
331.6,16:26:21,2398687231,1076566082,0,264,2020553,0,168,0,17,1,-41.0,72.2,72.2,0,0,3.6,50.0,,27,0
332.6,16:26:22,2398687231,1076566280,0,198,2020553,0,168,0,17,1,-41.0,72.2,72.2,0,0,3.1,50.0,,26,0
333.6,16:26:23,2398802029,1076567850,114798,1570,2020632,0,168,0,17,1,-41.0,72.2,72.2,1,0,7.4,50.0,,26,0
334.6,16:26:24,2398802029,1076568246,0,396,2020632,0,168,0,17,1,-41.0,72.2,72.2,0,0,5.1,49.0,,27,0
335.6,16:26:25,2398802029,1076568312,0,66,2020632,0,168,0,17,1,-41.0,72.2,72.2,0,0,3.8,49.0,,26,0
336.6,16:26:26,2398802029,1076568708,0,396,2020632,0,168,0,17,1,-41.0,72.2,72.2,0,0,3.1,49.0,,26,0
337.6,16:26:27,2398802029,1076568774,0,66,2020632,0,168,0,17,1,-41.0,72.2,72.2,0,0,3.8,50.0,,26,0
338.7,16:26:28,2398802103,1076568894,74,120,2020633,0,168,0,17,1,-40.0,72.2,72.2,0,0,4.3,49.0,,26,0
339.7,16:26:29,2398802103,1076568960,0,66,2020633,0,168,0,17,1,-41.0,72.2,72.2,0,0,4.4,49.0,,27,0
340.7,16:26:30,2398802103,1076569290,0,330,2020633,0,168,0,17,1,-41.0,72.2,72.2,0,0,3.1,49.0,,26,0
341.7,16:26:31,2398802103,1076569356,0,66,2020633,0,168,0,17,1,-41.0,72.2,72.2,0,0,3.9,50.0,,27,0
342.7,16:26:32,2398802755,1076569660,652,304,2020636,0,168,0,17,1,-41.0,72.2,72.2,0,0,4.1,49.0,,26,0
343.7,16:26:33,2398917862,1076571305,115107,1645,2020715,0,168,0,17,1,-41.0,72.2,72.2,1,0,8.2,51.0,,26,0
344.7,16:26:34,2398919042,1076572587,1180,1282,2020727,0,168,0,17,1,-41.0,72.2,72.2,1,0,3.0,50.0,,27,0
345.7,16:26:35,2398919042,1076572653,0,66,2020727,0,168,0,17,1,-41.0,72.2,72.2,0,0,3.5,50.0,,27,0
346.7,16:26:36,2398919042,1076572983,0,330,2020727,0,168,0,17,1,-42.0,72.2,72.2,0,0,3.1,49.0,,26,0
347.8,16:26:37,2398919292,1076573363,250,380,2020728,0,168,0,17,1,-41.0,72.2,72.2,1,0,5.5,49.0,,26,0
348.8,16:26:38,2398919366,1076573813,74,450,2020729,0,168,0,17,1,-41.0,72.2,72.2,0,0,3.4,49.0,,26,0
349.8,16:26:39,2398919366,1076573879,0,66,2020729,0,168,0,17,1,-41.0,72.2,72.2,0,0,4.0,48.0,,26,0
350.8,16:26:40,2398919366,1076574275,0,396,2020729,0,168,0,17,1,-41.0,72.2,72.2,0,0,4.9,50.0,,25,0
351.8,16:26:41,2398919717,1076574493,351,218,2020731,0,168,0,17,1,-41.0,72.2,72.2,0,0,4.9,50.0,,26,0
352.8,16:26:42,2398920056,1076574790,339,297,2020733,0,168,0,17,1,-42.0,72.2,72.2,0,0,5.5,49.0,,27,0
353.8,16:26:43,2399033108,1076576063,113052,1273,2020810,0,168,0,17,1,-41.0,72.2,72.2,2,0,5.9,49.0,,27,0
354.8,16:26:44,2399033108,1076576591,0,528,2020810,0,168,0,17,1,-41.0,72.2,72.2,0,0,2.6,49.0,,27,0
355.8,16:26:45,2399033108,1076576855,0,264,2020810,0,168,0,17,1,-41.0,72.2,72.2,0,0,3.4,50.0,,26,0
356.8,16:26:46,2399033108,1076576987,0,132,2020810,0,168,0,17,1,-41.0,72.2,72.2,0,0,5.6,49.0,,26,0
357.8,16:26:47,2399033108,1076577317,0,330,2020810,0,168,0,17,1,-41.0,72.2,72.2,0,0,4.5,48.0,,26,0
358.9,16:26:48,2399033182,1076577635,74,318,2020811,0,168,0,17,1,-40.0,72.2,72.2,0,0,4.5,50.0,,26,0
359.9,16:26:49,2399033182,1076577701,0,66,2020811,0,168,0,17,1,-41.0,72.2,72.2,0,0,4.5,49.0,,26,0
360.9,16:26:50,2399033182,1076577899,0,198,2020811,0,168,0,17,1,-39.0,72.2,72.2,0,0,6.8,50.0,,26,0
361.9,16:26:51,2399033182,1076578163,0,264,2020811,0,168,0,17,1,-41.0,72.2,72.2,0,0,5.7,50.0,,27,0
362.9,16:26:52,2399033182,1076578295,0,132,2020811,0,168,0,17,1,-41.0,72.2,72.2,0,0,5.5,49.0,,26,0
363.9,16:26:53,2399033946,1076579366,764,1071,2020816,0,168,0,17,1,-41.0,65.0,72.2,1,0,6.1,50.0,,26,0
364.9,16:26:54,2399146764,1076579756,112818,390,2020890,0,168,0,17,1,-40.0,65.0,72.2,0,0,6.2,50.0,,27,0
365.9,16:26:55,2399146764,1076579756,0,0,2020890,0,168,0,17,1,-40.0,65.0,72.2,0,0,3.9,50.0,,27,0
366.9,16:26:56,2399146764,1076579888,0,132,2020890,0,168,0,17,1,-39.0,65.0,72.2,0,0,3.0,50.0,,26,0
368.0,16:26:57,2399146764,1076580020,0,132,2020890,0,168,0,17,1,-40.0,65.0,72.2,0,0,3.0,50.0,,25,0
369.0,16:26:58,2399147014,1076580532,250,512,2020891,0,168,0,17,1,-40.0,72.2,72.2,0,0,3.2,51.0,,27,0
370.0,16:26:59,2399147088,1076580850,74,318,2020892,0,168,0,17,1,-38.0,65.0,65.0,0,0,3.2,49.0,,26,0
371.0,16:27:00,2399147088,1076580916,0,66,2020892,0,168,0,17,1,-40.0,65.0,72.2,0,0,5.1,48.0,,25,0
372.0,16:27:01,2399147088,1076581048,0,132,2020892,0,168,0,17,1,-40.0,65.0,72.2,0,0,3.1,49.0,,26,0
373.0,16:27:02,2399147088,1076581048,0,0,2020892,0,168,0,17,1,-40.0,65.0,72.2,0,0,2.9,50.0,,26,0
374.0,16:27:03,2399147248,1076581234,160,186,2020894,0,168,0,17,1,-40.0,72.2,72.2,0,0,3.9,49.0,,26,0
375.0,16:27:04,2399262854,1076583549,115606,2315,2020982,0,168,0,17,1,-40.0,72.2,72.2,2,0,5.9,50.0,,27,0
376.0,16:27:05,2399262854,1076584011,0,462,2020982,0,168,0,17,1,-41.0,72.2,72.2,0,0,3.5,49.0,,27,0
377.1,16:27:06,2399262854,1076584143,0,132,2020982,0,168,0,17,1,-39.0,72.2,72.2,0,0,3.9,49.0,,27,0
378.1,16:27:07,2399262854,1076584407,0,264,2020982,0,168,0,17,1,-41.0,72.2,72.2,0,0,4.7,49.0,,25,0
379.1,16:27:08,2399262854,1076584539,0,132,2020982,0,168,0,17,1,-40.0,72.2,72.2,0,0,3.8,50.0,,26,0
380.1,16:27:09,2399262928,1076584593,74,54,2020983,0,168,0,17,1,-39.0,72.2,72.2,0,0,3.1,50.0,,26,0
381.1,16:27:10,2399263254,1076584957,326,364,2020984,0,168,0,17,1,-40.0,72.2,72.2,0,0,3.0,49.0,,27,0
382.1,16:27:11,2399263254,1076585353,0,396,2020984,0,168,0,17,1,-41.0,72.2,72.2,0,0,4.7,50.0,,26,0
383.1,16:27:12,2399263254,1076585419,0,66,2020984,0,168,0,17,1,-40.0,72.2,72.2,0,0,4.4,50.0,,27,0
384.1,16:27:13,2399263254,1076585683,0,264,2020984,0,168,0,17,1,-41.0,72.2,72.2,0,0,3.1,49.0,,27,0
385.1,16:27:14,2399377840,1076586836,114586,1153,2021062,0,168,0,17,1,-42.0,72.2,72.2,1,0,8.7,51.0,,26,0
386.2,16:27:15,2399377840,1076586902,0,66,2021062,0,168,0,17,1,-41.0,72.2,72.2,0,0,5.0,51.0,,27,0
387.2,16:27:16,2399377840,1076586902,0,0,2021062,0,168,0,17,1,-41.0,72.2,72.2,0,0,7.0,51.0,,27,0
388.2,16:27:17,2399377840,1076587100,0,198,2021062,0,168,0,17,1,-41.0,72.2,72.2,0,0,6.4,49.0,,26,0
389.2,16:27:18,2399377840,1076587232,0,132,2021062,0,168,0,17,1,-42.0,72.2,72.2,0,0,5.0,50.0,,27,0
390.2,16:27:19,2399377914,1076587666,74,434,2021064,0,168,0,17,1,-41.0,72.2,72.2,0,0,3.9,49.0,,26,0
391.2,16:27:20,2399378164,1076587864,250,198,2021064,0,168,0,17,1,-42.0,72.2,72.2,0,0,5.3,49.0,,26,0
392.2,16:27:21,2399378164,1076587930,0,66,2021064,0,168,0,17,1,-42.0,72.2,72.2,0,0,17.6,55.0,,27,0
393.2,16:27:22,2399378164,1076587996,0,66,2021064,0,168,0,17,1,-41.0,72.2,72.2,0,0,7.5,51.0,,27,0
394.3,16:27:24,2399378164,1076587996,0,0,2021064,0,168,0,17,1,-41.0,72.2,72.2,0,0,5.2,49.0,,28,0
395.3,16:27:25,2399491216,1076589083,113052,1087,2021141,0,168,0,17,1,-41.0,72.2,72.2,0,0,12.2,50.0,,27,0
396.3,16:27:26,2399491216,1076589413,0,330,2021141,0,168,0,17,1,-41.0,72.2,72.2,0,0,5.0,51.0,,27,0
397.3,16:27:27,2399491466,1076589900,250,487,2021142,0,168,0,17,1,-41.0,72.2,72.2,0,0,7.1,50.0,,28,0
398.3,16:27:28,2399491696,1076590454,230,554,2021143,0,168,0,17,1,-42.0,72.2,72.2,0,0,5.4,51.0,,27,0
399.3,16:27:29,2399491696,1076590718,0,264,2021143,0,168,0,17,1,-41.0,72.2,72.2,0,0,6.4,50.0,,26,0
400.3,16:27:30,2399491770,1076591036,74,318,2021144,0,168,0,17,1,-40.0,72.2,72.2,0,0,4.9,50.0,,26,0
401.3,16:27:31,2399491770,1076591168,0,132,2021144,0,168,0,17,1,-41.0,72.2,72.2,0,0,6.3,50.0,,26,0
402.3,16:27:32,2399492225,1076591528,455,360,2021145,0,168,0,17,1,-42.0,72.2,72.2,0,0,6.9,51.0,,27,0
403.3,16:27:33,2399492225,1076591792,0,264,2021145,0,168,0,17,1,-42.0,72.2,72.2,0,0,4.8,50.0,,27,0
404.4,16:27:34,2399492225,1076591990,0,198,2021145,0,168,0,17,1,-42.0,72.2,72.2,0,0,6.0,49.0,,26,0
405.4,16:27:35,2399609247,1076594437,117022,2447,2021236,0,168,0,17,1,-41.0,72.2,72.2,4,0,8.6,50.0,,27,0
406.4,16:27:36,2399609247,1076594503,0,66,2021236,0,168,0,17,1,-41.0,72.2,72.2,0,0,4.4,50.0,,27,0
407.4,16:27:37,2399609247,1076594503,0,0,2021236,0,168,0,17,1,-41.0,72.2,72.2,0,0,4.8,49.0,,27,0
408.4,16:27:38,2399609247,1076594569,0,66,2021236,0,168,0,17,1,-42.0,72.2,72.2,0,0,4.4,50.0,,26,0
409.4,16:27:39,2399609247,1076594701,0,132,2021236,0,168,0,17,1,-41.0,72.2,65.0,0,0,5.6,49.0,,27,0
410.4,16:27:40,2399609247,1076594767,0,66,2021236,0,168,0,17,1,-42.0,72.2,72.2,0,0,5.4,50.0,,26,0
411.4,16:27:41,2399609321,1076595085,74,318,2021237,0,168,0,17,1,-41.0,72.2,72.2,0,0,6.5,49.0,,27,0
412.4,16:27:42,2399609571,1076595440,250,355,2021238,0,168,0,17,1,-41.0,72.2,72.2,0,0,5.8,49.0,,26,0
413.5,16:27:43,2399609571,1076595572,0,132,2021238,0,168,0,17,1,-42.0,72.2,72.2,0,0,5.5,50.0,,27,0
414.5,16:27:44,2399609571,1076595572,0,0,2021238,0,168,0,17,1,-42.0,72.2,72.2,0,0,5.8,49.0,,26,0
415.5,16:27:45,2399609805,1076596455,234,883,2021241,0,168,0,17,1,-42.0,72.2,72.2,0,0,7.5,49.0,,27,0
416.5,16:27:46,2399722623,1076596965,112818,510,2021315,0,168,0,17,1,-41.0,72.2,72.2,0,0,6.0,49.0,,27,0
417.5,16:27:47,2399722623,1076597295,0,330,2021315,0,168,0,17,1,-42.0,72.2,72.2,0,0,5.5,49.0,,27,0
418.5,16:27:48,2399723091,1076597915,468,620,2021317,0,168,0,17,1,-42.0,72.2,72.2,0,0,6.5,49.0,,26,0
419.5,16:27:49,2399723341,1076598427,250,512,2021318,0,168,0,17,1,-41.0,72.2,72.2,0,0,5.8,49.0,,27,0
420.5,16:27:50,2399723341,1076598691,0,264,2021318,0,168,0,17,1,-41.0,72.2,72.2,0,0,6.5,49.0,,26,0
421.5,16:27:51,2399723766,1076599161,425,470,2021321,0,168,0,17,1,-41.0,72.2,72.2,2,0,5.7,49.0,,27,0
422.5,16:27:52,2399723766,1076599359,0,198,2021321,0,168,0,17,1,-42.0,72.2,72.2,0,0,4.1,50.0,,26,0
423.6,16:27:53,2399724431,1076599954,665,595,2021324,0,168,0,17,1,-41.0,65.0,72.2,1,0,5.5,48.0,,26,0
424.6,16:27:54,2399724431,1076600350,0,396,2021324,0,168,0,17,1,-41.0,65.0,72.2,0,0,5.1,49.0,,26,0
425.6,16:27:55,2399724431,1076600548,0,198,2021324,0,168,0,17,1,-42.0,65.0,72.2,0,0,5.8,48.0,,26,0
426.6,16:27:56,2399839547,1076602219,115116,1671,2021404,0,168,0,17,1,-42.0,72.2,72.2,4,0,9.6,54.0,,26,0
427.6,16:27:57,2399839547,1076602285,0,66,2021404,0,168,0,17,1,-42.0,72.2,72.2,0,0,5.7,50.0,,25,0
428.6,16:27:58,2399839547,1076602351,0,66,2021404,0,168,0,17,1,-42.0,72.2,72.2,0,0,6.0,50.0,,26,0
429.6,16:27:59,2399839547,1076602417,0,66,2021404,0,168,0,17,1,-42.0,72.2,72.2,0,0,5.1,50.0,,27,0
430.6,16:28:00,2399839547,1076602681,0,264,2021404,0,168,0,17,1,-42.0,72.2,72.2,0,0,5.7,50.0,,26,0
431.6,16:28:01,2399839621,1076602801,74,120,2021405,0,168,0,17,1,-42.0,72.2,72.2,0,0,4.0,50.0,,26,0
432.7,16:28:02,2399839621,1076602933,0,132,2021405,0,168,0,17,1,-42.0,72.2,72.2,0,0,5.3,49.0,,25,0
433.7,16:28:03,2399839871,1076603445,250,512,2021406,0,168,0,17,1,-41.0,72.2,72.2,0,0,5.9,49.0,,26,0
434.7,16:28:04,2399839871,1076603577,0,132,2021406,0,168,0,17,1,-42.0,72.2,72.2,0,0,5.4,49.0,,27,0
435.7,16:28:05,2399841051,1076604529,1180,952,2021418,0,168,0,17,1,-42.0,72.2,72.2,0,0,6.8,49.0,,26,0
436.7,16:28:06,2399954103,1076605922,113052,1393,2021495,0,168,0,17,1,-42.0,72.2,72.2,0,0,6.6,50.0,,26,0
437.7,16:28:07,2399954103,1076606054,0,132,2021495,0,168,0,17,1,-42.0,72.2,72.2,0,0,6.2,49.0,,27,0
438.7,16:28:08,2399954103,1076606384,0,330,2021495,0,168,0,17,1,-41.0,72.2,72.2,0,0,6.2,49.0,,27,0
439.7,16:28:09,2399954103,1076606846,0,462,2021495,0,168,0,17,1,-41.0,72.2,72.2,0,0,6.6,49.0,,26,0
440.7,16:28:10,2399954103,1076607110,0,264,2021495,0,168,0,17,1,-41.0,72.2,72.2,0,0,13.6,50.0,,26,0
441.8,16:28:11,2399954427,1076607519,324,409,2021497,0,168,0,17,1,-41.0,72.2,72.2,0,0,10.9,52.0,,26,0
442.8,16:28:12,2399954427,1076607783,0,264,2021497,0,168,0,17,1,-42.0,72.2,72.2,0,0,6.2,50.0,,27,0
443.8,16:28:13,2399954427,1076607915,0,132,2021497,0,168,0,17,1,-39.0,72.2,72.2,0,0,5.6,50.0,,27,0
444.8,16:28:14,2399954427,1076608113,0,198,2021497,0,168,0,17,1,-41.0,72.2,72.2,0,0,6.5,49.0,,26,0
445.8,16:28:15,2399954427,1076608377,0,264,2021497,0,168,0,17,1,-41.0,72.2,72.2,0,0,7.5,50.0,,27,0
446.8,16:28:16,2400069013,1076609794,114586,1417,2021575,0,168,0,17,1,-42.0,72.2,72.2,0,0,9.1,49.0,,27,0
447.8,16:28:17,2400069013,1076610058,0,264,2021575,0,168,0,17,1,-42.0,72.2,72.2,0,0,5.6,50.0,,26,0
448.8,16:28:18,2400069013,1076610256,0,198,2021575,0,168,0,17,1,-42.0,72.2,72.2,0,0,3.9,50.0,,27,0
449.8,16:28:19,2400069013,1076610454,0,198,2021575,0,168,0,17,1,-41.0,72.2,72.2,0,0,4.4,50.0,,26,0
450.9,16:28:20,2400069013,1076610454,0,0,2021575,0,168,0,17,1,-41.0,72.2,72.2,0,0,6.0,50.0,,27,0
451.9,16:28:21,2400069013,1076610784,0,330,2021575,0,168,0,17,1,-42.0,72.2,72.2,0,0,4.8,49.0,,27,0
452.9,16:28:22,2400069087,1076610904,74,120,2021576,0,168,0,17,1,-42.0,72.2,72.2,0,0,4.4,50.0,,26,0
453.9,16:28:23,2400069087,1076611102,0,198,2021576,0,168,0,17,1,-42.0,72.2,72.2,0,0,6.8,50.0,,27,0
454.9,16:28:24,2400069339,1076611548,252,446,2021577,0,168,0,17,1,-42.0,72.2,72.2,0,0,6.4,49.0,,28,0
455.9,16:28:25,2400069339,1076611680,0,132,2021577,0,168,0,17,1,-40.0,72.2,72.2,0,0,4.5,50.0,,27,0
456.9,16:28:26,2400069573,1076612563,234,883,2021580,0,168,0,17,1,-42.0,72.2,72.2,0,0,10.6,50.0,,26,0
457.9,16:28:27,2400182391,1076613085,112818,522,2021654,0,168,0,17,1,-41.0,72.2,72.2,0,0,41.0,57.0,,27,0
458.9,16:28:28,2400182391,1076613217,0,132,2021654,0,168,0,17,1,-42.0,72.2,72.2,0,0,23.4,57.0,,29,0
459.9,16:28:29,2400182391,1076613547,0,330,2021654,0,168,0,17,1,-42.0,72.2,72.2,0,0,16.3,55.0,,30,0
461.0,16:28:30,2400182391,1076613745,0,198,2021654,0,168,0,17,1,-41.0,72.2,72.2,0,0,15.5,56.0,,31,0
462.0,16:28:31,2400182391,1076614009,0,264,2021654,0,168,0,17,1,-42.0,72.2,72.2,0,0,13.7,56.0,,33,0
463.0,16:28:32,2400182969,1076614377,578,368,2021657,0,168,0,17,1,-42.0,72.2,72.2,1,0,5.9,52.0,,33,0
464.0,16:28:33,2400182969,1076614641,0,264,2021657,0,168,0,17,1,-41.0,72.2,72.2,0,0,11.1,52.0,,32,0
465.0,16:28:34,2400182969,1076614707,0,66,2021657,0,168,0,17,1,-42.0,72.2,72.2,0,0,10.2,52.0,,31,0
466.0,16:28:35,2400184149,1076615857,1180,1150,2021669,0,168,0,17,1,-41.0,65.0,72.2,1,0,6.8,52.0,,30,0
467.0,16:28:36,2400184149,1076615989,0,132,2021669,0,168,0,17,1,-41.0,65.0,72.2,0,0,6.1,52.0,,28,0
468.0,16:28:37,2400298735,1076617262,114586,1273,2021747,0,168,0,17,1,-41.0,65.0,72.2,2,0,12.0,53.0,,28,0
469.0,16:28:38,2400298735,1076617394,0,132,2021747,0,168,0,17,1,-41.0,65.0,72.2,0,0,6.0,51.0,,29,0
470.0,16:28:39,2400298735,1076617460,0,66,2021747,0,168,0,17,1,-42.0,65.0,72.2,0,0,5.5,51.0,,29,0
471.1,16:28:40,2400298735,1076617526,0,66,2021747,0,168,0,17,1,-39.0,65.0,72.2,0,0,6.4,52.0,,27,0
472.1,16:28:41,2400298735,1076617658,0,132,2021747,0,168,0,17,1,-42.0,65.0,72.2,0,0,4.5,51.0,,28,0
473.1,16:28:42,2400298809,1076617976,74,318,2021748,0,168,0,17,1,-41.0,65.0,72.2,0,0,5.5,51.0,,27,0
474.1,16:28:43,2400299135,1076618340,326,364,2021749,0,168,0,17,1,-42.0,65.0,72.2,0,0,3.6,51.0,,28,0
475.1,16:28:44,2400299135,1076618604,0,264,2021749,0,168,0,17,1,-42.0,65.0,72.2,0,0,5.5,51.0,,28,0
476.1,16:28:45,2400299135,1076618736,0,132,2021749,0,168,0,17,1,-42.0,65.0,72.2,0,0,7.6,51.0,,28,0
477.1,16:28:46,2400299223,1076618802,88,66,2021750,0,168,0,17,1,-42.0,65.0,72.2,0,0,5.7,51.0,,27,0
478.1,16:28:47,2400412275,1076620063,113052,1261,2021827,0,168,0,17,1,-41.0,65.0,72.2,0,0,18.0,58.0,,28,0
479.1,16:28:48,2400412275,1076620195,0,132,2021827,0,168,0,17,1,-41.0,65.0,72.2,0,0,3.4,51.0,,29,0
480.1,16:28:49,2400412275,1076620327,0,132,2021827,0,168,0,17,1,-42.0,65.0,72.2,0,0,2.8,50.0,,28,0
481.2,16:28:50,2400412275,1076620657,0,330,2021827,0,168,0,17,1,-41.0,65.0,72.2,0,0,3.2,50.0,,27,0
482.2,16:28:51,2400412482,1076621017,207,360,2021828,0,168,0,17,1,-41.0,65.0,72.2,0,0,3.1,50.0,,28,0
483.2,16:28:52,2400412757,1076621203,275,186,2021830,0,168,0,17,1,-40.0,72.2,72.2,0,0,3.4,51.0,,27,0
484.2,16:28:53,2400412978,1076621269,221,66,2021831,0,168,0,17,1,-41.0,72.2,72.2,0,0,4.5,50.0,,28,0
485.2,16:28:54,2400413230,1076621558,252,289,2021832,0,168,0,17,1,-41.0,72.2,72.2,0,0,5.2,50.0,,28,0
486.2,16:28:55,2400413230,1076621624,0,66,2021832,0,168,0,17,1,-42.0,72.2,72.2,0,0,3.4,50.0,,27,0
487.2,16:28:56,2400413230,1076621888,0,264,2021832,0,168,0,17,1,-41.0,72.2,72.2,0,0,3.4,50.0,,28,0
488.2,16:28:57,2400528406,1076623601,115176,1713,2021913,0,168,0,17,1,-42.0,72.2,72.2,1,0,7.0,51.0,,27,0
489.2,16:28:58,2400528406,1076623799,0,198,2021913,0,168,0,17,1,-42.0,72.2,72.2,0,0,5.8,50.0,,26,0
490.2,16:29:00,2400528406,1076623931,0,132,2021913,0,168,0,17,1,-42.0,72.2,72.2,0,0,2.9,51.0,,28,0
491.3,16:29:01,2400528406,1076623997,0,66,2021913,0,168,0,17,1,-41.0,72.2,72.2,0,0,4.8,50.0,,28,0
492.3,16:29:02,2400528406,1076624063,0,66,2021913,0,168,0,17,1,-41.0,72.2,72.2,0,0,5.2,51.0,,28,0
493.3,16:29:03,2400528406,1076624129,0,66,2021913,0,168,0,17,1,-41.0,72.2,72.2,0,0,4.0,50.0,,28,0
494.3,16:29:04,2400528480,1076624315,74,186,2021914,0,168,0,17,1,-42.0,72.2,72.2,0,0,3.5,50.0,,28,0
495.3,16:29:05,2400528480,1076624579,0,264,2021914,0,168,0,17,1,-42.0,72.2,72.2,0,0,3.8,51.0,,28,0
496.3,16:29:06,2400529999,1076625828,1519,1249,2021928,0,168,0,17,1,-42.0,65.0,72.2,1,0,6.0,51.0,,27,0
497.3,16:29:07,2400530350,1076626178,351,350,2021930,0,168,0,17,1,-42.0,72.2,72.2,0,0,5.1,49.0,,27,0
498.3,16:29:08,2400644936,1076627517,114586,1339,2022008,0,168,0,17,1,-42.0,72.2,72.2,1,0,8.8,50.0,,27,0
499.3,16:29:09,2400644936,1076627649,0,132,2022008,0,168,0,17,1,-42.0,72.2,72.2,0,0,6.8,50.0,,27,0
500.4,16:29:10,2400644936,1076627781,0,132,2022008,0,168,0,17,1,-42.0,72.2,72.2,0,0,6.4,50.0,,28,0
501.4,16:29:11,2400645407,1076634663,471,6882,2022010,0,168,0,17,1,-42.0,72.2,72.2,0,0,5.9,51.0,,27,0
502.4,16:29:12,2400645407,1076637511,0,2848,2022010,0,168,0,17,1,-42.0,72.2,72.2,0,0,11.0,50.0,,26,0
503.4,16:29:13,2400645407,1076639001,0,1490,2022010,0,168,0,17,1,-42.0,72.2,72.2,0,0,6.0,53.0,,28,0
504.4,16:29:14,2400645481,1076639319,74,318,2022011,0,168,0,17,1,-41.0,72.2,72.2,0,0,8.7,55.0,,27,0
505.4,16:29:15,2400645481,1076641969,0,2650,2022011,0,168,0,17,1,-41.0,72.2,72.2,0,0,6.0,50.0,,28,0
506.4,16:29:16,2400645481,1076642035,0,66,2022011,0,168,0,17,1,-41.0,72.2,72.2,0,0,6.6,51.0,,28,0
507.4,16:29:17,2400645481,1076642101,0,66,2022011,0,168,0,17,1,-42.0,72.2,72.2,0,0,6.6,50.0,,27,0
508.4,16:29:18,2400645715,1076643182,234,1081,2022014,0,168,0,17,1,-41.0,72.2,72.2,0,0,5.9,50.0,,27,0
509.4,16:29:19,2400760067,1076643770,114352,588,2022089,0,168,0,17,1,-41.0,72.2,72.2,2,0,7.1,51.0,,28,0
510.4,16:29:20,2400760067,1076643902,0,132,2022089,0,168,0,17,1,-42.0,72.2,72.2,0,0,6.6,50.0,,28,0
511.5,16:29:21,2400760067,1076644100,0,198,2022089,0,168,0,17,1,-41.0,72.2,72.2,0,0,8.6,50.0,,27,0
512.5,16:29:22,2400760067,1076644166,0,66,2022089,0,168,0,17,1,-42.0,72.2,72.2,0,0,5.0,51.0,,27,0
513.5,16:29:23,2400760067,1076644232,0,66,2022089,0,168,0,17,1,-40.0,72.2,72.2,0,0,5.7,50.0,,27,0
514.5,16:29:24,2400760141,1076644352,74,120,2022090,0,168,0,17,1,-42.0,72.2,72.2,0,0,10.1,55.0,,26,0
515.5,16:29:25,2400760141,1076644650,0,298,2022090,0,168,0,17,1,-41.0,72.2,72.2,0,0,5.9,51.0,,27,0
516.5,16:29:26,2400760467,1076644848,326,198,2022091,0,168,0,17,1,-41.0,72.2,72.2,0,0,4.9,51.0,,28,0
517.5,16:29:27,2400760467,1076644914,0,66,2022091,0,168,0,17,1,-40.0,72.2,72.2,0,0,5.4,51.0,,28,0
518.5,16:29:28,2400760467,1076645046,0,132,2022091,0,168,0,17,1,-41.0,72.2,72.2,0,0,5.1,50.0,,27,0
519.6,16:29:29,2400873519,1076646331,113052,1285,2022168,0,168,0,17,1,-39.0,72.2,72.2,1,0,18.1,51.0,,28,0
520.6,16:29:30,2400873519,1076646463,0,132,2022168,0,168,0,17,1,-42.0,72.2,72.2,0,0,5.1,51.0,,29,0
521.6,16:29:31,2400873519,1076646529,0,66,2022168,0,168,0,17,1,-42.0,72.2,72.2,0,0,5.4,51.0,,28,0
522.6,16:29:32,2400873519,1076646925,0,396,2022168,0,168,0,17,1,-42.0,72.2,72.2,0,0,6.5,51.0,,27,0
523.6,16:29:33,2400873519,1076647189,0,264,2022168,0,168,0,17,1,-42.0,72.2,72.2,0,0,5.5,51.0,,28,0
524.6,16:29:34,2400873593,1076647309,74,120,2022169,0,168,0,17,1,-40.0,72.2,72.2,0,0,5.6,51.0,,28,0
525.6,16:29:35,2400873593,1076647573,0,264,2022169,0,168,0,17,1,-42.0,72.2,72.2,0,0,5.6,50.0,,28,0
526.6,16:29:36,2400874773,1076648657,1180,1084,2022181,0,168,0,17,1,-41.0,65.0,72.2,1,0,6.4,50.0,,27,0
527.6,16:29:37,2400874773,1076648723,0,66,2022181,0,168,0,17,1,-39.0,65.0,72.2,0,0,5.0,50.0,,28,0
528.7,16:29:38,2400874773,1076648789,0,66,2022181,0,168,0,17,1,-41.0,65.0,72.2,0,0,3.2,50.0,,28,0
529.7,16:29:39,2400989359,1076650206,114586,1417,2022259,0,168,0,17,1,-41.0,72.2,72.2,1,0,6.0,59.0,,27,0
530.7,16:29:40,2400989359,1076650404,0,198,2022259,0,168,0,17,1,-40.0,72.2,72.2,0,0,4.5,51.0,,28,0
531.7,16:29:41,2400989359,1076650536,0,132,2022259,0,168,0,17,1,-40.0,72.2,72.2,0,0,5.8,51.0,,27,0
532.7,16:29:42,2400989359,1076650668,0,132,2022259,0,168,0,17,1,-41.0,72.2,72.2,0,0,5.0,50.0,,27,0
533.7,16:29:43,2400989359,1076650800,0,132,2022259,0,168,0,17,1,-40.0,72.2,72.2,0,0,3.2,50.0,,28,0
534.7,16:29:44,2400989433,1076650920,74,120,2022260,0,168,0,17,1,-41.0,72.2,72.2,0,0,5.8,50.0,,27,0
535.7,16:29:45,2400989433,1076650986,0,66,2022260,0,168,0,17,1,-41.0,72.2,72.2,0,0,3.1,49.0,,26,0
536.7,16:29:46,2400989433,1076651184,0,198,2022260,0,168,0,17,1,-41.0,72.2,72.2,0,0,3.1,50.0,,27,0
537.8,16:29:47,2400989433,1076651382,0,198,2022260,0,168,0,17,1,-41.0,72.2,72.2,0,0,3.6,50.0,,26,0
538.8,16:29:48,2400989433,1076651382,0,0,2022260,0,168,0,17,1,-41.0,72.2,72.2,0,0,5.5,49.0,,27,0
539.8,16:29:49,2401104019,1076652721,114586,1339,2022338,0,168,0,17,1,-41.0,72.2,72.2,1,0,9.6,50.0,,26,0
540.8,16:29:50,2401104019,1076652787,0,66,2022338,0,168,0,17,1,-40.0,72.2,72.2,0,0,10.0,51.0,,27,0
541.8,16:29:51,2401104019,1076652787,0,0,2022338,0,168,0,17,1,-40.0,72.2,72.2,0,0,3.4,51.0,,28,0
542.8,16:29:52,2401104019,1076652985,0,198,2022338,0,168,0,17,1,-41.0,72.2,72.2,0,0,3.0,50.0,,27,0
543.8,16:29:53,2401104019,1076653249,0,264,2022338,0,168,0,17,1,-41.0,72.2,72.2,0,0,3.1,50.0,,26,0
544.8,16:29:54,2401104093,1076653501,74,252,2022339,0,168,0,17,1,-41.0,72.2,72.2,0,0,3.1,50.0,,26,0
545.8,16:29:55,2401104093,1076653699,0,198,2022339,0,168,0,17,1,-42.0,72.2,72.2,0,0,3.1,49.0,,27,0
546.8,16:29:56,2401104093,1076653765,0,66,2022339,0,168,0,17,1,-42.0,72.2,72.2,0,0,3.2,50.0,,26,0
547.9,16:29:57,2401104093,1076653831,0,66,2022339,0,168,0,17,1,-41.0,72.2,72.2,0,0,3.7,50.0,,27,0
548.9,16:29:58,2401104093,1076653831,0,0,2022339,0,168,0,17,1,-41.0,72.2,72.2,0,0,4.7,50.0,,26,0
549.9,16:29:59,2401217673,1076655358,113580,1527,2022418,0,168,0,17,1,-49.0,72.2,72.2,0,0,7.7,51.0,,27,0
550.9,16:30:00,2401217673,1076655490,0,132,2022418,0,168,0,17,1,-41.0,72.2,72.2,0,0,3.6,50.0,,27,0
551.9,16:30:01,2401217673,1076655622,0,132,2022418,0,168,0,17,1,-40.0,72.2,72.2,0,0,3.1,49.0,,28,0
552.9,16:30:02,2401217673,1076655754,0,132,2022418,0,168,0,17,1,-41.0,72.2,72.2,0,0,5.5,50.0,,27,0
553.9,16:30:03,2401217673,1076655754,0,0,2022418,0,168,0,17,1,-41.0,72.2,72.2,0,0,5.6,49.0,,26,0
554.9,16:30:04,2401217747,1076655874,74,120,2022419,0,168,0,17,1,-41.0,72.2,72.2,0,0,2.9,50.0,,27,0
556.0,16:30:05,2401217747,1076655874,0,0,2022419,0,168,0,17,1,-41.0,72.2,72.2,0,0,3.4,49.0,,26,0
557.0,16:30:06,2401218927,1076657024,1180,1150,2022431,0,168,0,17,1,-40.0,65.0,72.2,2,0,3.7,50.0,,26,0
558.0,16:30:07,2401219253,1076657322,326,298,2022432,0,168,0,17,1,-40.0,72.2,72.2,0,0,5.2,49.0,,27,0
559.0,16:30:08,2401219253,1076657388,0,66,2022432,0,168,0,17,1,-40.0,72.2,72.2,0,0,4.0,49.0,,26,0
560.0,16:30:09,2401219487,1076658271,234,883,2022435,0,168,0,17,1,-40.0,65.0,72.2,0,0,4.4,49.0,,27,0
561.0,16:30:10,2401333839,1076658793,114352,522,2022510,0,168,0,17,1,-40.0,72.2,72.2,3,0,5.5,49.0,,26,0
562.0,16:30:11,2401333839,1076658793,0,0,2022510,0,168,0,17,1,-40.0,72.2,72.2,0,0,3.9,50.0,,27,0
563.0,16:30:12,2401333839,1076658859,0,66,2022510,0,168,0,17,1,-39.0,72.2,72.2,0,0,6.0,49.0,,26,0
564.0,16:30:13,2401333839,1076658859,0,0,2022510,0,168,0,17,1,-39.0,72.2,72.2,0,0,6.8,49.0,,27,0
565.0,16:30:14,2401334190,1076659275,351,416,2022512,0,168,0,17,1,-41.0,72.2,72.2,0,0,4.8,49.0,,27,0
566.0,16:30:15,2401334921,1076659848,731,573,2022516,0,168,0,17,1,-40.0,72.2,72.2,2,0,4.6,50.0,,26,0
567.1,16:30:16,2401334921,1076660046,0,198,2022516,0,168,0,17,1,-39.0,72.2,72.2,0,0,5.8,50.0,,27,0
568.1,16:30:17,2401334921,1076660112,0,66,2022516,0,168,0,17,1,-38.0,72.2,72.2,0,0,4.4,51.0,,26,0
569.1,16:30:18,2401334921,1076660244,0,132,2022516,0,168,0,17,1,-40.0,72.2,72.2,0,0,4.2,50.0,,27,0
570.1,16:30:19,2401334921,1076660244,0,0,2022516,0,168,0,17,1,-40.0,72.2,72.2,0,0,4.1,50.0,,28,0
571.1,16:30:20,2401448359,1076661586,113438,1342,2022594,0,168,0,17,1,-45.0,65.0,72.2,1,0,6.3,54.0,,27,0
572.1,16:30:21,2401448359,1076661784,0,198,2022594,0,168,0,17,1,-47.0,65.0,72.2,0,0,5.2,51.0,,27,0
573.1,16:30:22,2401448359,1076661982,0,198,2022594,0,168,0,17,1,-45.0,65.0,72.2,0,0,3.6,50.0,,28,0
574.1,16:30:23,2401448359,1076662114,0,132,2022594,0,168,0,17,1,-46.0,65.0,72.2,0,0,4.0,50.0,,28,0
575.1,16:30:24,2401448359,1076662180,0,66,2022594,0,168,0,17,1,-44.0,65.0,72.2,0,0,3.5,50.0,,27,0
576.1,16:30:25,2401448433,1076662234,74,54,2022595,0,168,0,17,1,-41.0,72.2,72.2,0,0,4.8,50.0,,26,0
577.2,16:30:26,2401448433,1076662234,0,0,2022595,0,168,0,17,1,-41.0,72.2,72.2,0,0,5.0,50.0,,26,0
578.2,16:30:27,2401448433,1076662366,0,132,2022595,0,168,0,17,1,-43.0,72.2,72.2,0,0,3.1,49.0,,27,0
579.2,16:30:28,2401448433,1076662432,0,66,2022595,0,168,0,17,1,-43.0,72.2,72.2,0,0,27.4,58.0,,27,0
580.2,16:30:29,2401448433,1076662564,0,132,2022595,0,168,0,17,1,-42.0,72.2,72.2,0,0,15.3,56.0,,26,0
581.2,16:30:30,2401564275,1076663903,115842,1339,2022674,0,168,0,17,1,-42.0,72.2,72.2,1,0,18.5,62.0,,27,0
582.2,16:30:31,2401570223,1076664967,5948,1064,2022681,0,168,0,17,1,-42.0,72.2,72.2,0,0,14.4,57.0,,29,0
583.2,16:30:32,2401572982,1076665916,2759,949,2022683,0,168,0,17,1,-42.0,72.2,72.2,0,0,13.5,57.0,,30,0
584.2,16:30:33,2401574202,1076667049,1220,1133,2022685,0,168,0,17,1,-43.0,72.2,72.2,0,0,3.2,52.0,,32,0
585.2,16:30:34,2401576378,1076668076,2176,1027,2022687,0,168,0,17,1,-42.0,72.2,72.2,0,0,13.3,61.0,,32,0
586.2,16:30:35,2401576378,1076668604,0,528,2022687,0,168,0,17,1,-42.0,72.2,72.2,0,0,3.6,52.0,,31,0
587.2,16:30:36,2401592474,1076671820,16096,3216,2022711,0,168,0,17,1,-42.0,72.2,72.2,2,0,3.7,51.0,,30,0
588.3,16:30:38,2401596701,1076672743,4227,923,2022714,0,168,0,17,1,-41.0,72.2,72.2,0,0,2.6,51.0,,29,0
589.3,16:30:39,2401596701,1076672875,0,132,2022714,0,168,0,17,1,-42.0,72.2,72.2,0,0,6.0,51.0,,28,0
590.3,16:30:40,2401600634,1076674607,3933,1732,2022718,0,168,0,17,1,-42.0,72.2,72.2,2,0,3.3,50.0,,28,0
591.3,16:30:41,2401600634,1076674871,0,264,2022718,0,168,0,17,1,-42.0,72.2,72.2,0,0,3.5,50.0,,27,0
592.3,16:30:42,2401604793,1076676502,4159,1631,2022722,0,168,0,17,1,-43.0,65.0,72.2,0,0,3.5,50.0,,27,0
593.3,16:30:43,2401604793,1076676766,0,264,2022722,0,168,0,17,1,-42.0,65.0,72.2,0,0,3.4,50.0,,27,0
594.3,16:30:44,2401616588,1076678239,11795,1473,2022731,0,168,0,17,1,-42.0,72.2,72.2,0,0,2.6,50.0,,28,0
595.3,16:30:45,2401620619,1076679047,4031,808,2022734,0,168,0,17,1,-42.0,72.2,72.2,0,0,3.2,50.0,,28,0
596.3,16:30:46,2401627328,1076679790,6709,743,2022739,0,168,0,17,1,-41.0,72.2,72.2,0,0,4.2,50.0,,27,0
597.4,16:30:47,2401627743,1076680338,415,548,2022741,0,168,0,17,1,-43.0,72.2,72.2,0,0,5.6,50.0,,27,0
598.4,16:30:48,2401627743,1076680668,0,330,2022741,0,168,0,17,1,-42.0,72.2,72.2,0,0,3.4,50.0,,28,0
599.4,16:30:49,2401627743,1076680932,0,264,2022741,0,168,0,17,1,-42.0,72.2,72.2,0,0,3.1,50.0,,28,0
600.4,16:30:50,2401627743,1076681130,0,198,2022741,0,168,0,17,1,-44.0,72.2,72.2,0,0,4.9,51.0,,28,0
601.4,16:30:51,2401627817,1076681250,74,120,2022742,0,168,0,17,1,-42.0,72.2,72.2,0,0,6.4,50.0,,28,0
602.4,16:30:52,2401627817,1076681382,0,132,2022742,0,168,0,17,1,-42.0,72.2,72.2,0,0,3.1,50.0,,28,0
603.4,16:30:53,2401627817,1076681646,0,264,2022742,0,168,0,17,1,-43.0,72.2,72.2,0,0,3.1,50.0,,27,0
604.4,16:30:54,2401627817,1076681976,0,330,2022742,0,168,0,17,1,-41.0,72.2,72.2,0,0,2.4,49.0,,26,0
605.4,16:30:55,2401627817,1076682306,0,330,2022742,0,168,0,17,1,-42.0,72.2,72.2,0,0,3.3,50.0,,27,0
606.4,16:30:56,2401627817,1076682570,0,264,2022742,0,168,0,17,1,-42.0,72.2,72.2,0,0,3.7,49.0,,27,0
607.5,16:30:57,2401627817,1076682702,0,132,2022742,0,168,0,17,1,-43.0,72.2,72.2,0,0,3.2,50.0,,27,0
608.5,16:30:58,2401627879,1076682744,62,42,2022743,0,168,0,17,1,-42.0,72.2,72.2,0,0,3.4,49.0,,26,0
609.5,16:30:59,2401627879,1076682810,0,66,2022743,0,168,0,17,1,-44.0,72.2,72.2,0,0,4.2,50.0,,27,0
610.5,16:31:00,2401627879,1076683008,0,198,2022743,0,168,0,17,1,-44.0,72.2,72.2,0,0,4.4,49.0,,26,0
611.5,16:31:01,2401627879,1076683074,0,66,2022743,0,168,0,17,1,-42.0,72.2,72.2,0,0,3.4,51.0,,27,0
612.5,16:31:02,2401627879,1076683206,0,132,2022743,0,168,0,17,1,-42.0,72.2,72.2,0,0,3.6,50.0,,27,0
613.5,16:31:03,2401627879,1076683272,0,66,2022743,0,168,0,17,1,-42.0,72.2,72.2,0,0,5.5,50.0,,27,0
614.5,16:31:04,2401627879,1076683470,0,198,2022743,0,168,0,17,1,-41.0,72.2,72.2,0,0,9.5,50.0,,27,0
615.6,16:31:05,2401627879,1076683602,0,132,2022743,0,168,0,17,1,-42.0,72.2,72.2,0,0,3.5,51.0,,27,0
616.6,16:31:06,2401627879,1076683668,0,66,2022743,0,168,0,17,1,-42.0,72.2,72.2,0,0,3.5,50.0,,27,0
617.6,16:31:07,2401629059,1076684818,1180,1150,2022755,0,168,0,17,1,-42.0,72.2,72.2,1,0,3.1,50.0,,27,0
618.6,16:31:08,2401629059,1076685148,0,330,2022755,0,168,0,17,1,-42.0,72.2,72.2,0,0,3.4,51.0,,27,0
619.6,16:31:09,2401629059,1076685346,0,198,2022755,0,168,0,17,1,-43.0,72.2,72.2,0,0,4.1,50.0,,26,0
620.6,16:31:10,2401629059,1076685412,0,66,2022755,0,168,0,17,1,-42.0,72.2,72.2,0,0,9.5,50.0,,27,0
621.6,16:31:11,2401629530,1076689776,471,4364,2022757,0,168,0,17,1,-42.0,72.2,72.2,0,0,4.8,50.0,,26,0
622.6,16:31:12,2401629530,1076691200,0,1424,2022757,0,168,0,17,1,-40.0,72.2,72.2,0,0,3.6,50.0,,27,0
623.6,16:31:13,2401629530,1076692558,0,1358,2022757,0,168,0,17,1,-42.0,72.2,72.2,0,0,4.1,50.0,,26,0
624.6,16:31:14,2401629592,1076692666,62,108,2022758,0,168,0,17,1,-42.0,72.2,72.2,0,0,4.4,51.0,,27,0
625.7,16:31:15,2401629592,1076694156,0,1490,2022758,0,168,0,17,1,-43.0,72.2,72.2,0,0,3.6,50.0,,27,0
626.7,16:31:16,2401629592,1076694156,0,0,2022758,0,168,0,17,1,-43.0,72.2,72.2,0,0,9.9,51.0,,27,0
627.7,16:31:17,2401629592,1076694156,0,0,2022758,0,168,0,17,1,-43.0,72.2,72.2,0,0,5.5,50.0,,27,0
628.7,16:31:18,2401629592,1076694354,0,198,2022758,0,168,0,17,1,-41.0,72.2,72.2,0,0,3.9,51.0,,27,0
629.7,16:31:19,2401629592,1076694486,0,132,2022758,0,168,0,17,1,-42.0,72.2,72.2,0,0,4.9,52.0,,26,0
630.7,16:31:20,2401629592,1076694486,0,0,2022758,0,168,0,17,1,-42.0,72.2,72.2,0,0,4.7,49.0,,27,0
631.7,16:31:21,2401629592,1076694486,0,0,2022758,0,168,0,17,1,-42.0,72.2,72.2,0,0,4.5,49.0,,26,0
632.7,16:31:22,2401629592,1076694486,0,0,2022758,0,168,0,17,1,-42.0,72.2,72.2,0,0,3.9,49.0,,26,0
633.7,16:31:23,2401629592,1076694618,0,132,2022758,0,168,0,17,1,-44.0,72.2,72.2,0,0,4.2,49.0,,27,0
634.8,16:31:24,2401629592,1076694618,0,0,2022758,0,168,0,17,1,-44.0,72.2,72.2,0,0,3.5,50.0,,26,0
635.8,16:31:25,2401629943,1076694902,351,284,2022760,0,168,0,17,1,-42.0,72.2,72.2,1,0,4.5,48.0,,27,0
636.8,16:31:26,2401630282,1076695397,339,495,2022762,0,168,0,17,1,-43.0,72.2,72.2,0,0,4.6,49.0,,27,0
637.8,16:31:27,2401630282,1076695463,0,66,2022762,0,168,0,17,1,-43.0,72.2,72.2,0,0,4.4,50.0,,26,0
638.8,16:31:28,2401630282,1076695595,0,132,2022762,0,168,0,17,1,-44.0,72.2,72.2,0,0,3.3,49.0,,27,0
639.8,16:31:29,2401630282,1076695661,0,66,2022762,0,168,0,17,1,-44.0,72.2,72.2,0,0,3.6,49.0,,27,0
640.8,16:31:30,2401630282,1076695661,0,0,2022762,0,168,0,17,1,-44.0,72.2,72.2,0,0,3.9,49.0,,27,0
641.8,16:31:31,2401631004,1076698431,722,2770,2022765,0,168,0,17,1,-41.0,65.0,72.2,0,0,3.6,50.0,,26,0
642.9,16:31:32,2401631004,1076701411,0,2980,2022765,0,168,0,17,1,-44.0,65.0,65.0,0,0,4.0,50.0,,27,0
643.9,16:31:33,2401631875,1076703327,871,1916,2022767,0,168,0,17,1,-43.0,72.2,72.2,1,0,10.5,49.0,,26,0
644.9,16:31:34,2401631875,1076703459,0,132,2022767,0,168,0,17,1,-44.0,72.2,72.2,0,0,13.5,57.0,,27,0
645.9,16:31:35,2401631875,1076705015,0,1556,2022767,0,168,0,17,1,-43.0,72.2,72.2,0,0,7.6,51.0,,29,0
646.9,16:31:36,2401631949,1076705202,74,187,2022768,0,168,0,17,1,-43.0,72.2,72.2,0,0,3.0,51.0,,29,0
647.9,16:31:37,2401633129,1076706154,1180,952,2022780,0,168,0,17,1,-44.0,65.0,72.2,2,0,14.2,50.0,,28,0
648.9,16:31:38,2401633129,1076706154,0,0,2022780,0,168,0,17,1,-44.0,65.0,72.2,0,0,18.4,58.0,,27,0
649.9,16:31:39,2401633129,1076706418,0,264,2022780,0,168,0,17,1,-44.0,65.0,72.2,0,0,14.4,56.0,,29,0
650.9,16:31:40,2401633129,1076706682,0,264,2022780,0,168,0,17,1,-43.0,65.0,72.2,0,0,14.5,57.0,,30,0
651.9,16:31:41,2401633129,1076706748,0,66,2022780,0,168,0,17,1,-44.0,65.0,72.2,0,0,3.9,53.0,,32,0
652.9,16:31:42,2401633191,1076706790,62,42,2022781,0,168,0,17,1,-42.0,72.2,72.2,0,0,2.9,52.0,,32,0
654.0,16:31:43,2401633191,1076706790,0,0,2022781,0,168,0,17,1,-42.0,72.2,72.2,0,0,4.9,51.0,,31,0
655.0,16:31:44,2401633191,1076706790,0,0,2022781,0,168,0,17,1,-42.0,72.2,72.2,0,0,3.6,51.0,,29,0
656.0,16:31:45,2401633191,1076706856,0,66,2022781,0,168,0,17,1,-42.0,72.2,72.2,0,0,10.0,51.0,,28,0
657.0,16:31:46,2401633191,1076706988,0,132,2022781,0,168,0,17,1,-43.0,72.2,72.2,0,0,5.2,51.0,,28,0
658.0,16:31:47,2401633191,1076707186,0,198,2022781,0,168,0,17,1,-43.0,72.2,72.2,0,0,13.1,51.0,,28,0
659.0,16:31:48,2401633191,1076707450,0,264,2022781,0,168,0,17,1,-44.0,72.2,72.2,0,0,5.2,51.0,,28,0
660.0,16:31:49,2401633191,1076707582,0,132,2022781,0,168,0,17,1,-43.0,72.2,72.2,0,0,4.5,51.0,,29,0
661.0,16:31:50,2401633191,1076707648,0,66,2022781,0,168,0,17,1,-44.0,72.2,72.2,0,0,5.1,51.0,,27,0
662.0,16:31:51,2401633253,1076707756,62,108,2022782,0,168,0,17,1,-44.0,72.2,72.2,0,0,6.0,51.0,,28,0
663.1,16:31:52,2401633253,1076707954,0,198,2022782,0,168,0,17,1,-43.0,72.2,72.2,0,0,3.4,51.0,,28,0
664.1,16:31:53,2401633253,1076708086,0,132,2022782,0,168,0,17,1,-44.0,72.2,72.2,0,0,11.5,53.0,,27,0
665.1,16:31:54,2401633253,1076708284,0,198,2022782,0,168,0,17,1,-44.0,72.2,72.2,0,0,14.6,59.0,,28,0
666.1,16:31:55,2401633253,1076708548,0,264,2022782,0,168,0,17,1,-44.0,72.2,72.2,0,0,14.5,56.0,,29,0
667.1,16:31:56,2401633253,1076708680,0,132,2022782,0,168,0,17,1,-43.0,72.2,72.2,0,0,15.4,57.0,,31,0
668.1,16:31:57,2401633253,1076708812,0,132,2022782,0,168,0,17,1,-44.0,72.2,72.2,0,0,21.6,60.0,,32,0
669.1,16:31:58,2401633315,1076708854,62,42,2022783,0,168,0,17,1,-42.0,72.2,72.2,1,0,16.4,57.0,,33,0
670.1,16:31:59,2401633315,1076708920,0,66,2022783,0,168,0,17,1,-43.0,72.2,72.2,0,0,18.4,60.0,,34,0
671.1,16:32:00,2401633315,1076709052,0,132,2022783,0,168,0,17,1,-43.0,72.2,72.2,0,0,15.9,59.0,,33,0
672.1,16:32:01,2401633315,1076709184,0,132,2022783,0,168,0,17,1,-43.0,72.2,72.2,0,0,15.8,59.0,,35,0
673.1,16:32:02,2401633315,1076709184,0,0,2022783,0,168,0,17,1,-43.0,72.2,72.2,0,0,15.1,60.0,,36,0
674.1,16:32:03,2401633315,1076709250,0,66,2022783,0,168,0,17,1,-43.0,72.2,72.2,0,0,14.7,60.0,,37,0
675.1,16:32:04,2401633315,1076709316,0,66,2022783,0,168,0,17,1,-42.0,72.2,72.2,0,0,15.3,59.0,,38,0
676.2,16:32:05,2401633315,1076709316,0,0,2022783,0,168,0,17,1,-42.0,72.2,72.2,0,0,14.8,61.0,,37,0
677.2,16:32:06,2401633315,1076709316,0,0,2022783,0,168,0,17,1,-42.0,72.2,72.2,0,0,15.4,61.0,,38,0
678.2,16:32:07,2401634495,1076710334,1180,1018,2022795,0,168,0,17,1,-44.0,65.0,72.2,2,0,6.5,56.0,,38,0
679.2,16:32:08,2401634495,1076710400,0,66,2022795,0,168,0,17,1,-44.0,65.0,72.2,0,0,13.4,58.0,,37,0
680.2,16:32:09,2401634495,1076710532,0,132,2022795,0,168,0,17,1,-45.0,65.0,72.2,0,0,4.0,54.0,,36,0
681.2,16:32:10,2401634495,1076710532,0,0,2022795,0,168,0,17,1,-45.0,65.0,72.2,0,0,2.7,53.0,,35,0
682.2,16:32:11,2401634495,1076710532,0,0,2022795,0,168,0,17,1,-45.0,65.0,72.2,0,0,3.6,52.0,,33,0
683.2,16:32:12,2401634495,1076710532,0,0,2022795,0,168,0,17,1,-45.0,65.0,72.2,0,0,3.1,52.0,,32,0
684.2,16:32:13,2401634495,1076710598,0,66,2022795,0,168,0,17,1,-45.0,65.0,72.2,0,0,4.2,52.0,,31,0
685.2,16:32:14,2401634495,1076710862,0,264,2022795,0,168,0,17,1,-44.0,65.0,72.2,0,0,3.4,53.0,,30,0
686.3,16:32:16,2401634495,1076711192,0,330,2022795,0,168,0,17,1,-44.0,65.0,72.2,0,0,3.2,54.0,,28,0
687.3,16:32:17,2401634495,1076711390,0,198,2022795,0,168,0,17,1,-46.0,65.0,72.2,0,0,2.4,53.0,,28,0
688.3,16:32:18,2401634495,1076711588,0,198,2022795,0,168,0,17,1,-45.0,65.0,72.2,0,0,6.3,52.0,,28,0
689.3,16:32:19,2401634495,1076711720,0,132,2022795,0,168,0,17,1,-45.0,65.0,72.2,0,0,2.5,53.0,,29,0
690.3,16:32:20,2401634557,1076711762,62,42,2022796,0,168,0,17,1,-44.0,72.2,72.2,3,0,4.9,51.0,,28,0
691.3,16:32:21,2401634557,1076711894,0,132,2022796,0,168,0,17,1,-43.0,72.2,72.2,0,0,4.8,51.0,,28,0
692.3,16:32:22,2401634557,1076712092,0,198,2022796,0,168,0,17,1,-45.0,72.2,72.2,0,0,8.4,51.0,,28,0
693.3,16:32:23,2401634557,1076712158,0,66,2022796,0,168,0,17,1,-46.0,72.2,72.2,0,0,3.0,51.0,,29,0
694.3,16:32:24,2401634557,1076712158,0,0,2022796,0,168,0,17,1,-46.0,72.2,72.2,0,0,7.2,51.0,,28,0
695.4,16:32:25,2401634557,1076712158,0,0,2022796,0,168,0,17,1,-46.0,72.2,72.2,0,0,8.4,51.0,,28,0
696.4,16:32:26,2401634557,1076712158,0,0,2022796,0,168,0,17,1,-46.0,72.2,72.2,0,0,4.3,51.0,,28,0
697.4,16:32:27,2401634557,1076712158,0,0,2022796,0,168,0,17,1,-46.0,72.2,72.2,0,0,2.9,51.0,,29,0
698.4,16:32:28,2401634557,1076712158,0,0,2022796,0,168,0,17,1,-46.0,72.2,72.2,0,0,2.9,52.0,,27,0
699.4,16:32:29,2401634557,1076712290,0,132,2022796,0,168,0,17,1,-43.0,72.2,72.2,0,0,2.6,51.0,,28,0
700.4,16:32:30,2401634557,1076712488,0,198,2022796,0,168,0,17,1,-42.0,72.2,72.2,0,0,3.0,51.0,,27,0
701.4,16:32:31,2401634557,1076712554,0,66,2022796,0,168,0,17,1,-44.0,72.2,72.2,0,0,4.6,50.0,,27,0
702.4,16:32:32,2401634557,1076712554,0,0,2022796,0,168,0,17,1,-44.0,72.2,72.2,0,0,2.7,51.0,,27,0
703.5,16:32:33,2401634557,1076712554,0,0,2022796,0,168,0,17,1,-44.0,72.2,72.2,0,0,3.0,50.0,,27,0
704.5,16:32:34,2401634557,1076712554,0,0,2022796,0,168,0,17,1,-44.0,72.2,72.2,0,0,5.3,51.0,,27,0
705.5,16:32:35,2401634557,1076712686,0,132,2022796,0,168,0,17,1,-44.0,72.2,72.2,0,0,3.9,51.0,,27,0
706.5,16:32:36,2401634557,1076712884,0,198,2022796,0,168,0,17,1,-42.0,72.2,72.2,0,0,3.6,50.0,,27,0
707.5,16:32:37,2401634557,1076713016,0,132,2022796,0,168,0,17,1,-43.0,72.2,72.2,0,0,2.7,50.0,,27,0
708.5,16:32:38,2401634824,1076713429,267,413,2022799,0,168,0,17,1,-43.0,65.0,72.2,0,0,2.7,51.0,,27,0
709.5,16:32:39,2401634972,1076713627,148,198,2022801,0,168,0,17,1,-42.0,65.0,72.2,3,0,8.2,50.0,,27,0
710.5,16:32:40,2401635736,1076714208,764,581,2022806,0,168,0,17,1,-43.0,65.0,72.2,0,0,11.3,51.0,,27,0
711.5,16:32:41,2401635798,1076714382,62,174,2022807,0,168,0,17,1,-41.0,65.0,72.2,0,0,5.1,50.0,,27,0
712.6,16:32:42,2401635798,1076714514,0,132,2022807,0,168,0,17,1,-42.0,65.0,72.2,0,0,3.7,51.0,,27,0
713.6,16:32:43,2401635860,1076714754,62,240,2022808,0,168,0,17,1,-43.0,72.2,72.2,0,0,3.6,50.0,,27,0
714.6,16:32:44,2401635860,1076714820,0,66,2022808,0,168,0,17,1,-43.0,72.2,72.2,0,0,3.1,51.0,,27,0
715.6,16:32:45,2401635860,1076714820,0,0,2022808,0,168,0,17,1,-43.0,72.2,72.2,0,0,4.0,50.0,,27,0
716.6,16:32:46,2401635860,1076714820,0,0,2022808,0,168,0,17,1,-43.0,72.2,72.2,0,0,3.1,50.0,,26,0
717.6,16:32:47,2401635860,1076714952,0,132,2022808,0,168,0,17,1,-43.0,72.2,72.2,0,0,4.1,50.0,,28,0
718.6,16:32:48,2401636328,1076715242,468,290,2022810,0,168,0,17,1,-44.0,65.0,72.2,0,0,3.5,50.0,,27,0
719.6,16:32:49,2401636328,1076715374,0,132,2022810,0,168,0,17,1,-44.0,65.0,72.2,0,0,3.4,50.0,,26,0
720.6,16:32:50,2401636328,1076715506,0,132,2022810,0,168,0,17,1,-44.0,65.0,72.2,0,0,4.0,50.0,,27,0
721.6,16:32:51,2401636328,1076715770,0,264,2022810,0,168,0,17,1,-44.0,65.0,72.2,0,0,3.5,50.0,,26,0
722.7,16:32:52,2401636328,1076715770,0,0,2022810,0,168,0,17,1,-44.0,65.0,72.2,0,0,4.0,49.0,,27,0
723.7,16:32:53,2401636328,1076715770,0,0,2022810,0,168,0,17,1,-44.0,65.0,72.2,0,0,3.7,49.0,,26,0
724.7,16:32:54,2401636390,1076715812,62,42,2022811,0,168,0,17,1,-44.0,72.2,72.2,0,0,4.1,50.0,,26,0
725.7,16:32:55,2401636390,1076716076,0,264,2022811,0,168,0,17,1,-43.0,72.2,72.2,0,0,3.6,49.0,,27,0
726.7,16:32:56,2401636390,1076716208,0,132,2022811,0,168,0,17,1,-45.0,72.2,72.2,0,0,4.0,50.0,,27,0
727.7,16:32:57,2401636390,1076716472,0,264,2022811,0,168,0,17,1,-43.0,72.2,72.2,0,0,3.4,48.0,,26,0
728.7,16:32:58,2401636390,1076716604,0,132,2022811,0,168,0,17,1,-43.0,72.2,72.2,0,0,7.2,50.0,,26,0
729.7,16:32:59,2401636390,1076716736,0,132,2022811,0,168,0,17,1,-42.0,72.2,72.2,0,0,2.6,50.0,,27,0
730.7,16:33:00,2401637050,1076721020,660,4284,2022813,0,168,0,17,1,-42.0,72.2,72.2,0,0,13.6,48.0,,26,0
731.8,16:33:01,2401637050,1076722444,0,1424,2022813,0,168,0,17,1,-43.0,72.2,72.2,0,0,44.8,60.0,,26,0
732.8,16:33:02,2401637112,1076723778,62,1334,2022814,0,168,0,17,1,-43.0,65.0,72.2,0,0,24.4,62.0,,27,0
733.8,16:33:03,2401637112,1076724240,0,462,2022814,0,168,0,17,1,-43.0,65.0,72.2,0,0,27.2,61.0,,28,0
734.8,16:33:04,2401637112,1076725730,0,1490,2022814,0,168,0,17,1,-42.0,65.0,72.2,0,0,26.6,61.0,,29,0
735.8,16:33:05,2401637112,1076725796,0,66,2022814,0,168,0,17,1,-44.0,65.0,72.2,0,0,27.2,62.0,,31,0
736.8,16:33:06,2401637112,1076725928,0,132,2022814,0,168,0,17,1,-42.0,65.0,72.2,0,0,19.7,64.0,,32,0
737.8,16:33:07,2401637112,1076726060,0,132,2022814,0,168,0,17,1,-43.0,65.0,72.2,0,0,13.8,56.0,,33,0
738.8,16:33:08,2401637112,1076726126,0,66,2022814,0,168,0,17,1,-42.0,65.0,72.2,0,0,18.6,58.0,,35,0
739.8,16:33:09,2401637174,1076726300,62,174,2022815,0,168,0,17,1,-42.0,72.2,72.2,0,0,11.8,63.0,,36,0
740.8,16:33:10,2401637174,1076726498,0,198,2022815,0,168,0,17,1,-43.0,72.2,72.2,0,0,5.4,60.0,,37,0
741.8,16:33:11,2401637174,1076726630,0,132,2022815,0,168,0,17,1,-43.0,72.2,72.2,0,0,9.6,54.0,,37,0
742.8,16:33:12,2401637296,1076727002,122,372,2022817,0,168,0,17,1,-44.0,72.2,72.2,0,0,5.1,52.0,,36,0
743.9,16:33:13,2401638470,1076727762,1174,760,2022826,0,168,0,17,1,-45.0,72.2,72.2,0,0,6.1,54.0,,34,0
744.9,16:33:14,2401639062,1076728422,592,660,2022834,0,168,0,17,1,-43.0,72.2,72.2,0,0,3.5,52.0,,33,0
745.9,16:33:15,2401639654,1076729148,592,726,2022842,0,168,0,17,1,-42.0,72.2,72.2,0,0,4.6,53.0,,32,0
746.9,16:33:16,2401639654,1076729346,0,198,2022842,0,168,0,17,1,-44.0,72.2,72.2,0,0,4.5,52.0,,30,0
747.9,16:33:17,2401639716,1076729586,62,240,2022843,0,168,0,17,1,-41.0,72.2,72.2,0,0,2.3,51.0,,29,0
748.9,16:33:18,2401639716,1076729916,0,330,2022843,0,168,0,17,1,-43.0,72.2,72.2,0,0,4.0,51.0,,28,0
749.9,16:33:19,2401639778,1076730090,62,174,2022844,0,168,0,17,1,-43.0,72.2,72.2,0,0,2.6,51.0,,29,0
750.9,16:33:20,2401639778,1076730354,0,264,2022844,0,168,0,17,1,-44.0,72.2,72.2,0,0,5.0,51.0,,28,0
751.9,16:33:21,2401639778,1076730684,0,330,2022844,0,168,0,17,1,-43.0,72.2,72.2,0,0,4.1,52.0,,29,0
753.0,16:33:22,2401639778,1076730816,0,132,2022844,0,168,0,17,1,-42.0,72.2,72.2,0,0,3.0,51.0,,29,0
754.0,16:33:23,2401639778,1076730882,0,66,2022844,0,168,0,17,1,-43.0,72.2,72.2,0,0,3.0,51.0,,28,0
755.0,16:33:24,2401639840,1076731254,62,372,2022845,0,168,0,17,1,-44.0,72.2,72.2,0,0,2.7,51.0,,27,0
756.0,16:33:25,2401639840,1076731386,0,132,2022845,0,168,0,17,1,-44.0,72.2,72.2,0,0,3.1,50.0,,28,0
757.0,16:33:26,2401639840,1076731518,0,132,2022845,0,168,0,17,1,-43.0,72.2,72.2,0,0,3.5,51.0,,28,0
758.0,16:33:27,2401639840,1076731650,0,132,2022845,0,168,0,17,1,-44.0,72.2,72.2,0,0,2.9,51.0,,28,0
759.0,16:33:28,2401639840,1076731914,0,264,2022845,0,168,0,17,1,-44.0,72.2,72.2,0,0,2.6,50.0,,27,0
760.0,16:33:29,2401639840,1076732046,0,132,2022845,0,168,0,17,1,-45.0,72.2,72.2,0,0,14.2,51.0,,27,0
761.0,16:33:30,2401639840,1076732046,0,0,2022845,0,168,0,17,1,-45.0,72.2,72.2,0,0,4.6,50.0,,28,0
762.1,16:33:31,2401639914,1076732112,74,66,2022846,0,168,0,17,1,-41.0,72.2,72.2,0,0,4.6,51.0,,29,0
763.1,16:33:32,2401640346,1076732616,432,504,2022852,0,168,0,17,1,-42.0,72.2,72.2,0,0,4.5,51.0,,28,0
764.1,16:33:33,2401641214,1076733498,868,882,2022860,0,168,0,17,1,-43.0,72.2,72.2,1,0,2.9,51.0,,28,0
765.1,16:33:34,2401641436,1076733828,222,330,2022863,0,168,0,17,1,-43.0,72.2,72.2,0,0,3.0,51.0,,28,0
766.1,16:33:35,2401641436,1076733894,0,66,2022863,0,168,0,17,1,-43.0,72.2,72.2,0,0,2.8,50.0,,28,0
767.1,16:33:36,2401641436,1076734092,0,198,2022863,0,168,0,17,1,-43.0,72.2,72.2,0,0,3.6,51.0,,27,0
768.1,16:33:37,2401641572,1076734266,136,174,2022865,0,168,0,17,1,-43.0,72.2,72.2,0,0,3.2,50.0,,27,0
769.1,16:33:38,2401641868,1076734662,296,396,2022869,0,168,0,17,1,-43.0,72.2,72.2,1,0,2.6,51.0,,27,0
770.1,16:33:39,2401642164,1076735190,296,528,2022873,0,168,0,17,1,-41.0,65.0,72.2,0,0,2.7,49.0,,26,0
771.2,16:33:40,2401642238,1076735454,74,264,2022874,0,168,0,17,1,-42.0,65.0,72.2,0,0,3.9,50.0,,27,0
772.2,16:33:41,2401642238,1076735784,0,330,2022874,0,168,0,17,1,-42.0,65.0,72.2,0,0,11.9,52.0,,26,0
773.2,16:33:42,2401642238,1076736048,0,264,2022874,0,168,0,17,1,-43.0,65.0,72.2,0,0,7.1,51.0,,27,0
774.2,16:33:43,2401642300,1076736222,62,174,2022875,0,168,0,17,1,-42.0,65.0,72.2,1,0,2.6,51.0,,28,0
775.2,16:33:44,2401642374,1076736354,74,132,2022876,0,168,0,17,1,-43.0,65.0,72.2,0,0,2.4,50.0,,27,0
776.2,16:33:45,2401642670,1076736816,296,462,2022880,0,168,0,17,1,-43.0,65.0,72.2,0,0,2.4,50.0,,27,0
777.2,16:33:46,2401642818,1076737080,148,264,2022882,0,168,0,17,1,-42.0,72.2,72.2,0,0,3.4,50.0,,26,0
778.2,16:33:47,2401643231,1076737377,413,297,2022885,0,168,0,17,1,-42.0,65.0,72.2,0,0,6.5,50.0,,27,0
779.2,16:33:49,2401644042,1076738091,811,714,2022892,0,168,0,17,1,-42.0,65.0,72.2,1,0,2.4,50.0,,28,0
780.3,16:33:50,2401644548,1076738793,506,702,2022899,0,168,0,17,1,-43.0,65.0,72.2,0,0,2.3,50.0,,27,0
781.3,16:33:51,2401644992,1076739255,444,462,2022905,0,168,0,17,1,-43.0,72.2,72.2,0,0,2.5,50.0,,26,0
782.3,16:33:52,2401644992,1076739321,0,66,2022905,0,168,0,17,1,-44.0,72.2,72.2,0,0,4.0,49.0,,27,0
783.3,16:33:53,2401645054,1076739429,62,108,2022906,0,168,0,17,1,-44.0,72.2,72.2,0,0,3.0,50.0,,27,0
784.3,16:33:54,2401645054,1076739495,0,66,2022906,0,168,0,17,1,-43.0,72.2,72.2,0,0,2.4,50.0,,27,0
785.3,16:33:55,2401645128,1076739825,74,330,2022907,0,168,0,17,1,-43.0,72.2,72.2,0,0,2.9,49.0,,26,0
786.3,16:33:56,2401645128,1076740023,0,198,2022907,0,168,0,17,1,-43.0,72.2,72.2,0,0,2.7,50.0,,27,0
787.3,16:33:57,2401645128,1076740089,0,66,2022907,0,168,0,17,1,-43.0,72.2,72.2,0,0,3.2,49.0,,27,0
788.4,16:33:58,2401645128,1076740287,0,198,2022907,0,168,0,17,1,-42.0,72.2,72.2,0,0,2.7,49.0,,26,0
789.4,16:33:59,2401645128,1076740419,0,132,2022907,0,168,0,17,1,-43.0,72.2,72.2,0,0,2.5,50.0,,27,0
790.4,16:34:00,2401645350,1076740749,222,330,2022910,0,168,0,17,1,-42.0,72.2,72.2,0,0,2.6,50.0,,26,0
791.4,16:34:01,2401645708,1076741253,358,504,2022915,0,168,0,17,1,-42.0,72.2,65.0,0,0,2.9,49.0,,27,0
792.4,16:34:02,2401645930,1076741847,222,594,2022918,0,168,0,17,1,-41.0,72.2,72.2,0,0,2.8,49.0,,26,0
793.4,16:34:03,2401645930,1076742045,0,198,2022918,0,168,0,17,1,-42.0,72.2,72.2,0,0,2.7,49.0,,25,0
794.4,16:34:04,2401645930,1076742375,0,330,2022918,0,168,0,17,1,-42.0,72.2,72.2,0,0,2.6,49.0,,26,0
795.4,16:34:05,2401645930,1076742573,0,198,2022918,0,168,0,17,1,-44.0,72.2,72.2,0,0,3.0,49.0,,26,0
796.4,16:34:06,2401645992,1076742747,62,174,2022919,0,168,0,17,1,-42.0,72.2,72.2,0,0,2.6,50.0,,27,0
797.5,16:34:07,2401645992,1076742879,0,132,2022919,0,168,0,17,1,-44.0,72.2,72.2,0,0,3.0,50.0,,26,0
798.5,16:34:08,2401646288,1076743275,296,396,2022923,0,168,0,17,1,-42.0,72.2,72.2,0,0,3.4,49.0,,27,0
799.5,16:34:09,2401646584,1076743605,296,330,2022927,0,168,0,17,1,-42.0,72.2,72.2,0,0,2.6,50.0,,26,0
800.5,16:34:10,2401646732,1076744001,148,396,2022929,0,168,0,17,1,-43.0,72.2,72.2,0,0,3.0,50.0,,25,0
801.5,16:34:11,2401647203,1076748299,471,4298,2022931,0,168,0,17,1,-41.0,72.2,72.2,0,0,2.6,48.0,,26,0
802.5,16:34:12,2401647203,1076749855,0,1556,2022931,0,168,0,17,1,-43.0,72.2,72.2,0,0,3.1,50.0,,27,0
803.5,16:34:13,2401647265,1076751387,62,1532,2022932,0,168,0,17,1,-42.0,72.2,72.2,0,0,3.0,49.0,,26,0
804.5,16:34:14,2401647265,1076751651,0,264,2022932,0,168,0,17,1,-42.0,72.2,72.2,0,0,2.4,48.0,,26,0
805.6,16:34:15,2401647723,1076753545,458,1894,2022935,0,168,0,17,1,-42.0,72.2,72.2,0,0,2.7,49.0,,25,0
806.6,16:34:16,2401647723,1076753611,0,66,2022935,0,168,0,17,1,-42.0,72.2,72.2,0,0,2.2,49.0,,26,0
807.6,16:34:17,2401647723,1076753743,0,132,2022935,0,168,0,17,1,-42.0,72.2,72.2,0,0,2.5,48.0,,26,0
808.6,16:34:18,2401647723,1076753941,0,198,2022935,0,168,0,17,1,-43.0,72.2,72.2,0,0,3.0,50.0,,26,0
809.6,16:34:19,2401647723,1076754139,0,198,2022935,0,168,0,17,1,-42.0,72.2,72.2,0,0,3.2,49.0,,25,0
810.6,16:34:20,2401647723,1076754271,0,132,2022935,0,168,0,17,1,-42.0,72.2,72.2,0,0,2.6,49.0,,26,0
811.6,16:34:21,2401647872,1076754479,149,208,2022936,0,169,0,17,0,,,,0,0,4.5,50.0,,26,0
812.6,16:34:22,2401647872,1076754479,0,0,2022936,0,169,0,17,0,,,,0,0,5.1,50.0,,26,0
813.7,16:34:23,2401648385,1076754479,513,0,2022938,0,169,0,17,1,-59.0,6.5,,0,0,5.9,49.0,,26,0
814.7,16:34:24,2401649935,1076754866,1550,387,2022948,0,169,0,17,1,-58.0,72.2,39.0,0,0,3.3,49.0,,27,0
815.7,16:34:25,2401650743,1076754866,808,0,2022953,0,169,0,17,1,-58.0,72.2,39.0,0,0,2.6,49.0,,26,0
816.7,16:34:26,2401651522,1076754866,779,0,2022957,0,169,0,17,1,-57.0,72.2,39.0,0,0,2.4,49.0,,26,0
817.7,16:34:27,2401651725,1076754866,203,0,2022958,0,169,0,17,1,-58.0,72.2,39.0,0,0,2.2,49.0,,27,0
818.7,16:34:28,2401652281,1076754866,556,0,2022961,0,169,0,17,1,-58.0,72.2,39.0,0,0,2.5,49.0,,25,0
819.7,16:34:29,2401652363,1076754866,82,0,2022962,0,169,0,17,1,-58.0,72.2,39.0,0,0,2.2,50.0,,26,0
820.7,16:34:30,2401652586,1076754866,223,0,2022963,0,169,0,17,1,-58.0,72.2,39.0,0,0,2.5,49.0,,27,0
821.7,16:34:31,2401652789,1076754866,203,0,2022964,0,169,0,17,1,-59.0,72.2,39.0,0,0,2.9,49.0,,25,0
822.8,16:34:32,2401652789,1076754866,0,0,2022964,0,169,0,17,1,-58.0,72.2,39.0,0,0,1.9,48.0,,26,0
823.8,16:34:33,2401652789,1076754866,0,0,2022964,0,169,0,17,1,-57.0,72.2,39.0,0,0,2.9,49.0,,25,0
824.8,16:34:34,2401652789,1076754866,0,0,2022964,0,169,0,17,1,-58.0,72.2,39.0,0,0,1.9,48.0,,26,0
825.8,16:34:35,2401652789,1076754866,0,0,2022964,0,169,0,17,1,-59.0,72.2,39.0,0,0,2.4,48.0,,26,0
826.8,16:34:36,2401652789,1076754866,0,0,2022964,0,169,0,17,1,-57.0,72.2,39.0,0,0,2.2,48.0,,25,0
827.8,16:34:37,2401652871,1076754866,82,0,2022965,0,169,0,17,1,-57.0,72.2,39.0,0,0,1.9,48.0,,26,0
828.8,16:34:38,2401653094,1076754866,223,0,2022966,0,169,0,17,1,-59.0,72.2,39.0,0,0,1.9,48.0,,25,0
829.8,16:34:39,2401653297,1076754866,203,0,2022967,0,169,0,17,1,-58.0,72.2,39.0,0,0,2.5,47.0,,26,0
830.9,16:34:40,2401653297,1076754866,0,0,2022967,0,169,0,17,1,-58.0,72.2,39.0,0,0,2.4,50.0,,25,0
831.9,16:34:41,2401653297,1076754866,0,0,2022967,0,169,0,17,1,-58.0,72.2,39.0,0,0,2.9,49.0,,26,0
832.9,16:34:42,2401653297,1076754866,0,0,2022967,0,169,0,17,1,-59.0,72.2,39.0,0,0,1.6,48.0,,25,0
833.9,16:34:43,2401653297,1076754866,0,0,2022967,0,169,0,17,1,-62.0,72.2,39.0,0,0,2.2,49.0,,26,0
834.9,16:34:44,2401653297,1076754866,0,0,2022967,0,169,0,17,1,-56.0,72.2,39.0,0,0,2.0,48.0,,25,0
835.9,16:34:45,2401653297,1076754866,0,0,2022967,0,169,0,17,1,-57.0,72.2,39.0,0,0,2.4,48.0,,26,0
836.9,16:34:46,2401653297,1076754866,0,0,2022967,0,169,0,17,1,-56.0,72.2,39.0,0,0,2.2,48.0,,25,0
837.9,16:34:47,2401653297,1076754866,0,0,2022967,0,169,0,17,1,-60.0,72.2,39.0,0,0,2.2,48.0,,26,0
838.9,16:34:48,2401653297,1076754866,0,0,2022967,0,169,0,17,1,-58.0,72.2,39.0,0,0,4.2,49.0,,25,0
839.9,16:34:49,2401653297,1076754866,0,0,2022967,0,169,0,17,1,-57.0,72.2,39.0,0,0,10.0,50.0,,26,0
841.0,16:34:50,2401653297,1076754866,0,0,2022967,0,169,0,17,1,-58.0,72.2,39.0,0,0,8.1,51.0,,26,0
842.0,16:34:51,2401653297,1076754866,0,0,2022967,0,169,0,17,1,-58.0,72.2,39.0,0,0,5.2,49.0,,27,0
843.0,16:34:52,2401653297,1076754866,0,0,2022967,0,169,0,17,1,-59.0,72.2,39.0,0,0,12.6,52.0,,27,0
844.0,16:34:53,2401653889,1076754866,592,0,2022969,0,169,0,17,1,-58.0,72.2,39.0,0,0,5.0,50.0,,27,0
845.0,16:34:54,2401654397,1076754866,508,0,2022972,0,169,0,17,1,-56.0,72.2,39.0,1,0,4.6,53.0,,28,0
846.0,16:34:55,2401654397,1076754866,0,0,2022972,0,169,0,17,1,-56.0,72.2,39.0,0,0,6.6,50.0,,27,0
847.0,16:34:56,2401654397,1076754866,0,0,2022972,0,169,0,17,1,-57.0,72.2,39.0,0,0,5.6,50.0,,26,0
848.0,16:34:57,2401654397,1076754866,0,0,2022972,0,169,0,17,1,-58.0,72.2,39.0,0,0,4.6,50.0,,27,0
849.0,16:34:58,2401654397,1076754866,0,0,2022972,0,169,0,17,1,-58.0,72.2,39.0,0,0,4.9,51.0,,27,0
850.0,16:34:59,2401654397,1076754866,0,0,2022972,0,169,0,17,1,-57.0,72.2,39.0,0,0,12.5,52.0,,27,0
851.1,16:35:00,2401654397,1076754866,0,0,2022972,0,169,0,17,1,-58.0,72.2,39.0,0,0,6.2,51.0,,28,0
852.1,16:35:01,2401654693,1076754866,296,0,2022973,0,169,0,17,1,-57.0,72.2,39.0,0,0,14.1,56.0,,27,0
853.1,16:35:02,2401654989,1076754866,296,0,2022974,0,169,0,17,1,-58.0,72.2,39.0,0,0,4.0,51.0,,28,0
854.1,16:35:03,2401654989,1076754866,0,0,2022974,0,169,0,17,1,-58.0,72.2,39.0,0,0,3.5,51.0,,29,0
855.1,16:35:04,2401655285,1076754866,296,0,2022975,0,169,0,17,1,-58.0,72.2,39.0,0,0,4.9,52.0,,28,0
856.1,16:35:05,2401655877,1076754866,592,0,2022977,0,169,0,17,1,-57.0,72.2,39.0,0,0,4.9,51.0,,28,0
857.1,16:35:06,2401662077,1076754866,6200,0,2023077,0,169,0,17,1,-57.0,72.2,39.0,4,0,4.2,50.0,,27,0
858.1,16:35:07,2401675069,1076754866,12992,0,2023279,0,169,0,17,1,-57.0,72.2,39.0,0,0,4.2,51.0,,27,0
859.1,16:35:08,2401691175,1076754866,16106,0,2023535,0,169,0,17,1,-57.0,72.2,39.0,3,0,3.8,50.0,,27,0
860.1,16:35:09,2401700785,1076754866,9610,0,2023690,0,169,0,17,1,-58.0,72.2,39.0,0,0,3.2,51.0,,27,0
861.2,16:35:10,2401704491,1076754866,3706,0,2023746,0,169,0,17,1,-56.0,72.2,39.0,0,0,2.2,50.0,,27,0
862.2,16:35:11,2401704491,1076754866,0,0,2023746,0,169,0,17,1,-56.0,72.2,39.0,0,0,3.2,50.0,,26,0
863.2,16:35:12,2401704491,1076754866,0,0,2023746,0,169,0,17,1,-58.0,72.2,39.0,0,0,2.5,49.0,,27,0
864.2,16:35:13,2401704491,1076754866,0,0,2023746,0,169,0,17,1,-57.0,72.2,39.0,0,0,3.1,50.0,,26,0
865.2,16:35:14,2401704491,1076754866,0,0,2023746,0,169,0,17,1,-59.0,72.2,39.0,0,0,3.4,51.0,,27,0
866.2,16:35:15,2401704491,1076754866,0,0,2023746,0,169,0,17,1,-59.0,72.2,39.0,0,0,2.5,50.0,,27,0
867.2,16:35:16,2401704491,1076754866,0,0,2023746,0,169,0,17,1,-59.0,72.2,39.0,0,0,3.0,48.0,,27,0
868.2,16:35:17,2401704491,1076754866,0,0,2023746,0,169,0,17,1,-59.0,72.2,39.0,0,0,4.5,50.0,,26,0
869.2,16:35:18,2401704787,1076754866,296,0,2023747,0,169,0,17,1,-58.0,72.2,39.0,0,0,3.0,50.0,,27,0
870.3,16:35:20,2401711283,1076754866,6496,0,2023848,0,169,0,17,1,-57.0,72.2,39.0,2,0,3.4,49.0,,26,0
871.3,16:35:21,2401723683,1076754866,12400,0,2024048,0,169,0,17,1,-58.0,72.2,39.0,4,0,3.1,49.0,,27,0
872.3,16:35:22,2401739789,1076754866,16106,0,2024304,0,169,0,17,1,-57.0,72.2,39.0,2,0,4.0,50.0,,26,0
873.3,16:35:23,2401749399,1076754866,9610,0,2024459,0,169,0,17,1,-58.0,72.2,39.0,0,0,10.0,51.0,,27,0
874.3,16:35:24,2401752809,1076754866,3410,0,2024514,0,169,0,17,1,-59.0,72.2,39.0,0,0,8.3,51.0,,27,0
875.3,16:35:25,2401752809,1076754866,0,0,2024514,0,169,0,17,1,-58.0,72.2,39.0,0,0,8.7,54.0,,28,0
876.3,16:35:26,2401752809,1076754866,0,0,2024514,0,169,0,17,1,-57.0,72.2,39.0,0,0,8.7,54.0,,29,0
877.3,16:35:27,2401753235,1076754866,426,0,2024516,0,169,0,17,1,-57.0,72.2,39.0,1,0,8.7,56.0,,31,0
878.3,16:35:28,2401753235,1076754866,0,0,2024516,0,169,0,17,1,-56.0,72.2,39.0,0,0,9.0,55.0,,32,0
879.3,16:35:29,2401753235,1076754866,0,0,2024516,0,169,0,17,1,-57.0,72.2,39.0,0,0,8.7,56.0,,31,0
880.3,16:35:30,2401753317,1076754866,82,0,2024517,0,169,0,17,1,-58.0,72.2,39.0,0,0,8.4,57.0,,32,0
881.3,16:35:31,2401753317,1076754866,0,0,2024517,0,169,0,17,1,-57.0,72.2,39.0,0,0,9.0,56.0,,33,0
882.4,16:35:32,2401753317,1076754866,0,0,2024517,0,169,0,17,1,-57.0,72.2,39.0,0,0,9.1,57.0,,32,0
883.4,16:35:33,2401753317,1076754866,0,0,2024517,0,169,0,17,1,-57.0,72.2,39.0,0,0,9.9,56.0,,32,0
884.4,16:35:34,2401753317,1076754866,0,0,2024517,0,169,0,17,1,-57.0,72.2,39.0,0,0,11.7,56.0,,34,0
885.4,16:35:35,2401753317,1076754866,0,0,2024517,0,169,0,17,1,-58.0,72.2,39.0,0,0,8.6,57.0,,34,0
886.4,16:35:36,2401753317,1076754866,0,0,2024517,0,169,0,17,1,-58.0,72.2,39.0,0,0,10.6,57.0,,33,0
887.4,16:35:37,2401753317,1076754866,0,0,2024517,0,169,0,17,1,-58.0,72.2,39.0,0,0,9.2,58.0,,33,0
888.4,16:35:38,2401753317,1076754866,0,0,2024517,0,169,0,17,1,-58.0,72.2,39.0,0,0,8.6,58.0,,34,0
889.4,16:35:39,2401753317,1076754866,0,0,2024517,0,169,0,17,1,-59.0,72.2,39.0,0,0,9.1,58.0,,34,0
890.4,16:35:40,2401753317,1076754866,0,0,2024517,0,169,0,17,1,-59.0,72.2,39.0,0,0,10.9,58.0,,34,0
891.4,16:35:41,2401753317,1076754866,0,0,2024517,0,169,0,17,1,-59.0,72.2,39.0,0,0,13.6,58.0,,35,0
892.4,16:35:42,2401753317,1076754866,0,0,2024517,0,169,0,17,1,-58.0,72.2,39.0,0,0,13.0,57.0,,34,0
893.4,16:35:43,2401753317,1076754866,0,0,2024517,0,169,0,17,1,-59.0,72.2,39.0,0,0,12.8,57.0,,34,0
894.5,16:35:44,2401753317,1076754866,0,0,2024517,0,169,0,17,1,-59.0,72.2,39.0,0,0,11.9,57.0,,34,0
895.5,16:35:45,2401753317,1076754866,0,0,2024517,0,169,0,17,1,-59.0,72.2,39.0,0,0,10.9,58.0,,34,0
896.5,16:35:46,2401753317,1076754866,0,0,2024517,0,169,0,17,1,-58.0,72.2,39.0,0,0,10.7,57.0,,35,0
897.5,16:35:47,2401753317,1076754866,0,0,2024517,0,169,0,17,1,-57.0,72.2,39.0,0,0,9.5,59.0,,35,0
898.5,16:35:48,2401753317,1076754866,0,0,2024517,0,169,0,17,1,-61.0,72.2,39.0,0,0,9.7,58.0,,35,0
899.5,16:35:49,2401753317,1076754866,0,0,2024517,0,169,0,17,1,-62.0,72.2,39.0,0,0,9.5,60.0,,35,0
900.5,16:35:50,2401753317,1076754866,0,0,2024517,0,169,0,17,1,-58.0,72.2,39.0,0,0,11.8,59.0,,36,0
901.5,16:35:51,2401753317,1076754866,0,0,2024517,0,169,0,17,1,-56.0,72.2,39.0,0,0,11.7,58.0,,36,0
902.5,16:35:52,2401753317,1076754866,0,0,2024517,0,169,0,17,1,-58.0,72.2,39.0,0,0,11.4,59.0,,36,0
903.5,16:35:53,2401753317,1076754866,0,0,2024517,0,169,0,17,1,-59.0,72.2,39.0,0,0,10.8,61.0,,37,0
904.5,16:35:54,2401753317,1076754866,0,0,2024517,0,169,0,17,1,-56.0,72.2,39.0,0,0,11.4,58.0,,36,0
905.5,16:35:55,2401753317,1076754866,0,0,2024517,0,169,0,17,1,-56.0,72.2,39.0,0,0,10.0,61.0,,36,0
906.6,16:35:56,2401753317,1076754866,0,0,2024517,0,169,0,17,1,-57.0,72.2,39.0,0,0,11.5,60.0,,37,0
907.6,16:35:57,2401753317,1076754866,0,0,2024517,0,169,0,17,1,-58.0,72.2,39.0,0,0,11.0,59.0,,36,0
908.6,16:35:58,2401753317,1076754866,0,0,2024517,0,169,0,17,1,-58.0,72.2,39.0,0,0,11.8,60.0,,36,0
909.6,16:35:59,2401753317,1076754866,0,0,2024517,0,169,0,17,1,-57.0,72.2,39.0,0,0,11.7,60.0,,37,0
910.6,16:36:00,2401753317,1076754866,0,0,2024517,0,169,0,17,1,-57.0,72.2,39.0,0,0,11.7,60.0,,36,0
911.6,16:36:01,2401753317,1076754866,0,0,2024517,0,169,0,17,1,-57.0,24.0,39.0,0,0,10.9,59.0,,37,0
912.6,16:36:02,2401753317,1076754866,0,0,2024517,0,169,0,17,1,-57.0,24.0,39.0,0,0,11.5,59.0,,36,0
913.6,16:36:03,2401753317,1076754866,0,0,2024517,0,169,0,17,1,-57.0,24.0,39.0,0,0,12.2,60.0,,36,0
914.6,16:36:04,2401753317,1076754866,0,0,2024517,0,169,0,17,1,-56.0,24.0,39.0,0,0,11.8,60.0,,37,0
915.6,16:36:05,2401753317,1076754866,0,0,2024517,0,169,0,17,1,-55.0,24.0,39.0,0,0,11.4,61.0,,38,0
916.6,16:36:06,2401753317,1076754866,0,0,2024517,0,169,0,17,1,-57.0,24.0,39.0,0,0,11.7,62.0,,38,0
917.6,16:36:07,2401753317,1076754866,0,0,2024517,0,169,0,17,1,-57.0,24.0,39.0,0,0,11.9,60.0,,37,0
918.6,16:36:08,2401753317,1076754866,0,0,2024517,0,169,0,17,1,-57.0,24.0,39.0,0,0,13.6,60.0,,36,0
919.7,16:36:09,2401753317,1076754866,0,0,2024517,0,169,0,17,1,-56.0,24.0,39.0,0,0,12.8,60.0,,37,0
920.7,16:36:10,2401753317,1076754866,0,0,2024517,0,169,0,17,1,-57.0,24.0,39.0,0,0,12.6,60.0,,37,0
921.7,16:36:11,2401753317,1076754866,0,0,2024517,0,169,0,17,1,-56.0,24.0,39.0,0,0,14.0,61.0,,37,0
922.7,16:36:12,2401753317,1076754866,0,0,2024517,0,169,0,17,1,-57.0,24.0,39.0,0,0,11.7,62.0,,36,0
923.7,16:36:13,2401753317,1076754866,0,0,2024517,0,169,0,17,1,-58.0,24.0,39.0,0,0,13.3,62.0,,37,0
924.7,16:36:14,2401753317,1076754866,0,0,2024517,0,169,0,17,1,-58.0,24.0,39.0,0,0,11.9,61.0,,38,0
925.7,16:36:15,2401753317,1076754866,0,0,2024517,0,169,0,17,1,-58.0,24.0,39.0,0,0,12.2,61.0,,37,0
926.7,16:36:16,2401753317,1076754866,0,0,2024517,0,169,0,17,1,-57.0,24.0,39.0,0,0,10.3,61.0,,38,0
927.7,16:36:17,2401753317,1076754866,0,0,2024517,0,169,0,17,1,-58.0,24.0,39.0,0,0,10.9,61.0,,38,0
928.7,16:36:18,2401753317,1076754866,0,0,2024517,0,169,0,17,1,-57.0,24.0,39.0,0,0,10.9,62.0,,37,0
929.7,16:36:19,2401753317,1076754866,0,0,2024517,0,169,0,17,1,-58.0,24.0,39.0,0,0,10.1,61.0,,38,0
930.7,16:36:20,2401753317,1076754866,0,0,2024517,0,169,0,17,1,-57.0,24.0,39.0,0,0,10.9,62.0,,38,0
931.8,16:36:21,2401753317,1076754866,0,0,2024517,0,169,0,17,1,-57.0,24.0,39.0,0,0,10.5,61.0,,37,0
932.8,16:36:22,2401753317,1076754866,0,0,2024517,0,169,0,17,1,-59.0,24.0,39.0,0,0,11.3,62.0,,37,0
933.8,16:36:23,2401753317,1076754866,0,0,2024517,0,169,0,17,1,-60.0,24.0,39.0,0,0,11.2,62.0,,37,0
934.8,16:36:24,2401753317,1076754866,0,0,2024517,0,169,0,17,1,-60.0,24.0,39.0,0,0,11.5,62.0,,37,0
935.8,16:36:25,2401753317,1076754866,0,0,2024517,0,169,0,17,1,-57.0,24.0,39.0,0,0,10.9,62.0,,38,0
936.8,16:36:26,2401753317,1076754866,0,0,2024517,0,169,0,17,1,-58.0,24.0,39.0,0,0,12.2,62.0,,38,0
937.8,16:36:27,2401753317,1076754866,0,0,2024517,0,169,0,17,1,-57.0,24.0,39.0,0,0,11.8,62.0,,37,0
938.8,16:36:28,2401753317,1076754866,0,0,2024517,0,169,0,17,1,-57.0,24.0,39.0,0,0,11.5,60.0,,37,0
939.8,16:36:29,2401753317,1076754866,0,0,2024517,0,169,0,17,1,-58.0,24.0,39.0,0,0,11.8,61.0,,37,0
940.8,16:36:30,2401753540,1076754866,223,0,2024518,0,169,0,17,1,-56.0,72.2,39.0,0,0,11.9,61.0,,37,0
941.8,16:36:31,2401753743,1076754866,203,0,2024519,0,169,0,17,1,-57.0,72.2,39.0,0,0,11.9,61.0,,38,0
942.8,16:36:32,2401753743,1076754866,0,0,2024519,0,169,0,17,1,-58.0,72.2,39.0,0,0,13.4,61.0,,38,0
943.8,16:36:33,2401753743,1076754866,0,0,2024519,0,169,0,17,1,-57.0,72.2,39.0,0,0,13.5,62.0,,37,0
944.9,16:36:34,2401753743,1076754866,0,0,2024519,0,169,0,17,1,-56.0,72.2,39.0,0,0,12.9,61.0,,38,0
945.9,16:36:35,2401753743,1076754866,0,0,2024519,0,169,0,17,1,-58.0,72.2,39.0,0,0,12.8,61.0,,37,0
946.9,16:36:36,2401753743,1076754866,0,0,2024519,0,169,0,17,1,-57.0,72.2,39.0,0,0,13.0,61.0,,38,0
947.9,16:36:37,2401753743,1076754866,0,0,2024519,0,169,0,17,1,-57.0,72.2,39.0,0,0,12.2,61.0,,38,0
948.9,16:36:38,2401753743,1076754866,0,0,2024519,0,169,0,17,1,-58.0,72.2,39.0,0,0,11.8,61.0,,38,0
949.9,16:36:39,2401753743,1076754866,0,0,2024519,0,169,0,17,1,-58.0,72.2,39.0,0,0,10.5,62.0,,38,0
950.9,16:36:40,2401753743,1076754866,0,0,2024519,0,169,0,17,1,-56.0,72.2,39.0,0,0,9.9,62.0,,37,0
951.9,16:36:41,2401753825,1076754866,82,0,2024520,0,169,0,17,1,-57.0,72.2,39.0,0,0,10.9,63.0,,38,0
952.9,16:36:42,2401753825,1076754866,0,0,2024520,0,169,0,17,1,-57.0,72.2,39.0,0,0,9.1,63.0,,37,0
953.9,16:36:43,2401753825,1076754866,0,0,2024520,0,169,0,17,1,-57.0,72.2,39.0,0,0,11.1,62.0,,38,0
954.9,16:36:44,2401753825,1076754866,0,0,2024520,0,169,0,17,1,-58.0,72.2,39.0,0,0,10.1,63.0,,38,0
955.9,16:36:45,2401753825,1076754866,0,0,2024520,0,169,0,17,1,-57.0,72.2,39.0,0,0,11.4,62.0,,38,0
957.0,16:36:46,2401753825,1076754866,0,0,2024520,0,169,0,17,1,-56.0,72.2,39.0,0,0,11.1,61.0,,38,0
958.0,16:36:47,2401753825,1076754866,0,0,2024520,0,169,0,17,1,-57.0,72.2,39.0,0,0,11.6,64.0,,37,0
959.0,16:36:48,2401753825,1076754866,0,0,2024520,0,169,0,17,1,-58.0,72.2,39.0,0,0,2.5,60.0,,37,0
960.0,16:36:49,2401753825,1076754866,0,0,2024520,0,169,0,17,1,-59.0,72.2,39.0,0,0,2.1,58.0,,36,0
961.0,16:36:50,2401753825,1076754866,0,0,2024520,0,169,0,17,1,-58.0,72.2,39.0,0,0,2.6,59.0,,35,0
962.0,16:36:51,2401753825,1076754866,0,0,2024520,0,169,0,17,1,-58.0,72.2,39.0,0,0,2.4,58.0,,35,0
963.0,16:36:52,2401753825,1076754866,0,0,2024520,0,169,0,17,1,-58.0,72.2,39.0,0,0,2.1,58.0,,35,0
964.0,16:36:53,2401753825,1076754866,0,0,2024520,0,169,0,17,1,-58.0,72.2,39.0,0,0,2.5,57.0,,34,0
965.0,16:36:54,2401753825,1076754866,0,0,2024520,0,169,0,17,1,-59.0,72.2,39.0,0,0,1.9,57.0,,33,0
966.0,16:36:55,2401753825,1076754866,0,0,2024520,0,169,0,17,1,-59.0,72.2,39.0,0,0,3.6,55.0,,34,0
967.1,16:36:56,2401753825,1076754866,0,0,2024520,0,169,0,17,1,-59.0,72.2,39.0,0,0,4.4,56.0,,32,0
968.1,16:36:57,2401753825,1076754866,0,0,2024520,0,169,0,17,1,-59.0,72.2,39.0,0,0,2.4,56.0,,33,0
969.1,16:36:58,2401753825,1076754866,0,0,2024520,0,169,0,17,1,-59.0,72.2,39.0,0,0,2.4,55.0,,33,0
970.1,16:36:59,2401753825,1076754866,0,0,2024520,0,169,0,17,1,-59.0,72.2,39.0,0,0,2.7,55.0,,32,0
971.1,16:37:00,2401753825,1076754866,0,0,2024520,0,169,0,17,1,-58.0,72.2,39.0,0,0,2.5,55.0,,31,0
972.1,16:37:01,2401753825,1076754866,0,0,2024520,0,169,0,17,1,-59.0,72.2,39.0,0,0,2.1,55.0,,32,0
973.1,16:37:02,2401753825,1076754866,0,0,2024520,0,169,0,17,1,-58.0,72.2,39.0,0,0,3.1,55.0,,31,0
974.1,16:37:03,2401753825,1076754866,0,0,2024520,0,169,0,17,1,-59.0,72.2,39.0,0,0,2.2,55.0,,31,0
975.1,16:37:04,2401753825,1076754866,0,0,2024520,0,169,0,17,1,-57.0,72.2,39.0,0,0,2.0,55.0,,32,0
976.2,16:37:05,2401753825,1076754866,0,0,2024520,0,169,0,17,1,-59.0,72.2,39.0,0,0,2.2,54.0,,31,0
977.2,16:37:06,2401753825,1076754866,0,0,2024520,0,169,0,17,1,-57.0,72.2,39.0,0,0,2.2,54.0,,30,0
978.2,16:37:07,2401753825,1076754866,0,0,2024520,0,169,0,17,1,-58.0,72.2,39.0,0,0,2.5,53.0,,31,0
979.2,16:37:08,2401753825,1076754866,0,0,2024520,0,169,0,17,1,-58.0,72.2,39.0,0,0,2.6,55.0,,31,0
980.2,16:37:09,2401753825,1076754866,0,0,2024520,0,169,0,17,1,-58.0,72.2,39.0,0,0,2.6,55.0,,31,0
981.2,16:37:10,2401753825,1076754866,0,0,2024520,0,169,0,17,1,-56.0,72.2,39.0,0,0,6.6,53.0,,30,0
982.2,16:37:11,2401753825,1076754866,0,0,2024520,0,169,0,17,1,-58.0,24.0,39.0,0,0,6.0,53.0,,30,0
983.2,16:37:12,2401753825,1076754866,0,0,2024520,0,169,0,17,1,-58.0,24.0,39.0,0,0,5.4,54.0,,31,0
984.2,16:37:13,2401753825,1076754866,0,0,2024520,0,169,0,17,1,-56.0,24.0,39.0,0,0,5.1,54.0,,32,0
985.3,16:37:15,2401753825,1076754866,0,0,2024520,0,169,0,17,1,-57.0,24.0,39.0,0,0,3.4,54.0,,31,0
986.3,16:37:16,2401753825,1076754866,0,0,2024520,0,169,0,17,1,-57.0,24.0,39.0,0,0,4.3,54.0,,31,0
987.3,16:37:17,2401753825,1076754866,0,0,2024520,0,169,0,17,1,-57.0,24.0,39.0,0,0,4.8,54.0,,31,0
988.3,16:37:18,2401753825,1076754866,0,0,2024520,0,169,0,17,1,-58.0,24.0,39.0,0,0,5.7,53.0,,30,0
989.3,16:37:19,2401753825,1076754866,0,0,2024520,0,169,0,17,1,-58.0,24.0,39.0,0,0,7.0,53.0,,31,0
990.3,16:37:20,2401753825,1076754866,0,0,2024520,0,169,0,17,1,-58.0,24.0,39.0,0,0,4.0,53.0,,31,0
991.3,16:37:21,2401753825,1076754866,0,0,2024520,0,169,0,17,1,-58.0,24.0,39.0,0,0,3.5,53.0,,30,0
992.3,16:37:22,2401753825,1076754866,0,0,2024520,0,169,0,17,1,-58.0,24.0,39.0,0,0,3.0,53.0,,31,0
993.3,16:37:23,2401753825,1076754866,0,0,2024520,0,169,0,17,1,-57.0,24.0,39.0,0,0,3.3,53.0,,30,0
994.4,16:37:24,2401753825,1076754866,0,0,2024520,0,169,0,17,1,-60.0,24.0,39.0,0,0,2.0,53.0,,29,0
995.4,16:37:25,2401753825,1076754866,0,0,2024520,0,169,0,17,1,-58.0,24.0,39.0,0,0,4.5,54.0,,30,0
996.4,16:37:26,2401753825,1076754866,0,0,2024520,0,169,0,17,1,-57.0,24.0,39.0,0,0,2.9,53.0,,31,0
997.4,16:37:27,2401753825,1076754866,0,0,2024520,0,169,0,17,1,-58.0,24.0,39.0,0,0,2.8,53.0,,30,0
998.4,16:37:28,2401753825,1076754866,0,0,2024520,0,169,0,17,1,-57.0,24.0,39.0,0,0,6.0,54.0,,29,0
999.4,16:37:29,2401753825,1076754866,0,0,2024520,0,169,0,17,1,-58.0,24.0,39.0,0,0,4.5,53.0,,30,0
1000.4,16:37:30,2401753825,1076754866,0,0,2024520,0,169,0,17,1,-56.0,24.0,39.0,0,0,5.4,52.0,,30,0
1001.4,16:37:31,2401753825,1076754866,0,0,2024520,0,169,0,17,1,-60.0,24.0,39.0,0,0,2.6,52.0,,30,0
1002.4,16:37:32,2401753825,1076754866,0,0,2024520,0,169,0,17,1,-57.0,24.0,39.0,0,0,6.0,52.0,,29,0
1003.4,16:37:33,2401753825,1076754866,0,0,2024520,0,169,0,17,1,-57.0,24.0,39.0,0,0,6.4,54.0,,30,0
1004.5,16:37:34,2401753825,1076754866,0,0,2024520,0,169,0,17,1,-58.0,24.0,39.0,0,0,4.0,54.0,,31,0
1005.5,16:37:35,2401753825,1076754866,0,0,2024520,0,169,0,17,1,-56.0,24.0,39.0,0,0,2.5,52.0,,30,0
1006.5,16:37:36,2401753825,1076754866,0,0,2024520,0,169,0,17,1,-56.0,24.0,39.0,0,0,9.0,54.0,,29,0
1007.5,16:37:37,2401753825,1076754866,0,0,2024520,0,169,0,17,1,-59.0,24.0,39.0,0,0,4.2,55.0,,30,0
1008.5,16:37:38,2401753825,1076754866,0,0,2024520,0,169,0,17,1,-58.0,24.0,39.0,0,0,6.1,54.0,,31,0
1009.5,16:37:39,2401753825,1076754866,0,0,2024520,0,169,0,17,1,-57.0,24.0,39.0,0,0,3.4,53.0,,31,0
1010.5,16:37:40,2401753825,1076754866,0,0,2024520,0,169,0,17,1,-57.0,24.0,39.0,0,0,3.2,53.0,,29,0
1011.5,16:37:41,2401753825,1076754866,0,0,2024520,0,169,0,17,1,-59.0,24.0,39.0,0,0,3.5,53.0,,29,0
1012.5,16:37:42,2401753825,1076754866,0,0,2024520,0,169,0,17,1,-58.0,24.0,39.0,0,0,2.9,52.0,,30,0
1013.5,16:37:43,2401753825,1076754866,0,0,2024520,0,169,0,17,1,-58.0,24.0,39.0,0,0,4.5,53.0,,29,0
1014.6,16:37:44,2401753825,1076754866,0,0,2024520,0,169,0,17,1,-57.0,24.0,39.0,0,0,7.2,53.0,,29,0
1015.6,16:37:45,2401753825,1076754866,0,0,2024520,0,169,0,17,1,-58.0,24.0,39.0,0,0,5.0,54.0,,30,0
1016.6,16:37:46,2401753825,1076754866,0,0,2024520,0,169,0,17,1,-58.0,24.0,39.0,0,0,3.8,52.0,,29,0
1017.6,16:37:47,2401753825,1076754866,0,0,2024520,0,169,0,17,1,-58.0,24.0,39.0,0,0,3.7,51.0,,29,0
1018.6,16:37:48,2401753825,1076754866,0,0,2024520,0,169,0,17,1,-57.0,24.0,39.0,0,0,4.6,52.0,,29,0
1019.6,16:37:49,2401753825,1076754866,0,0,2024520,0,169,0,17,1,-57.0,24.0,39.0,0,0,3.8,52.0,,29,0
1020.6,16:37:50,2401753825,1076754866,0,0,2024520,0,169,0,17,1,-60.0,24.0,39.0,0,0,2.7,52.0,,28,0
1021.6,16:37:51,2401753825,1076754866,0,0,2024520,0,169,0,17,1,-57.0,24.0,39.0,0,0,3.2,53.0,,29,0
1022.6,16:37:52,2401753825,1076754866,0,0,2024520,0,169,0,17,1,-57.0,24.0,39.0,0,0,5.9,52.0,,28,0
1023.7,16:37:53,2401753825,1076754866,0,0,2024520,0,169,0,17,1,-58.0,24.0,39.0,0,0,5.6,53.0,,28,0
1024.7,16:37:54,2401753825,1076754866,0,0,2024520,0,169,0,17,1,-59.0,24.0,39.0,0,0,2.5,53.0,,29,0
1025.7,16:37:55,2401753825,1076754866,0,0,2024520,0,169,0,17,1,-58.0,24.0,39.0,0,0,2.3,52.0,,28,0
1026.7,16:37:56,2401753825,1076754866,0,0,2024520,0,169,0,17,1,-59.0,24.0,39.0,0,0,3.0,51.0,,28,0
1027.7,16:37:57,2401753825,1076754866,0,0,2024520,0,169,0,17,1,-57.0,24.0,39.0,0,0,2.9,52.0,,29,0
1028.7,16:37:58,2401753825,1076754866,0,0,2024520,0,169,0,17,1,-57.0,24.0,39.0,0,0,2.7,52.0,,28,0
1029.7,16:37:59,2401753825,1076754866,0,0,2024520,0,169,0,17,1,-59.0,24.0,39.0,0,0,2.6,52.0,,29,0
1030.7,16:38:00,2401753825,1076754866,0,0,2024520,0,169,0,17,1,-58.0,24.0,39.0,0,0,2.9,51.0,,28,0
1031.7,16:38:01,2401753825,1076754866,0,0,2024520,0,169,0,17,1,-58.0,24.0,39.0,0,0,3.0,51.0,,28,0
1032.7,16:38:02,2401753825,1076754866,0,0,2024520,0,169,0,17,1,-57.0,24.0,39.0,0,0,2.7,51.0,,29,0
1033.7,16:38:03,2401753825,1076754866,0,0,2024520,0,169,0,17,1,-57.0,24.0,39.0,0,0,2.9,52.0,,28,0
1034.8,16:38:04,2401753825,1076754866,0,0,2024520,0,169,0,17,1,-57.0,24.0,39.0,0,0,2.5,51.0,,28,0
1035.8,16:38:05,2401753825,1076754866,0,0,2024520,0,169,0,17,1,-57.0,24.0,39.0,0,0,2.4,51.0,,28,0
1036.8,16:38:06,2401753825,1076754866,0,0,2024520,0,169,0,17,1,-58.0,24.0,39.0,0,0,2.7,51.0,,28,0
1037.8,16:38:07,2401753825,1076754866,0,0,2024520,0,169,0,17,1,-59.0,24.0,39.0,0,0,2.7,51.0,,29,0
1038.8,16:38:08,2401753825,1076754866,0,0,2024520,0,169,0,17,1,-57.0,24.0,39.0,0,0,2.7,51.0,,28,0
1039.8,16:38:09,2401753825,1076754866,0,0,2024520,0,169,0,17,1,-58.0,24.0,39.0,0,0,2.9,52.0,,27,0
1040.8,16:38:10,2401753825,1076754866,0,0,2024520,0,169,0,17,1,-59.0,24.0,39.0,0,0,2.5,52.0,,28,0
1041.8,16:38:11,2401753825,1076754866,0,0,2024520,0,169,0,17,1,-58.0,24.0,39.0,0,0,2.9,51.0,,28,0
1042.8,16:38:12,2401753825,1076754866,0,0,2024520,0,169,0,17,1,-58.0,24.0,39.0,0,0,2.9,51.0,,27,0
1043.9,16:38:13,2401753825,1076754866,0,0,2024520,0,169,0,17,1,-58.0,24.0,39.0,0,0,2.7,51.0,,27,0
1044.9,16:38:14,2401753825,1076754866,0,0,2024520,0,169,0,17,1,-57.0,24.0,39.0,0,0,2.6,51.0,,27,0
1045.9,16:38:15,2401753825,1076754866,0,0,2024520,0,169,0,17,1,-58.0,24.0,39.0,0,0,2.7,50.0,,28,0
1046.9,16:38:16,2401753825,1076754866,0,0,2024520,0,169,0,17,1,-58.0,24.0,39.0,0,0,3.6,52.0,,28,0
1047.9,16:38:17,2401753825,1076754866,0,0,2024520,0,169,0,17,1,-58.0,24.0,39.0,0,0,2.5,51.0,,28,0
1048.9,16:38:18,2401753825,1076754866,0,0,2024520,0,169,0,17,1,-58.0,24.0,39.0,0,0,3.1,52.0,,27,0
1049.9,16:38:19,2401753825,1076754866,0,0,2024520,0,169,0,17,1,-57.0,24.0,39.0,0,0,2.9,51.0,,27,0
1050.9,16:38:20,2401753825,1076754866,0,0,2024520,0,169,0,17,1,-58.0,24.0,39.0,0,0,2.5,51.0,,28,0
1051.9,16:38:21,2401753825,1076754866,0,0,2024520,0,169,0,17,1,-57.0,24.0,39.0,0,0,3.0,51.0,,28,0
1053.0,16:38:22,2401753825,1076754866,0,0,2024520,0,169,0,17,1,-57.0,24.0,39.0,0,0,4.1,50.0,,29,0
1054.0,16:38:23,2401753825,1076754866,0,0,2024520,0,169,0,17,1,-57.0,24.0,39.0,0,0,3.0,51.0,,28,0
1055.0,16:38:24,2401753825,1076754866,0,0,2024520,0,169,0,17,1,-58.0,24.0,39.0,0,0,2.7,51.0,,27,0
1056.0,16:38:25,2401753825,1076754866,0,0,2024520,0,169,0,17,1,-56.0,24.0,39.0,0,0,2.9,51.0,,28,0
1057.0,16:38:26,2401753825,1076754866,0,0,2024520,0,169,0,17,1,-58.0,24.0,39.0,0,0,2.2,51.0,,28,0
1058.0,16:38:27,2401753825,1076754866,0,0,2024520,0,169,0,17,1,-58.0,24.0,39.0,0,0,2.5,50.0,,27,0
1059.0,16:38:28,2401753825,1076754866,0,0,2024520,0,169,0,17,1,-57.0,24.0,39.0,0,0,2.5,51.0,,27,0
1060.0,16:38:29,2401753825,1076754866,0,0,2024520,0,169,0,17,1,-58.0,24.0,39.0,0,0,2.6,51.0,,28,0
1061.1,16:38:30,2401753825,1076754866,0,0,2024520,0,169,0,17,1,-59.0,24.0,39.0,0,0,2.6,50.0,,28,0
1062.1,16:38:31,2401753825,1076754866,0,0,2024520,0,169,0,17,1,-60.0,24.0,39.0,0,0,3.6,51.0,,27,0
1063.1,16:38:32,2401753825,1076754866,0,0,2024520,0,169,0,17,1,-58.0,24.0,39.0,0,0,7.8,52.0,,27,0
1064.1,16:38:33,2401753825,1076754866,0,0,2024520,0,169,0,17,1,-59.0,24.0,39.0,0,0,8.1,51.0,,28,0
1065.1,16:38:34,2401753825,1076754866,0,0,2024520,0,169,0,17,1,-57.0,24.0,39.0,0,0,6.2,60.0,,30,0
1066.1,16:38:35,2401753825,1076754866,0,0,2024520,0,169,0,17,1,-57.0,24.0,39.0,0,0,7.2,51.0,,31,0
1067.1,16:38:36,2401753825,1076754866,0,0,2024520,0,169,0,17,1,-57.0,24.0,39.0,0,0,7.1,59.0,,31,0
1068.1,16:38:37,2401753825,1076754866,0,0,2024520,0,169,0,17,1,-59.0,24.0,39.0,0,0,8.5,52.0,,32,0
1069.1,16:38:38,2401754251,1076754866,426,0,2024522,0,169,0,17,1,-57.0,72.2,39.0,1,0,7.0,61.0,,34,0
1070.1,16:38:39,2401754251,1076754866,0,0,2024522,0,169,0,17,1,-58.0,72.2,39.0,0,0,8.3,62.0,,33,0
1071.2,16:38:40,2401754251,1076754866,0,0,2024522,0,169,0,17,1,-59.0,72.2,39.0,0,0,7.2,52.0,,32,0
1072.2,16:38:41,2401754251,1076754866,0,0,2024522,0,169,0,17,1,-58.0,72.2,39.0,0,0,6.5,61.0,,32,0
1073.2,16:38:42,2401754251,1076754866,0,0,2024522,0,171,0,17,0,,,,0,0,11.6,53.0,,33,0
1074.2,16:38:43,2401754419,1076754866,168,0,2024524,0,172,0,17,0,,,,0,0,5.3,53.0,,33,0
1075.2,16:38:44,2401755636,1076754866,1217,0,2024534,0,172,0,17,0,,,,0,0,5.9,53.0,,32,0
1076.2,16:38:45,2401757528,1076754866,1892,0,2024545,0,172,0,17,0,,,,0,0,4.0,52.0,,31,0
1077.2,16:38:46,2401759056,1076754866,1528,0,2024554,0,172,0,17,0,,,,0,0,5.2,51.0,,30,0
1078.2,16:38:47,2401759842,1076754866,786,0,2024558,0,172,0,17,0,,,,0,0,4.1,51.0,,28,0
1079.2,16:38:48,2401760123,1076754866,281,0,2024560,0,172,0,17,0,,,,0,0,3.8,51.0,,28,0
1080.2,16:38:49,2401760649,1076754866,526,0,2024563,0,172,0,17,0,,,,0,0,3.6,53.0,,28,0
1081.3,16:38:51,2401760649,1076754866,0,0,2024563,0,172,0,17,0,,,,0,0,3.4,52.0,,29,0
1082.3,16:38:52,2401760850,1076754866,201,0,2024564,0,172,0,17,0,,,,0,0,3.1,51.0,,28,0
1083.3,16:38:53,2401761071,1076754866,221,0,2024565,0,172,0,17,0,,,,0,0,3.6,51.0,,28,0
1084.3,16:38:54,2401761071,1076754866,0,0,2024565,0,172,0,17,0,,,,0,0,3.1,52.0,,28,0
1085.3,16:38:55,2401761071,1076754866,0,0,2024565,0,172,0,17,0,,,,0,0,4.5,53.0,,28,0
1086.3,16:38:56,2401761071,1076754866,0,0,2024565,0,172,0,17,0,,,,0,0,4.0,54.0,,28,0
1087.3,16:38:57,2401761071,1076754866,0,0,2024565,0,172,0,17,0,,,,0,0,2.9,51.0,,28,0
1088.3,16:38:58,2401761071,1076754866,0,0,2024565,0,172,0,17,0,,,,0,0,2.9,50.0,,28,0
1089.3,16:38:59,2401761159,1076754866,88,0,2024566,0,172,0,17,0,,,,0,0,3.2,51.0,,28,0
1090.4,16:39:00,2401761360,1076754866,201,0,2024567,0,172,0,17,0,,,,0,0,3.4,51.0,,27,0
1091.4,16:39:01,2401761581,1076754866,221,0,2024568,0,172,0,17,0,,,,0,0,2.9,51.0,,27,0
1092.4,16:39:02,2401761581,1076754866,0,0,2024568,0,172,0,17,0,,,,0,0,3.0,50.0,,27,0
1093.4,16:39:03,2401761581,1076754866,0,0,2024568,0,172,0,17,0,,,,0,0,3.6,50.0,,28,0
1094.4,16:39:04,2401761581,1076754866,0,0,2024568,0,172,0,17,0,,,,0,0,2.9,50.0,,28,0
1095.4,16:39:05,2401761581,1076754866,0,0,2024568,0,172,0,17,0,,,,0,0,2.8,51.0,,27,0
1096.4,16:39:06,2401761581,1076754866,0,0,2024568,0,172,0,17,0,,,,0,0,2.6,52.0,,27,0
1097.4,16:39:07,2401761581,1076754866,0,0,2024568,0,172,0,17,0,,,,0,0,3.1,51.0,,28,0
1098.4,16:39:08,2401767253,1076758962,5672,4096,2024610,0,172,0,17,1,-39.0,7.2,39.0,0,0,4.0,50.0,,28,0
1099.4,16:39:09,2401771206,1076762430,3953,3468,2024649,0,172,0,17,1,-40.0,14.4,58.5,0,0,2.9,52.0,,27,0
1100.5,16:39:10,2401777461,1076774323,6255,11893,2024679,0,172,0,17,1,-39.0,72.2,65.0,1,0,3.0,50.0,,28,0
1101.5,16:39:11,2401778562,1076778266,1101,3943,2024686,0,172,0,17,1,-39.0,72.2,135.0,1,0,3.6,51.0,,27,0
1102.5,16:39:12,2401778782,1076781100,220,2834,2024688,0,172,0,17,1,-39.0,72.2,65.0,0,0,3.2,51.0,,28,0
1103.5,16:39:13,2401780469,1076785740,1687,4640,2024695,0,172,0,17,1,-39.0,72.2,58.5,0,0,4.8,50.0,,28,0
1104.5,16:39:14,2401781005,1076790422,536,4682,2024698,0,172,0,17,1,-41.0,72.2,65.0,0,0,7.2,54.0,,28,0
1105.5,16:39:15,2401781846,1076792574,841,2152,2024705,0,172,0,17,1,-40.0,72.2,65.0,0,0,3.0,51.0,,29,0
1106.5,16:39:16,2401782374,1076793206,528,632,2024710,0,172,0,17,1,-39.0,72.2,58.5,0,0,3.0,51.0,,28,0
1107.5,16:39:17,2401903334,1076798140,120960,4934,2024802,0,172,0,17,1,-40.0,72.2,58.5,3,0,6.7,51.0,,27,0
1108.5,16:39:18,2401903774,1076798904,440,764,2024806,0,172,0,17,1,-40.0,72.2,58.5,0,0,3.5,51.0,,28,0
1109.5,16:39:19,2401904602,1076799249,828,345,2024809,0,172,0,17,1,-40.0,72.2,58.5,0,0,3.5,51.0,,29,0
1110.6,16:39:20,2401905244,1076800442,642,1193,2024812,0,172,0,17,1,-39.0,72.2,58.5,0,0,2.4,51.0,,28,0
1111.6,16:39:21,2401905244,1076800706,0,264,2024812,0,172,0,17,1,-40.0,72.2,65.0,0,0,2.9,51.0,,28,0
1112.6,16:39:22,2401905318,1076800892,74,186,2024813,0,172,0,17,1,-39.0,72.2,65.0,0,0,3.0,50.0,,28,0
1113.6,16:39:23,2401905653,1076801521,335,629,2024815,0,172,0,17,1,-39.0,72.2,65.0,0,0,3.4,51.0,,27,0
1114.6,16:39:24,2401905653,1076801851,0,330,2024815,0,172,0,17,1,-39.0,72.2,65.0,0,0,3.2,51.0,,28,0
1115.6,16:39:25,2401905653,1076801851,0,0,2024815,0,172,0,17,1,-39.0,72.2,65.0,0,0,3.1,50.0,,27,0
1116.6,16:39:26,2401905887,1076802783,234,932,2024818,0,172,0,17,1,-40.0,72.2,65.0,0,0,2.6,49.0,,27,0
1117.6,16:39:27,2405057248,1076814487,3151361,11704,2026893,0,172,0,17,1,-40.0,72.2,65.0,54,0,6.4,51.0,,27,0
1118.6,16:39:28,2410219423,1076833093,5162175,18606,2030299,0,172,0,17,1,-42.0,57.8,58.5,79,0,4.5,50.0,,28,0
1119.7,16:39:29,2414785559,1076848465,4566136,15372,2033274,0,172,0,17,1,-41.0,72.2,65.0,85,0,4.1,51.0,,27,0
1120.7,16:39:30,2419743907,1076866009,4958348,17544,2036526,0,172,0,17,1,-41.0,72.2,58.5,67,0,3.6,51.0,,27,0
1121.7,16:39:31,2424838707,1076883367,5094800,17358,2039866,0,172,0,17,1,-41.0,72.2,72.2,67,0,3.4,50.0,,28,0
1122.7,16:39:32,2429595281,1076897469,4756574,14102,2042983,0,172,0,17,1,-41.0,72.2,65.0,67,0,6.3,50.0,,28,0
1123.7,16:39:33,2434837778,1076914839,5242497,17370,2046406,0,172,0,17,1,-41.0,65.0,58.5,43,0,4.4,52.0,,28,0
1124.7,16:39:34,2439625030,1076932659,4787252,17820,2049530,0,172,0,17,1,-40.0,65.0,65.0,60,0,3.8,50.0,,29,0
1125.7,16:39:35,2444850130,1076953167,5225100,20508,2052940,0,172,0,17,1,-40.0,72.2,65.0,63,0,3.9,51.0,,28,0
1126.7,16:39:36,2450117816,1076974563,5267686,21396,2056377,0,172,0,17,1,-41.0,72.2,65.0,63,0,4.2,51.0,,27,0
1127.7,16:39:37,2454823910,1076991015,4706094,16452,2059446,0,172,0,17,1,-40.0,72.2,65.0,50,0,3.8,51.0,,27,0
1128.7,16:39:38,2459750826,1077007859,4926916,16844,2062667,0,172,0,17,1,-42.0,72.2,65.0,51,0,3.9,51.0,,27,0
1129.8,16:39:39,2464193226,1077024649,4442400,16790,2065572,0,172,0,17,1,-45.0,72.2,65.0,66,0,3.8,51.0,,28,0
1130.8,16:39:40,2468964044,1077045109,4770818,20460,2068723,0,172,0,17,1,-44.0,72.2,58.5,51,0,3.9,51.0,,28,0
1131.8,16:39:41,2474059338,1077065283,5095294,20174,2072012,0,172,0,17,1,-41.0,72.2,72.2,54,0,3.8,50.0,,28,0
1132.8,16:39:42,2478971843,1077084493,4912505,19210,2075219,0,172,0,17,1,-41.0,72.2,72.2,49,0,4.0,51.0,,28,0
1133.8,16:39:43,2483688309,1077102655,4716466,18162,2078294,0,172,0,17,1,-41.0,72.2,72.2,51,0,4.4,51.0,,28,0
1134.8,16:39:44,2488764319,1077120615,5076010,17960,2081618,0,172,0,17,1,-40.0,72.2,72.2,37,0,4.3,51.0,,28,0
1135.8,16:39:45,2493722359,1077136173,4958040,15558,2084845,0,172,0,17,1,-42.0,72.2,72.2,50,0,4.4,51.0,,28,0
1136.8,16:39:46,2498699914,1077151833,4977555,15660,2088097,0,172,0,17,1,-41.0,65.0,72.2,47,0,4.1,50.0,,28,0
1137.9,16:39:47,2503309567,1077170265,4609653,18432,2091150,0,172,0,17,1,-41.0,72.2,72.2,68,0,3.9,50.0,,28,0
1138.9,16:39:48,2508227356,1077187149,4917789,16884,2094313,0,172,0,17,1,-42.0,65.0,72.2,51,0,4.4,50.0,,28,0
1139.9,16:39:49,2513042362,1077204097,4815006,16948,2097457,0,172,0,17,1,-41.0,65.0,72.2,51,0,4.2,52.0,,28,0
1140.9,16:39:50,2517670588,1077219373,4628226,15276,2100476,0,172,0,17,1,-41.0,72.2,72.2,62,0,3.8,51.0,,27,0
1141.9,16:39:51,2522322264,1077236623,4651676,17250,2103512,0,172,0,17,1,-41.0,72.2,72.2,66,0,4.5,51.0,,28,0
1142.9,16:39:52,2527363066,1077254981,5040802,18358,2106802,0,172,0,17,1,-41.0,72.2,72.2,50,0,4.2,53.0,,27,0
1143.9,16:39:53,2532256822,1077271403,4893756,16422,2109996,0,172,0,17,1,-41.0,72.2,72.2,48,0,4.5,51.0,,28,0
1144.9,16:39:54,2536909244,1077286415,4652422,15012,2113034,0,172,0,17,1,-41.0,72.2,72.2,62,0,4.1,51.0,,29,0
1145.9,16:39:55,2541762758,1077297761,4853514,11346,2116209,0,172,0,17,1,-40.0,72.2,72.2,67,0,4.4,50.0,,28,0
1147.0,16:39:56,2546806665,1077309155,5043907,11394,2119506,0,172,0,17,1,-41.0,72.2,72.2,57,0,3.8,50.0,,27,0
1148.0,16:39:57,2551128397,1077323165,4321732,14010,2122337,0,172,0,17,1,-41.0,72.2,72.2,56,0,3.6,50.0,,27,0
1149.0,16:39:58,2555571632,1077334097,4443235,10932,2125246,0,172,0,17,1,-40.0,65.0,72.2,80,0,4.8,50.0,,28,0
1150.0,16:39:59,2560352148,1077345599,4780516,11502,2128372,0,172,0,17,1,-40.0,72.2,72.2,74,0,3.9,51.0,,27,0
1151.0,16:40:00,2564914807,1077357101,4562659,11502,2131360,0,172,0,17,1,-41.0,72.2,72.2,78,0,4.4,50.0,,28,0
1152.0,16:40:01,2568437211,1077366015,3522404,8914,2133665,0,172,0,17,1,-43.0,72.2,65.0,59,0,3.9,51.0,,28,0
1153.0,16:40:02,2570181522,1077374147,1744311,8132,2134809,0,172,0,17,1,-40.0,72.2,72.2,38,28,3.0,51.0,,28,0
1154.0,16:40:03,2573400826,1077382531,3219304,8384,2136915,0,172,0,17,1,-40.0,72.2,72.2,52,0,4.3,50.0,,28,0
1155.0,16:40:04,2577365126,1077394417,3964300,11886,2139505,0,172,0,17,1,-41.0,58.5,72.2,113,0,3.7,50.0,,27,0
1156.1,16:40:05,2582176634,1077406537,4811508,12120,2142649,0,172,0,17,1,-42.0,72.2,65.0,69,0,3.5,50.0,,28,0
1157.1,16:40:06,2586524582,1077417487,4347948,10950,2145491,0,172,0,17,1,-40.0,72.2,72.2,64,0,3.9,50.0,,28,0
1158.1,16:40:07,2590053021,1077429135,3528439,11648,2147796,0,172,0,17,1,-42.0,72.2,72.2,93,0,3.5,50.0,,28,0
1159.1,16:40:08,2594431826,1077439755,4378805,10620,2150662,0,172,0,17,1,-42.0,58.5,72.2,63,0,4.9,51.0,,28,0
1160.1,16:40:09,2599255765,1077451801,4823939,12046,2153826,0,172,0,17,1,-41.0,72.2,65.0,73,0,3.9,50.0,,28,0
1161.1,16:40:10,2604125123,1077464089,4869358,12288,2157044,0,172,0,17,1,-42.0,72.2,72.2,60,0,4.3,50.0,,28,0
1162.1,16:40:11,2609162573,1077475423,5037450,11334,2160310,0,172,0,17,1,-41.0,72.2,72.2,54,0,3.9,52.0,,28,0
1163.1,16:40:12,2613988179,1077486709,4825606,11286,2163463,0,172,0,17,1,-43.0,72.2,72.2,56,0,4.1,51.0,,28,0
1164.1,16:40:13,2618781631,1077497839,4793452,11130,2166599,0,172,0,17,1,-41.0,65.0,72.2,59,0,4.4,51.0,,27,0
1165.2,16:40:14,2623677041,1077509839,4895410,12000,2169803,0,172,0,17,1,-41.0,72.2,72.2,66,0,4.4,50.0,,27,0
1166.2,16:40:15,2628281167,1077520693,4604126,10854,2172812,0,172,0,17,1,-40.0,72.2,72.2,63,0,4.5,50.0,,28,0
1167.2,16:40:16,2633521638,1077533335,5240471,12642,2176243,0,172,0,17,1,-41.0,72.2,72.2,53,0,4.5,50.0,,27,0
1168.2,16:40:17,2638417228,1077545377,4895590,12042,2179446,0,172,0,17,1,-40.0,65.0,72.2,58,0,4.2,51.0,,27,0
1169.2,16:40:18,2643318466,1077556897,4901238,11520,2182656,0,172,0,17,1,-40.0,72.2,72.2,58,0,5.1,50.0,,27,0
1170.2,16:40:19,2647603315,1077570271,4284849,13374,2185456,0,172,0,17,1,-40.0,72.2,72.2,69,0,4.4,51.0,,27,0
1171.2,16:40:20,2652155869,1077580963,4552554,10692,2188431,0,172,0,17,1,-41.0,72.2,72.2,71,0,4.4,51.0,,27,0
1172.2,16:40:21,2657256435,1077593707,5100566,12744,2191766,0,172,0,17,1,-41.0,72.2,72.2,60,0,4.5,50.0,,27,0
1173.3,16:40:23,2661967795,1077605839,4711360,12132,2194898,0,172,0,17,1,-38.0,72.2,72.2,61,0,4.4,52.0,,27,0
1174.3,16:40:24,2666902316,1077618301,4934521,12462,2198083,0,172,0,17,1,-38.0,72.2,72.2,66,0,4.5,52.0,,28,0
1175.3,16:40:25,2671655072,1077630157,4752756,11856,2201190,0,172,0,17,1,-38.0,72.2,72.2,69,0,4.3,52.0,,27,0
1176.3,16:40:26,2676153130,1077642175,4498058,12018,2204132,0,172,0,17,1,-39.0,72.2,72.2,49,0,4.3,52.0,,28,0
1177.3,16:40:27,2680808291,1077654874,4655161,12699,2207177,0,172,0,17,1,-39.0,65.0,72.2,65,0,4.4,51.0,,27,0
1178.3,16:40:28,2685565000,1077665874,4756709,11000,2210288,0,172,0,17,1,-40.0,72.2,72.2,57,0,3.9,51.0,,27,0
1179.3,16:40:29,2690609035,1077677804,5044035,11930,2213585,0,172,0,17,1,-39.0,72.2,72.2,50,0,3.9,50.0,,28,0
1180.3,16:40:30,2695738155,1077691298,5129120,13494,2216937,0,172,0,17,1,-38.0,72.2,72.2,63,0,3.9,51.0,,28,0
1181.3,16:40:31,2700782835,1077705398,5044680,14100,2220237,0,172,0,17,1,-39.0,72.2,72.2,67,0,4.3,51.0,,28,0
1182.3,16:40:32,2705844167,1077719306,5061332,13908,2223545,0,172,0,17,1,-40.0,72.2,72.2,64,0,4.5,52.0,,28,0
1183.4,16:40:33,2709910809,1077731912,4066642,12606,2226204,0,172,0,17,1,-39.0,65.0,72.2,54,0,3.9,51.0,,28,0
1184.4,16:40:34,2714873015,1077744992,4962206,13080,2229447,0,172,0,17,1,-39.0,72.2,72.2,68,0,4.0,51.0,,27,0
1185.4,16:40:35,2719774375,1077756746,4901360,11754,2232653,0,172,0,17,1,-39.0,72.2,72.2,50,0,3.7,51.0,,27,0
1186.4,16:40:36,2724601297,1077767018,4826922,10272,2235808,0,172,0,17,1,-39.0,65.0,72.2,53,0,3.5,51.0,,27,0
1187.4,16:40:37,2729162619,1077778088,4561322,11070,2238791,0,172,0,17,1,-38.0,72.2,72.2,69,0,3.9,50.0,,27,0
1188.4,16:40:38,2734071941,1077790232,4909322,12144,2242002,0,172,0,17,1,-42.0,65.0,72.2,57,0,3.9,50.0,,28,0
1189.4,16:40:39,2738855837,1077801344,4783896,11112,2245128,0,172,0,17,1,-49.0,58.5,72.2,67,0,3.5,52.0,,28,0
1190.4,16:40:40,2743555523,1077813726,4699686,12382,2248213,0,172,0,17,1,-42.0,72.2,72.2,58,0,4.3,51.0,,28,0
1191.4,16:40:41,2748463529,1077824496,4908006,10770,2251422,0,172,0,17,1,-40.0,72.2,72.2,50,0,3.8,52.0,,28,0
1192.4,16:40:42,2753365835,1077836550,4902306,12054,2254625,0,172,0,17,1,-41.0,72.2,72.2,65,0,3.7,51.0,,28,0
1193.5,16:40:43,2757749649,1077850332,4383814,13782,2257490,0,172,0,17,1,-41.0,72.2,72.2,77,0,4.2,50.0,,28,0
1194.5,16:40:44,2763072349,1077863706,5322700,13374,2260972,0,172,0,17,1,-39.0,72.2,72.2,56,0,4.3,51.0,,28,0
1195.5,16:40:45,2768169547,1077876228,5097198,12522,2264303,0,172,0,17,1,-40.0,72.2,72.2,68,0,4.0,51.0,,28,0
1196.5,16:40:46,2773234313,1077888966,5064766,12738,2267614,0,172,0,17,1,-40.0,72.2,72.2,56,0,4.2,51.0,,28,0
1197.5,16:40:47,2777925733,1077900618,4691420,11652,2270682,0,172,0,17,1,-42.0,65.0,72.2,56,0,3.6,50.0,,28,0
1198.5,16:40:48,2782759889,1077912120,4834156,11502,2273844,0,172,0,17,1,-41.0,72.2,72.2,50,0,3.5,53.0,,28,0
1199.5,16:40:49,2787566215,1077923994,4806326,11874,2277013,0,172,0,17,1,-39.0,72.2,72.2,56,0,3.6,51.0,,28,0
1200.5,16:40:50,2792511403,1077935994,4945188,12000,2280223,0,172,0,17,1,-40.0,72.2,72.2,57,0,3.8,51.0,,27,0
1201.5,16:40:51,2797240582,1077946722,4729179,10728,2283318,0,172,0,17,1,-41.0,72.2,72.2,51,0,4.1,51.0,,28,0
1202.6,16:40:52,2802205272,1077958410,4964690,11688,2286563,0,172,0,17,1,-40.0,72.2,72.2,45,0,4.0,50.0,,28,0
1203.6,16:40:53,2806688141,1077971994,4482869,13584,2289494,0,172,0,17,1,-40.0,65.0,72.2,60,0,3.9,51.0,,27,0
1204.6,16:40:54,2811951887,1077984252,5263746,12258,2292933,0,172,0,17,1,-40.0,72.2,72.2,46,0,3.6,51.0,,28,0
1205.6,16:40:55,2816764860,1077995172,4812973,10920,2296080,0,172,0,17,1,-41.0,65.0,72.2,62,0,3.5,50.0,,27,0
1206.6,16:40:56,2821273294,1078005756,4508434,10584,2299027,0,172,0,17,1,-40.0,72.2,72.2,64,0,4.1,50.0,,28,0
1207.6,16:40:57,2826449170,1078017918,5175876,12162,2302415,0,172,0,17,1,-40.0,72.2,72.2,47,0,4.0,51.0,,28,0
1208.6,16:40:58,2831605100,1078029984,5155930,12066,2305786,0,172,0,17,1,-40.0,72.2,72.2,59,0,3.8,51.0,,28,0
1209.6,16:40:59,2836405142,1078041330,4800042,11346,2308925,0,172,0,17,1,-41.0,58.5,72.2,58,0,3.2,51.0,,28,0
1210.6,16:41:00,2841172604,1078052856,4767462,11526,2312075,0,172,0,17,1,-41.0,65.0,72.2,71,0,3.7,51.0,,28,0
1211.7,16:41:01,2846323274,1078065378,5150670,12522,2315453,0,172,0,17,1,-40.0,72.2,72.2,57,0,3.4,52.0,,28,0
1212.7,16:41:02,2851407250,1078076730,5083976,11352,2318731,0,172,0,17,1,-41.0,72.2,72.2,53,0,3.9,51.0,,28,0
1213.7,16:41:03,2855751620,1078090878,4344370,14148,2321572,0,172,0,17,1,-39.0,72.2,72.2,53,0,13.2,56.0,,28,0
1214.7,16:41:04,2860793380,1078102446,5041760,11568,2324872,0,172,0,17,1,-40.0,72.2,72.2,41,0,6.5,51.0,,28,0
1215.7,16:41:05,2865896940,1078114440,5103560,11994,2328214,0,172,0,17,1,-41.0,58.5,72.2,47,0,6.5,51.0,,29,0
1216.7,16:41:06,2870776820,1078127340,4879880,12900,2331402,0,172,0,17,1,-41.0,65.0,72.2,66,0,5.4,52.0,,28,0
1217.7,16:41:07,2875718426,1078140426,4941606,13086,2334631,0,172,0,17,1,-41.0,72.2,72.2,67,0,5.5,50.0,,29,0
1218.7,16:41:08,2880909652,1078152936,5191226,12510,2338025,0,172,0,17,1,-39.0,72.2,72.2,52,0,7.3,51.0,,28,0
1219.7,16:41:09,2885649502,1078164138,4739850,11202,2341124,0,172,0,17,1,-40.0,72.2,72.2,49,0,6.4,51.0,,27,0
1220.8,16:41:10,2890423182,1078176292,4773680,12154,2344254,0,172,0,17,1,-41.0,72.2,72.2,63,0,4.0,51.0,,28,0
1221.8,16:41:11,2895182390,1078188292,4759208,12000,2347366,0,172,0,17,1,-40.0,58.5,72.2,59,0,4.9,51.0,,29,0
1222.8,16:41:12,2900069578,1078199212,4887188,10920,2350562,0,172,0,17,1,-40.0,65.0,72.2,49,0,4.7,52.0,,28,0
1223.8,16:41:13,2904406628,1078211698,4337050,12486,2353399,0,172,0,17,1,-40.0,72.2,72.2,63,0,5.5,50.0,,27,0
1224.8,16:41:14,2908928062,1078224472,4521434,12774,2356352,0,172,0,17,1,-40.0,65.0,72.2,59,0,8.5,55.0,,27,0
1225.8,16:41:15,2913041102,1078234798,4113040,10326,2359140,0,172,0,17,1,-39.0,72.2,72.2,51,0,3.9,51.0,,28,0
1226.8,16:41:16,2917243030,1078245530,4201928,10732,2362081,0,172,0,17,1,-40.0,58.5,72.2,53,0,4.0,52.0,,28,0
1227.8,16:41:17,2921028736,1078255166,3785706,9636,2364799,0,172,0,17,1,-40.0,72.2,72.2,44,0,4.4,52.0,,28,0
1228.8,16:41:18,2925245330,1078265438,4216594,10272,2367705,0,172,0,17,1,-40.0,72.2,72.2,41,0,4.0,51.0,,28,0
1229.8,16:41:19,2929674326,1078276004,4428996,10566,2370650,0,172,0,17,1,-39.0,72.2,72.2,59,0,4.2,52.0,,28,0
1230.9,16:41:20,2934566556,1078287710,4892230,11706,2373851,0,172,0,17,1,-40.0,72.2,72.2,47,0,5.9,51.0,,28,0
1231.9,16:41:21,2939538406,1078299368,4971850,11658,2377102,0,172,0,17,1,-40.0,72.2,72.2,60,0,3.7,51.0,,28,0
1232.9,16:41:22,2944244730,1078310636,4706324,11268,2380182,0,172,0,17,1,-40.0,72.2,150.0,56,0,3.3,53.0,,27,0
1233.9,16:41:23,2949343684,1078322324,5098954,11688,2383517,0,172,0,17,1,-40.0,65.0,72.2,51,0,4.0,51.0,,28,0
1234.9,16:41:24,2954323496,1078334594,4979812,12270,2386773,0,172,0,17,1,-40.0,72.2,72.2,69,0,3.4,50.0,,28,0
1235.9,16:41:25,2958823162,1078347524,4499666,12930,2389712,0,172,0,17,1,-40.0,72.2,72.2,48,0,3.5,51.0,,28,0
1236.9,16:41:26,2963637742,1078358750,4814580,11226,2392862,0,172,0,17,1,-40.0,72.2,72.2,47,0,3.7,50.0,,27,0
1237.9,16:41:27,2968483512,1078370168,4845770,11418,2396031,0,172,0,17,1,-41.0,65.0,72.2,54,0,4.0,51.0,,28,0
1238.9,16:41:28,2973232126,1078381766,4748614,11598,2399134,0,172,0,17,1,-40.0,72.2,72.2,69,0,3.8,50.0,,28,0
1239.9,16:41:29,2978356208,1078392890,5124082,11124,2402485,0,172,0,17,1,-39.0,72.2,72.2,46,0,3.9,50.0,,28,0
1241.0,16:41:30,2983402130,1078404308,5045922,11418,2405786,0,172,0,17,1,-40.0,72.2,72.2,48,0,3.8,50.0,,27,0
1242.0,16:41:31,2988187490,1078416104,4785360,11796,2408916,0,172,0,17,1,-40.0,72.2,72.2,66,0,3.5,51.0,,28,0
1243.0,16:41:32,2992915578,1078427684,4728088,11580,2412006,0,172,0,17,1,-39.0,72.2,72.2,64,0,3.7,50.0,,27,0
1244.0,16:41:33,2997563022,1078439132,4647444,11448,2415044,0,172,0,17,1,-39.0,57.8,72.2,55,0,4.4,51.0,,28,0
1245.0,16:41:34,3001983710,1078449832,4420688,10700,2417936,0,172,0,17,1,-41.0,72.2,72.2,60,0,3.6,50.0,,27,0
1246.0,16:41:35,3006894688,1078461709,4910978,11877,2421150,0,172,0,17,1,-41.0,65.0,72.2,54,0,4.4,51.0,,28,0
1247.0,16:41:36,3011611380,1078473343,4716692,11634,2424232,0,172,0,17,1,-40.0,72.2,72.2,65,0,3.4,50.0,,27,0
1248.0,16:41:37,3016047568,1078487497,4436188,14154,2427130,0,172,0,17,1,-40.0,72.2,72.2,65,0,3.8,50.0,,28,0
1249.1,16:41:38,3021023288,1078499035,4975720,11538,2430382,0,172,0,17,1,-39.0,65.0,72.2,55,0,4.4,50.0,,27,0
1250.1,16:41:39,3025861824,1078509835,4838536,10800,2433544,0,172,0,17,1,-39.0,72.2,72.2,61,0,3.4,51.0,,27,0
1251.1,16:41:40,3030912212,1078522793,5050388,12958,2436858,0,172,0,17,1,-40.0,72.2,72.2,59,0,4.8,51.0,,27,0
1252.1,16:41:41,3036008024,1078535597,5095812,12804,2440190,0,172,0,17,1,-39.0,72.2,72.2,55,0,3.5,51.0,,27,0
1253.1,16:41:42,3040827860,1078546811,4819836,11214,2443340,0,172,0,17,1,-41.0,72.2,72.2,70,0,3.9,51.0,,27,0
1254.1,16:41:43,3045956984,1078558877,5129124,12066,2446696,0,172,0,17,1,-40.0,72.2,72.2,53,0,4.4,50.0,,27,0
1255.1,16:41:44,3050980916,1078570457,5023932,11580,2449980,0,172,0,17,1,-39.0,72.2,72.2,54,0,3.8,51.0,,27,0
1256.1,16:41:45,3055889872,1078581473,4908956,11016,2453190,0,172,0,17,1,-39.0,72.2,72.2,61,0,8.3,54.0,,28,0
1257.1,16:41:46,3061073196,1078593593,5183324,12120,2456580,0,172,0,17,1,-40.0,65.0,72.2,51,0,6.4,51.0,,28,0
1258.2,16:41:47,3065506028,1078605845,4432832,12252,2459480,0,172,0,17,1,-40.0,72.2,72.2,66,0,3.8,50.0,,27,0
1259.2,16:41:48,3070310528,1078619261,4804500,13416,2462624,0,172,0,17,1,-39.0,72.2,72.2,59,0,4.6,50.0,,28,0
1260.2,16:41:49,3075197716,1078631657,4887188,12396,2465820,0,172,0,17,1,-40.0,72.2,65.0,52,0,3.9,50.0,,28,0
1261.2,16:41:50,3080077966,1078643603,4880250,11946,2469013,0,172,0,17,1,-40.0,65.0,72.2,63,0,4.8,51.0,,28,0
1262.2,16:41:51,3084910366,1078655075,4832400,11472,2472171,0,172,0,17,1,-40.0,72.2,72.2,62,0,4.3,49.0,,27,0
1263.2,16:41:52,3089587178,1078666601,4676812,11526,2475231,0,172,0,17,1,-40.0,72.2,72.2,55,0,5.3,51.0,,27,0
1264.2,16:41:53,3094480210,1078678559,4893032,11958,2478431,0,172,0,17,1,-40.0,72.2,72.2,58,0,4.8,51.0,,28,0
1265.2,16:41:54,3099265130,1078689737,4784920,11178,2481559,0,172,0,17,1,-41.0,65.0,72.2,60,0,4.4,51.0,,28,0
1266.2,16:41:55,3103896868,1078701287,4631738,11550,2484586,0,172,0,17,1,-39.0,65.0,72.2,63,0,4.3,51.0,,28,0
1267.2,16:41:56,3108814078,1078714529,4917210,13242,2487801,0,172,0,17,1,-41.0,72.2,150.0,53,0,3.5,51.0,,28,0
1268.3,16:41:58,3113632310,1078726205,4818232,11676,2490953,0,172,0,17,1,-41.0,72.2,72.2,64,0,4.1,50.0,,27,0
1269.3,16:41:59,3118122188,1078739189,4489878,12984,2493886,0,172,0,17,1,-40.0,72.2,72.2,62,0,4.0,49.0,,28,0
1270.3,16:42:00,3123377056,1078751405,5254868,12216,2497321,0,172,0,17,1,-40.0,58.5,72.2,55,0,4.3,51.0,,27,0
1271.3,16:42:01,3128242262,1078763513,4865206,12108,2500508,0,172,0,17,1,-40.0,65.0,72.2,52,0,4.3,51.0,,28,0
1272.3,16:42:02,3133418866,1078776371,5176604,12858,2503894,0,172,0,17,1,-41.0,72.2,72.2,42,0,4.1,51.0,,28,0
1273.3,16:42:03,3138637620,1078788923,5218754,12552,2507309,0,172,0,17,1,-40.0,72.2,72.2,50,0,4.8,50.0,,28,0
1274.3,16:42:04,3143826932,1078801313,5189312,12390,2510701,0,172,0,17,1,-41.0,72.2,72.2,55,0,4.7,50.0,,28,0
1275.3,16:42:05,3148641582,1078813013,4814650,11700,2513848,0,172,0,17,1,-38.0,65.0,72.2,63,0,4.0,50.0,,28,0
1276.3,16:42:06,3153760312,1078825553,5118730,12540,2517195,0,172,0,17,1,-40.0,65.0,72.2,59,0,4.0,50.0,,28,0
1277.4,16:42:07,3158739839,1078837531,4979527,11978,2520486,0,172,0,17,1,-40.0,65.0,72.2,54,0,3.7,51.0,,28,0
1278.4,16:42:08,3161113455,1078845673,2373616,8142,2522005,0,172,0,17,1,-39.0,65.0,72.2,34,0,4.1,50.0,,28,0
1279.4,16:42:09,3162937895,1078850833,1824440,5160,2523197,0,172,0,17,1,-40.0,65.0,72.2,68,0,3.3,51.0,,28,0
1280.4,16:42:10,3166755445,1078861453,3817550,10620,2525694,0,172,0,17,1,-41.0,57.8,72.2,55,0,3.7,50.0,,28,0
1281.4,16:42:11,3171944189,1078875749,5188744,14296,2529102,0,172,0,17,1,-40.0,72.2,72.2,72,0,3.9,50.0,,28,0
1282.4,16:42:12,3176936273,1078888385,4992084,12636,2532366,0,172,0,17,1,-40.0,65.0,72.2,74,0,4.2,51.0,,28,0
1283.4,16:42:13,3181687371,1078900097,4751098,11712,2535471,0,172,0,17,1,-40.0,72.2,72.2,79,0,4.2,50.0,,28,0
1284.4,16:42:14,3186693771,1078912583,5006400,12486,2538743,0,172,0,17,1,-40.0,72.2,72.2,75,0,4.9,50.0,,28,0
1285.4,16:42:15,3191542095,1078924433,4848324,11850,2541911,0,172,0,17,1,-40.0,57.8,72.2,57,0,3.5,51.0,,28,0
1286.5,16:42:16,3196078363,1078935773,4536268,11340,2544879,0,172,0,17,1,-41.0,65.0,72.2,65,0,4.4,51.0,,28,0
1287.5,16:42:17,3200945243,1078947431,4866880,11658,2548061,0,172,0,17,1,-40.0,72.2,72.2,74,0,3.9,50.0,,28,0
1288.5,16:42:18,3206176131,1078960985,5230888,13554,2551529,0,172,0,17,1,-39.0,65.0,72.2,55,0,3.5,51.0,,28,0
1289.5,16:42:19,3210826713,1078975457,4650582,14472,2554522,0,172,0,17,1,-41.0,72.2,72.2,66,0,3.9,50.0,,28,0
1290.5,16:42:20,3216041955,1078988309,5215242,12852,2557929,0,172,0,17,1,-40.0,72.2,72.2,62,0,5.2,50.0,,28,0
1291.5,16:42:21,3221424111,1079001701,5382156,13392,2561445,0,172,0,17,1,-41.0,72.2,72.2,59,0,4.4,50.0,,27,0
1292.5,16:42:22,3226132039,1079012711,4707928,11010,2564523,0,172,0,17,1,-40.0,65.0,72.2,52,0,6.3,51.0,,28,0
1293.5,16:42:23,3231109659,1079024909,4977620,12198,2567777,0,172,0,17,1,-41.0,72.2,72.2,66,0,8.2,52.0,,27,0
1294.5,16:42:24,3236127163,1079037503,5017504,12594,2571057,0,172,0,17,1,-39.0,72.2,72.2,66,0,15.7,53.0,,28,0
1295.5,16:42:25,3241416551,1079050241,5289388,12738,2574515,0,172,0,17,1,-39.0,72.2,72.2,61,0,11.3,52.0,,29,0
1296.6,16:42:26,3246619085,1079062391,5202534,12150,2577916,0,172,0,17,1,-40.0,72.2,72.2,50,0,14.1,52.0,,29,0
1297.6,16:42:27,3251485015,1079074163,4865930,11772,2581097,0,172,0,17,1,-40.0,65.0,72.2,60,0,6.6,51.0,,29,0
1298.6,16:42:28,3256349263,1079086595,4864248,12432,2584275,0,172,0,17,1,-41.0,72.2,72.2,50,0,8.7,50.0,,28,0
1299.6,16:42:29,3260454983,1079099345,4105720,12750,2586957,0,172,0,17,1,-41.0,72.2,72.2,73,0,14.5,51.0,,27,0
1300.6,16:42:30,3265089715,1079110061,4634732,10716,2589985,0,172,0,17,1,-40.0,72.2,72.2,54,0,6.4,52.0,,28,0
1301.6,16:42:31,3269715029,1079121707,4625314,11646,2593012,0,172,0,17,1,-40.0,72.2,72.2,62,0,6.2,51.0,,29,0
1302.6,16:42:32,3274483517,1079136977,4768488,15270,2596132,0,172,0,17,1,-39.0,65.0,72.2,53,0,6.5,51.0,,28,0
1303.6,16:42:33,3279457337,1079150011,4973820,13034,2599382,0,172,0,17,1,-39.0,65.0,72.2,53,0,6.8,51.0,,28,0
1304.6,16:42:34,3284144665,1079162775,4687328,12764,2602446,0,172,0,17,1,-40.0,72.2,72.2,61,0,6.7,52.0,,28,0
1305.6,16:42:35,3289161145,1079174907,5016480,12132,2605724,0,172,0,17,1,-41.0,72.2,72.2,53,0,6.1,52.0,,28,0
1306.7,16:42:36,3293976161,1079188049,4815016,13142,2608872,0,172,0,17,1,-40.0,72.2,72.2,68,0,5.8,52.0,,28,0
1307.7,16:42:37,3299206015,1079200601,5229854,12552,2612291,0,172,0,17,1,-40.0,72.2,72.2,55,0,8.3,53.0,,28,0
1308.7,16:42:38,3304040607,1079212181,4834592,11580,2615451,0,172,0,17,1,-41.0,72.2,72.2,65,0,5.5,53.0,,29,0
1309.7,16:42:39,3308793021,1079223869,4752414,11688,2618558,0,172,0,17,1,-41.0,65.0,72.2,62,0,7.1,51.0,,28,0
1310.7,16:42:40,3313748145,1079235965,4955124,12096,2621800,0,172,0,17,1,-41.0,58.5,72.2,55,0,5.9,52.0,,27,0
1311.7,16:42:41,3318318461,1079247879,4570316,11914,2624798,0,172,0,17,1,-40.0,72.2,72.2,55,0,3.9,51.0,,28,0
1312.7,16:42:42,3322999287,1079258679,4680826,10800,2627857,0,172,0,17,1,-42.0,65.0,72.2,55,0,3.9,51.0,,29,0
1313.7,16:42:43,3327702465,1079272515,4703178,13836,2630930,0,172,0,17,1,-42.0,72.2,72.2,57,0,4.4,51.0,,28,0
1314.7,16:42:44,3332737649,1079284365,5035184,11850,2634224,0,172,0,17,1,-39.0,57.8,72.2,62,0,7.7,53.0,,28,0
1315.7,16:42:45,3337705041,1079295759,4967392,11394,2637471,0,172,0,17,1,-40.0,72.2,72.2,59,0,6.8,51.0,,28,0
1316.8,16:42:46,3342899539,1079307987,5194498,12228,2640865,0,172,0,17,1,-41.0,72.2,72.2,38,0,6.3,51.0,,28,0
1317.8,16:42:47,3348211985,1079320652,5312446,12665,2644339,0,172,0,17,1,-41.0,72.2,72.2,62,0,5.0,51.0,,28,0
1318.8,16:42:48,3353075341,1079332610,4863356,11958,2647519,0,172,0,17,1,-41.0,72.2,72.2,60,0,4.4,50.0,,28,0
1319.8,16:42:49,3358163043,1079344730,5087702,12120,2650844,0,172,0,17,1,-40.0,65.0,72.2,62,0,4.5,51.0,,27,0
1320.8,16:42:50,3363249795,1079356268,5086752,11538,2654168,0,172,0,17,1,-40.0,57.8,72.2,52,0,4.3,51.0,,28,0
1321.8,16:42:51,3368255171,1079368604,5005376,12336,2657438,0,172,0,17,1,-40.0,65.0,72.2,51,0,5.1,51.0,,27,0
1322.8,16:42:52,3372926209,1079380748,4671038,12144,2660491,0,172,0,17,1,-41.0,58.5,72.2,62,0,4.3,52.0,,28,0
1323.8,16:42:53,3377291689,1079394362,4365480,13614,2663345,0,172,0,17,1,-40.0,72.2,72.2,61,0,4.3,51.0,,28,0
1324.8,16:42:54,3382204223,1079406344,4912534,11982,2666556,0,172,0,17,1,-41.0,72.2,72.2,49,0,5.7,51.0,,28,0
1325.9,16:42:55,3387044881,1079417654,4840658,11310,2669723,0,172,0,17,1,-41.0,65.0,72.2,57,0,5.3,52.0,,27,0
1326.9,16:42:56,3392277449,1079430758,5232568,13104,2673155,0,172,0,17,1,-41.0,72.2,72.2,52,0,4.8,51.0,,28,0
1327.9,16:42:57,3397447333,1079442758,5169884,12000,2676537,0,172,0,17,1,-41.0,72.2,72.2,54,0,4.0,52.0,,27,0
1328.9,16:42:58,3402765065,1079455190,5317732,12432,2680015,0,172,0,17,1,-40.0,72.2,72.2,42,0,6.8,51.0,,28,0
1329.9,16:42:59,3407225414,1079466110,4460349,10920,2682930,0,172,0,17,1,-41.0,72.2,72.2,60,0,14.0,52.0,,29,0
1330.9,16:43:00,3411886009,1079477582,4660595,11472,2685978,0,172,0,17,1,-41.0,72.2,72.2,58,0,8.6,52.0,,28,0
1331.9,16:43:01,3416966407,1079488976,5080398,11394,2689299,0,172,0,17,1,-41.0,72.2,72.2,54,0,14.9,59.0,,28,0
1332.9,16:43:02,3421890045,1079500502,4923638,11526,2692518,0,172,0,17,1,-40.0,65.0,72.2,63,0,5.8,51.0,,29,0
1333.9,16:43:03,3426409217,1079511194,4519172,10692,2695472,0,172,0,17,1,-43.0,65.0,72.2,63,0,6.2,52.0,,28,0
1335.0,16:43:04,3431328327,1079522870,4919110,11676,2698689,0,172,0,17,1,-41.0,72.2,72.2,57,0,5.5,51.0,,29,0
1336.0,16:43:05,3436335315,1079535086,5006988,12216,2701965,0,172,0,17,1,-40.0,72.2,72.2,67,0,5.4,51.0,,28,0
1337.0,16:43:06,3441502567,1079547950,5167252,12864,2705343,0,172,0,17,1,-48.0,65.0,72.2,58,0,4.9,53.0,,28,0
1338.0,16:43:07,3446473175,1079559734,4970608,11784,2708593,0,172,0,17,1,-46.0,72.2,72.2,46,0,12.5,55.0,,28,0
1339.0,16:43:08,3451377603,1079571854,4904428,12120,2711801,0,172,0,17,1,-40.0,58.5,72.2,63,0,5.3,53.0,,29,0
1340.0,16:43:09,3455974133,1079583056,4596530,11202,2714806,0,172,0,17,1,-40.0,65.0,72.2,75,0,4.4,52.0,,28,0
1341.0,16:43:10,3460372485,1079596904,4398352,13848,2717682,0,172,0,17,1,-40.0,72.2,72.2,54,0,4.6,51.0,,29,0
1342.0,16:43:11,3465580583,1079610276,5208098,13372,2721099,0,172,0,17,1,-41.0,72.2,72.2,63,0,4.4,51.0,,28,0
1343.0,16:43:12,3470683699,1079622732,5103116,12456,2724435,0,172,0,17,1,-42.0,65.0,72.2,74,0,5.2,51.0,,29,0
1344.1,16:43:13,3475142169,1079633772,4458470,11040,2727350,0,172,0,17,1,-39.0,65.0,72.2,79,0,4.8,51.0,,28,0
1345.1,16:43:14,3479904079,1079645646,4761910,11874,2730463,0,172,0,17,1,-38.0,72.2,72.2,64,0,3.5,52.0,,29,0
1346.1,16:43:15,3484801051,1079657076,4896972,11430,2733661,0,172,0,17,1,-40.0,72.2,72.2,56,0,3.8,51.0,,29,0
1347.1,16:43:16,3489886051,1079668884,5085000,11808,2736985,0,172,0,17,1,-40.0,72.2,72.2,57,0,6.4,52.0,,29,0
1348.1,16:43:17,3494478489,1079679708,4592438,10824,2739986,0,172,0,17,1,-40.0,72.2,72.2,69,0,5.2,52.0,,28,0
1349.1,16:43:18,3499368087,1079691426,4889598,11718,2743183,0,172,0,17,1,-40.0,65.0,72.2,63,0,4.8,51.0,,28,0
1350.1,16:43:19,3504383473,1079703480,5015386,12054,2746498,0,172,0,17,1,-41.0,72.2,72.2,68,0,4.5,52.0,,29,0
1351.1,16:43:20,3508457637,1079715912,4074164,12432,2749124,0,172,0,17,1,-40.0,72.2,72.2,83,0,4.0,51.0,,29,0
1352.1,16:43:21,3513358265,1079726844,4900628,10932,2752328,0,172,0,17,1,-40.0,72.2,72.2,65,0,3.8,52.0,,29,0
1353.1,16:43:22,3518731949,1079739588,5373684,12744,2755840,0,172,0,17,1,-40.0,72.2,72.2,52,0,4.8,51.0,,28,0
1354.2,16:43:23,3523211477,1079750438,4479528,10850,2758772,0,172,0,17,1,-39.0,65.0,72.2,66,0,5.4,51.0,,29,0
1355.2,16:43:24,3527742193,1079761724,4530716,11286,2761736,0,172,0,17,1,-43.0,52.0,72.2,63,0,5.0,51.0,,28,0
1356.2,16:43:25,3532071075,1079772254,4328882,10530,2764569,0,172,0,17,1,-40.0,72.2,72.2,79,0,5.4,51.0,,28,0
1357.2,16:43:26,3536354595,1079783486,4283520,11232,2767369,0,172,0,17,1,-40.0,72.2,72.2,87,0,4.0,51.0,,28,0
1358.2,16:43:27,3540431003,1079793656,4076408,10170,2770033,0,172,0,17,1,-40.0,65.0,72.2,89,0,4.3,50.0,,28,0
1359.2,16:43:28,3545041705,1079804588,4610702,10932,2773048,0,172,0,17,1,-40.0,72.2,72.2,73,0,6.5,50.0,,28,0
1360.2,16:43:29,3549476141,1079815562,4434436,10974,2775946,0,172,0,17,1,-41.0,72.2,72.2,77,0,4.5,51.0,,28,0
1361.2,16:43:30,3554025701,1079826764,4549560,11202,2778920,0,172,0,17,1,-41.0,72.2,72.2,69,0,4.4,51.0,,28,0
1362.2,16:43:32,3558863815,1079838116,4838114,11352,2782084,0,172,0,17,1,-40.0,65.0,72.2,71,0,4.8,51.0,,28,0
1363.3,16:43:33,3563852243,1079852666,4988428,14550,2785342,0,172,0,17,1,-41.0,72.2,72.2,46,0,5.3,50.0,,28,0
1364.3,16:43:34,3568806051,1079864420,4953808,11754,2788582,0,172,0,17,1,-40.0,72.2,72.2,59,0,4.7,51.0,,28,0
1365.3,16:43:35,3573983897,1079877224,5177846,12804,2791969,0,172,0,17,1,-42.0,57.8,72.2,59,0,4.6,52.0,,28,0
1366.3,16:43:36,3578486195,1079888102,4502298,10878,2794946,0,172,0,17,1,-41.0,72.2,72.2,57,0,4.3,51.0,,27,0
1367.3,16:43:37,3583370385,1079899964,4884190,11862,2798103,0,172,0,17,1,-41.0,72.2,72.2,66,0,5.2,51.0,,27,0
1368.3,16:43:38,3588309145,1079912096,4938760,12132,2801333,0,172,0,17,1,-41.0,65.0,72.2,61,0,4.3,51.0,,28,0
1369.3,16:43:39,3592962067,1079922932,4652922,10836,2804374,0,172,0,17,1,-43.0,72.2,72.2,70,0,4.4,51.0,,29,0
1370.3,16:43:40,3597342813,1079933948,4380746,11016,2807238,0,172,0,17,1,-40.0,72.2,72.2,72,0,4.8,51.0,,28,0
1371.4,16:43:41,3602098932,1079947862,4756119,13914,2810348,0,172,0,17,1,-40.0,72.2,72.2,69,0,7.2,51.0,,29,0
1372.4,16:43:42,3606501606,1079962192,4402674,14330,2813239,0,172,0,17,1,-42.0,65.0,72.2,80,0,16.6,52.0,,28,0
1373.4,16:43:43,3610734796,1079976396,4233190,14204,2816006,0,172,0,17,1,-42.0,72.2,72.2,63,0,5.4,50.0,,29,0
1374.4,16:43:44,3615810884,1079988936,5076088,12540,2819324,0,172,0,17,1,-40.0,72.2,72.2,62,0,5.7,51.0,,28,0
1375.4,16:43:45,3620484846,1080002360,4673962,13424,2822381,0,172,0,17,1,-40.0,58.5,72.2,55,0,5.2,50.0,,28,0
1376.4,16:43:46,3625170278,1080013508,4685432,11148,2825447,0,172,0,17,1,-41.0,72.2,72.2,64,0,5.8,51.0,,28,0
1377.4,16:43:47,3629538682,1080024494,4368404,10986,2828314,0,172,0,17,1,-41.0,65.0,72.2,65,0,5.3,51.0,,28,0
1378.4,16:43:48,3634090341,1080034933,4551659,10439,2831283,0,172,0,17,1,-41.0,65.0,72.2,66,0,4.5,52.0,,28,0
1379.4,16:43:49,3638481895,1080046183,4391554,11250,2834150,0,172,0,17,1,-40.0,57.8,72.2,91,0,5.7,51.0,,29,0
1380.5,16:43:50,3642479359,1080056509,3997464,10326,2836762,0,172,0,17,1,-41.0,72.2,72.2,104,0,5.2,50.0,,28,0
1381.5,16:43:51,3646639851,1080067405,4160492,10896,2839482,0,172,0,17,1,-40.0,58.5,72.2,90,0,4.9,52.0,,27,0
1382.5,16:43:52,3651379849,1080080011,4739998,12606,2842583,0,172,0,17,1,-41.0,65.0,72.2,80,0,12.6,56.0,,28,0
1383.5,16:43:53,3656211591,1080092251,4831742,12240,2845740,0,172,0,17,1,-40.0,72.2,72.2,76,0,4.8,52.0,,29,0
1384.5,16:43:54,3660560341,1080104749,4348750,12498,2848581,0,172,0,17,1,-41.0,65.0,72.2,82,0,4.6,52.0,,28,0
1385.5,16:43:55,3665955575,1080117667,5395234,12918,2852108,0,172,0,17,1,-42.0,72.2,72.2,64,0,4.5,51.0,,28,0
1386.5,16:43:56,3670939885,1080130565,4984310,12898,2855370,0,172,0,17,1,-41.0,72.2,72.2,74,0,4.0,51.0,,29,0
1387.5,16:43:57,3675656137,1080142571,4716252,12006,2858450,0,172,0,17,1,-39.0,72.2,72.2,86,0,4.9,51.0,,29,0
1388.5,16:43:58,3680467501,1080153947,4811364,11376,2861596,0,172,0,17,1,-39.0,72.2,72.2,57,0,6.8,51.0,,28,0
1389.6,16:43:59,3685600713,1080166871,5133212,12924,2864952,0,172,0,17,1,-40.0,72.2,72.2,55,0,4.8,52.0,,28,0
1390.6,16:44:00,3690707263,1080179195,5106550,12324,2868291,0,172,0,17,1,-42.0,65.0,72.2,51,0,3.8,51.0,,28,0
1391.6,16:44:01,3695195023,1080190301,4487760,11106,2871223,0,172,0,17,1,-40.0,72.2,72.2,71,0,4.0,50.0,,27,0
1392.6,16:44:02,3700332471,1080202085,5137448,11784,2874581,0,172,0,17,1,-40.0,72.2,72.2,67,0,4.9,51.0,,28,0
1393.6,16:44:03,3705630028,1080217637,5297557,15552,2878048,0,172,0,17,1,-42.0,72.2,72.2,60,0,4.1,50.0,,28,0
1394.6,16:44:04,3709786662,1080233313,4156634,15676,2880763,0,172,0,17,1,-41.0,65.0,72.2,67,0,4.0,51.0,,28,0
1395.6,16:44:05,3714548864,1080244245,4762202,10932,2883876,0,172,0,17,1,-41.0,65.0,72.2,61,0,3.9,50.0,,27,0
1396.6,16:44:06,3719330280,1080256979,4781416,12734,2887004,0,172,0,17,1,-40.0,72.2,72.2,66,0,4.4,52.0,,27,0
1397.6,16:44:07,3724114616,1080270163,4784336,13184,2890132,0,172,0,17,1,-41.0,65.0,72.2,76,0,5.0,53.0,,28,0
1398.7,16:44:08,3729061486,1080282637,4946870,12474,2893369,0,172,0,17,1,-40.0,57.8,72.2,75,0,5.3,51.0,,29,0
1399.7,16:44:09,3733796150,1080294529,4734664,11892,2896465,0,172,0,17,1,-41.0,72.2,72.2,75,0,4.4,51.0,,28,0
1400.7,16:44:10,3736638358,1080306323,2842208,11794,2898324,0,172,0,17,1,-41.0,65.0,72.2,57,28,3.9,51.0,,29,0
1401.7,16:44:11,3738866154,1080312479,2227796,6156,2899781,0,172,0,17,1,-39.0,65.0,72.2,33,0,8.4,52.0,,28,0
1402.7,16:44:12,3740936258,1080319993,2070104,7514,2901138,0,172,0,17,1,-41.0,72.2,72.2,40,0,3.6,50.0,,28,0
1403.7,16:44:13,3743323316,1080329085,2387058,9092,2902702,0,172,0,17,1,-39.0,58.5,72.2,43,0,4.5,52.0,,29,0
1404.7,16:44:14,3747420926,1080342081,4097610,12996,2905377,0,172,0,17,1,-40.0,72.2,72.2,70,0,4.8,52.0,,28,0
1405.7,16:44:15,3752485910,1080356631,5064984,14550,2908687,0,172,0,17,1,-41.0,72.2,72.2,62,0,4.4,51.0,,28,0
1406.7,16:44:16,3757574196,1080369723,5088286,13092,2912012,0,172,0,17,1,-40.0,57.8,72.2,55,0,4.2,51.0,,29,0
1407.7,16:44:17,3762488412,1080381999,4914216,12276,2915226,0,172,0,17,1,-40.0,65.0,72.2,45,0,4.3,51.0,,28,0
1408.8,16:44:18,3767331258,1080394557,4842846,12558,2918391,0,172,0,17,1,-40.0,72.2,72.2,57,0,4.5,51.0,,28,0
1409.8,16:44:19,3772068990,1080406185,4737732,11628,2921529,0,172,0,17,1,-40.0,72.2,72.2,57,0,4.4,51.0,,27,0
1410.8,16:44:20,3776975244,1080417573,4906254,11388,2924698,0,172,0,17,1,-39.0,65.0,72.2,54,0,4.0,51.0,,28,0
1411.8,16:44:21,3781981574,1080428709,5006330,11136,2927973,0,172,0,17,1,-40.0,65.0,72.2,53,0,4.4,51.0,,29,0
1412.8,16:44:22,3786688260,1080440493,4706686,11784,2931050,0,172,0,17,1,-40.0,65.0,72.2,64,0,4.1,50.0,,28,0
1413.8,16:44:23,3791693744,1080452536,5005484,12043,2934322,0,172,0,17,1,-40.0,72.2,72.2,53,0,4.8,51.0,,27,0
1414.8,16:44:24,3795897130,1080466258,4203386,13722,2937069,0,172,0,17,1,-40.0,72.2,72.2,71,0,4.6,52.0,,27,0
1415.8,16:44:25,3800800312,1080477700,4903182,11442,2940272,0,172,0,17,1,-40.0,65.0,72.2,56,0,4.0,51.0,,28,0
1416.8,16:44:26,3805807936,1080489566,5007624,11866,2943547,0,172,0,17,1,-39.0,72.2,72.2,46,0,4.1,51.0,,29,0
1417.9,16:44:27,3811037058,1080501818,5229122,12252,2946964,0,172,0,17,1,-40.0,72.2,72.2,66,0,3.8,50.0,,28,0
1418.9,16:44:28,3816096564,1080514208,5059506,12390,2950271,0,172,0,17,1,-39.0,72.2,72.2,53,0,4.3,52.0,,28,0
1419.9,16:44:29,3820798356,1080525518,4701792,11310,2953345,0,172,0,17,1,-39.0,57.8,72.2,62,0,4.0,52.0,,28,0
1420.9,16:44:30,3825783420,1080537002,4985064,11484,2956607,0,172,0,17,1,-40.0,65.0,72.2,63,0,3.4,51.0,,29,0
1421.9,16:44:31,3830663048,1080547714,4879628,10712,2959798,0,172,0,17,1,-39.0,65.0,65.0,50,0,4.7,51.0,,28,0
1422.9,16:44:32,3835825702,1080560458,5162654,12744,2963177,0,172,0,17,1,-40.0,72.2,72.2,66,0,4.1,51.0,,29,0
1423.9,16:44:33,3840678920,1080571102,4853218,10644,2966348,0,172,0,17,1,-39.0,57.8,72.2,70,0,4.6,52.0,,28,0
1424.9,16:44:34,3845514680,1080582868,4835760,11766,2969508,0,172,0,17,1,-40.0,65.0,72.2,60,0,4.0,51.0,,27,0
1426.0,16:44:35,3850386306,1080593854,4871626,10986,2972691,0,172,0,17,1,-40.0,72.2,72.2,49,0,4.3,51.0,,27,0
1427.0,16:44:36,3855587380,1080606328,5201074,12474,2976092,0,172,0,17,1,-40.0,65.0,72.2,51,0,4.3,51.0,,27,0
1428.0,16:44:37,3860453894,1080619150,4866514,12822,2979273,0,172,0,17,1,-39.0,57.8,72.2,69,0,3.8,52.0,,27,0
1429.0,16:44:38,3864836026,1080632986,4382132,13836,2982135,0,172,0,17,1,-39.0,72.2,150.0,43,0,3.7,51.0,,27,0
1430.0,16:44:39,3869701442,1080645910,4865416,12924,2985313,0,172,0,17,1,-39.0,72.2,72.2,63,0,4.4,51.0,,27,0
1431.0,16:44:40,3874584612,1080657892,4883170,11982,2988506,0,172,0,17,1,-39.0,72.2,72.2,64,0,4.1,51.0,,27,0
1432.0,16:44:41,3879499338,1080670384,4914726,12492,2991719,0,172,0,17,1,-39.0,65.0,72.2,55,0,4.5,51.0,,27,0
1433.0,16:44:42,3884297486,1080682656,4798148,12272,2994862,0,172,0,17,1,-40.0,72.2,72.2,55,0,4.3,50.0,,27,0
1434.0,16:44:43,3889195348,1080694904,4897862,12248,2998074,0,172,0,17,1,-39.0,72.2,72.2,57,0,4.4,50.0,,27,0
1435.1,16:44:44,3894195176,1080706928,4999828,12024,3001344,0,172,0,17,1,-40.0,72.2,72.2,50,0,4.5,51.0,,27,0
1436.1,16:44:45,3899062566,1080718358,4867390,11430,3004525,0,172,0,17,1,-40.0,65.0,72.2,53,0,3.8,51.0,,27,0
1437.1,16:44:46,3903882406,1080729800,4819840,11442,3007679,0,172,0,17,1,-40.0,65.0,72.2,63,0,3.8,51.0,,27,0
1438.1,16:44:47,3908834388,1080742688,4951982,12888,3010918,0,172,0,17,1,-40.0,72.2,72.2,54,0,4.6,50.0,,27,0
1439.1,16:44:48,3913530628,1080753512,4696240,10824,3013988,0,172,0,17,1,-39.0,72.2,72.2,53,0,4.3,50.0,,27,0
1440.1,16:44:49,3918526516,1080764582,4995888,11070,3017260,0,172,0,17,1,-39.0,72.2,72.2,56,0,4.5,52.0,,27,0
1441.1,16:44:50,3923619408,1080776108,5092892,11526,3020592,0,172,0,17,1,-39.0,72.2,72.2,51,0,3.9,51.0,,27,0
1442.1,16:44:51,3928348812,1080786854,4729404,10746,3023684,0,172,0,17,1,-40.0,72.2,72.2,54,0,3.9,51.0,,27,0
1443.1,16:44:52,3933277378,1080797595,4928566,10741,3026907,0,172,0,17,1,-40.0,65.0,72.2,52,0,4.3,50.0,,27,0
1444.1,16:44:53,3938113097,1080809998,4835719,12403,3030110,0,172,0,17,1,-39.0,72.2,72.2,57,0,4.2,51.0,,27,0
1445.2,16:44:54,3943147187,1080822544,5034090,12546,3033363,0,172,0,17,1,-40.0,65.0,72.2,49,0,4.3,50.0,,27,0
1446.2,16:44:55,3947525851,1080835054,4378664,12510,3036227,0,172,0,17,1,-39.0,72.2,72.2,61,0,3.9,50.0,,27,0
1447.2,16:44:56,3952088995,1080846430,4563144,11376,3039207,0,172,0,17,1,-39.0,65.0,72.2,62,0,4.0,51.0,,27,0
1448.2,16:44:57,3956824898,1080856084,4735903,9654,3042304,0,172,0,17,1,-40.0,72.2,72.2,61,0,4.7,50.0,,27,0
1449.2,16:44:58,3961622382,1080868024,4797484,11940,3045440,0,172,0,17,1,-39.0,72.2,72.2,61,0,3.9,51.0,,27,0
1450.2,16:44:59,3966756034,1080880984,5133652,12960,3048798,0,172,0,17,1,-39.0,72.2,72.2,51,0,4.5,50.0,,27,0
1451.2,16:45:00,3971923212,1080894322,5167178,13338,3052175,0,172,0,17,1,-40.0,72.2,72.2,51,0,3.5,51.0,,27,0
1452.2,16:45:01,3976803240,1080906250,4880028,11928,3055365,0,172,0,17,1,-40.0,72.2,72.2,57,0,3.7,50.0,,27,0
1453.2,16:45:03,3981903946,1080918298,5100706,12048,3058700,0,172,0,17,1,-40.0,65.0,72.2,57,0,4.5,51.0,,27,0
1454.3,16:45:04,3986860382,1080930106,4956436,11808,3061940,0,172,0,17,1,-39.0,72.2,72.2,54,0,4.0,50.0,,27,0
1455.3,16:45:05,3992116396,1080943168,5256014,13062,3065385,0,172,0,17,1,-40.0,57.8,72.2,56,0,4.3,51.0,,27,0
1456.3,16:45:06,3997005044,1080955138,4888648,11970,3068581,0,172,0,17,1,-41.0,72.2,72.2,49,0,4.3,51.0,,27,0
1457.3,16:45:07,4001362196,1080968914,4357152,13776,3071429,0,172,0,17,1,-39.0,72.2,72.2,62,0,3.8,50.0,,27,0
1458.3,16:45:08,4006024980,1080980356,4662784,11442,3074477,0,172,0,17,1,-40.0,72.2,72.2,79,0,4.3,51.0,,27,0
1459.3,16:45:09,4010570888,1080991300,4545908,10944,3077449,0,172,0,17,1,-40.0,72.2,72.2,63,0,4.5,51.0,,27,0
1460.3,16:45:10,4015523672,1081002910,4952784,11610,3080687,0,172,0,17,1,-40.0,72.2,72.2,57,0,4.3,51.0,,28,0
1461.3,16:45:11,4020333354,1081014922,4809682,12012,3083830,0,172,0,17,1,-40.0,65.0,72.2,61,0,3.8,50.0,,28,0
1462.3,16:45:12,4024855376,1081026316,4522022,11394,3086787,0,172,0,17,1,-42.0,65.0,72.2,66,0,4.7,51.0,,28,0
1463.3,16:45:13,4029479816,1081037898,4624440,11582,3089816,0,172,0,17,1,-42.0,58.5,72.2,59,0,4.9,51.0,,27,0
1464.4,16:45:14,4034299008,1081050662,4819192,12764,3092979,0,172,0,17,1,-40.0,72.2,72.2,54,0,4.0,50.0,,27,0
1465.4,16:45:15,4039231809,1081063041,4932801,12379,3096205,0,172,0,17,1,-40.0,72.2,72.2,68,0,4.0,50.0,,28,0
1466.4,16:45:16,4044110085,1081075401,4878276,12360,3099395,0,172,0,17,1,-40.0,72.2,72.2,59,0,3.5,50.0,,27,0
1467.4,16:45:17,4047972557,1081087461,3862472,12060,3101919,0,172,0,17,1,-40.0,72.2,72.2,62,0,3.4,51.0,,28,0
1468.4,16:45:18,4052532419,1081098069,4559862,10608,3104902,0,172,0,17,1,-40.0,65.0,72.2,50,0,4.3,50.0,,28,0
1469.4,16:45:19,4057438015,1081111791,4905596,13722,3108110,0,172,0,17,1,-41.0,65.0,72.2,68,0,3.7,50.0,,27,0
1470.4,16:45:20,4062614763,1081126305,5176748,14514,3111494,0,172,0,17,1,-40.0,72.2,72.2,61,0,4.2,50.0,,26,0
1471.4,16:45:21,4067648117,1081138617,5033354,12312,3114783,0,172,0,17,1,-42.0,72.2,72.2,53,0,4.3,50.0,,28,0
1472.4,16:45:22,4072341725,1081151865,4693608,13248,3117849,0,172,0,17,1,-42.0,72.2,72.2,75,0,3.9,50.0,,27,0
1473.5,16:45:23,4077273761,1081164033,4932036,12168,3121071,0,172,0,17,1,-40.0,72.2,72.2,60,0,4.7,50.0,,28,0
1474.5,16:45:24,4081943121,1081175841,4669360,11808,3124125,0,172,0,17,1,-41.0,72.2,72.2,66,0,4.3,51.0,,28,0
1475.5,16:45:25,4086840899,1081187325,4897778,11484,3127326,0,172,0,17,1,-40.0,65.0,72.2,51,0,3.8,50.0,,28,0
1476.5,16:45:26,4091592071,1081198725,4751172,11400,3130432,0,172,0,17,1,-41.0,72.2,72.2,68,0,3.9,51.0,,28,0
1477.5,16:45:27,4096751579,1081211799,5159508,13074,3133804,0,172,0,17,1,-40.0,72.2,72.2,62,0,4.0,51.0,,28,0
1478.5,16:45:28,4101608815,1081223415,4857236,11616,3136978,0,172,0,17,1,-41.0,72.2,72.2,47,0,3.9,51.0,,28,0
1479.5,16:45:29,4106394903,1081235301,4786088,11886,3140106,0,172,0,17,1,-41.0,72.2,72.2,62,0,3.8,50.0,,28,0
1480.5,16:45:30,4111239649,1081246761,4844746,11460,3143273,0,172,0,17,1,-40.0,72.2,72.2,68,0,4.2,51.0,,28,0
1481.5,16:45:31,4116162337,1081258731,4922688,11970,3146491,0,172,0,17,1,-40.0,52.0,72.2,66,0,4.1,50.0,,28,0
1482.6,16:45:32,4120794001,1081269975,4631664,11244,3149517,0,172,0,17,1,-41.0,65.0,72.2,63,0,4.0,51.0,,28,0
1483.6,16:45:33,4124923097,1081282785,4129096,12810,3152215,0,172,0,17,1,-41.0,72.2,72.2,62,0,3.9,50.0,,28,0
1484.6,16:45:34,4130043963,1081295349,5120866,12564,3155562,0,172,0,17,1,-40.0,72.2,72.2,48,0,4.3,51.0,,28,0
1485.6,16:45:35,4134682421,1081307073,4638458,11724,3158593,0,172,0,17,1,-40.0,65.0,72.2,73,0,4.1,51.0,,28,0
1486.6,16:45:36,4139214556,1081318216,4532135,11143,3161558,0,172,0,17,1,-43.0,72.2,72.2,73,0,3.4,51.0,,28,0
1487.6,16:45:37,4144399048,1081330522,5184492,12306,3164948,0,172,0,17,1,-40.0,58.5,72.2,61,0,4.2,51.0,,28,0
1488.6,16:45:38,4149344762,1081342229,4945714,11707,3168186,0,172,0,17,1,-40.0,65.0,72.2,54,0,3.9,52.0,,28,0
1489.6,16:45:39,4154293602,1081354949,4948840,12720,3171422,0,172,0,17,1,-42.0,72.2,72.2,52,0,4.2,50.0,,27,0
1490.6,16:45:40,4159328564,1081366595,5034962,11646,3174713,0,172,0,17,1,-40.0,72.2,72.2,64,0,4.2,51.0,,27,0
1491.7,16:45:41,4164495562,1081383033,5166998,16438,3178094,0,172,0,17,1,-40.0,72.2,72.2,60,0,4.0,50.0,,28,0
1492.7,16:45:42,4169423802,1081396385,4928240,13352,3181316,0,172,0,17,1,-40.0,72.2,72.2,52,0,4.0,51.0,,28,0
1493.7,16:45:43,4173450996,1081410091,4027194,13706,3183947,0,172,0,17,1,-41.0,72.2,72.2,66,0,4.4,51.0,,28,0
1494.7,16:45:44,4178460694,1081423103,5009698,13012,3187232,0,172,0,17,1,-41.0,72.2,72.2,56,0,4.2,50.0,,27,0
1495.7,16:45:45,4183311432,1081436197,4850738,13094,3190405,0,172,0,17,1,-41.0,65.0,72.2,57,0,4.2,51.0,,28,0
1496.7,16:45:46,4188105556,1081447237,4794124,11040,3193539,0,172,0,17,1,-41.0,57.8,72.2,66,0,4.0,51.0,,28,0
1497.7,16:45:47,4192956072,1081459045,4850516,11808,3196726,0,172,0,17,1,-40.0,65.0,72.2,48,0,3.9,50.0,,28,0
1498.7,16:45:48,4197679706,1081470967,4723634,11922,3199798,0,172,0,17,1,-39.0,72.2,72.2,62,0,4.3,50.0,,28,0
1499.7,16:45:49,4202846814,1081482763,5167108,11796,3203178,0,172,0,17,1,-41.0,72.2,72.2,47,0,3.9,50.0,,28,0
1500.8,16:45:50,4207615008,1081494007,4768194,11244,3206297,0,172,0,17,1,-40.0,72.2,72.2,57,0,3.9,51.0,,28,0
1501.8,16:45:51,4212505556,1081506007,4890548,12000,3209495,0,172,0,17,1,-40.0,65.0,72.2,64,0,4.2,50.0,,28,0
1502.8,16:45:52,4217659804,1081517341,5154248,11334,3212863,0,172,0,17,1,-40.0,72.2,72.2,54,0,4.2,51.0,,28,0
1503.8,16:45:53,4222550613,1081530564,4890809,13223,3216062,0,172,0,17,1,-40.0,72.2,72.2,55,0,4.4,50.0,,28,0
1504.8,16:45:54,4227237357,1081541550,4686744,10986,3219126,0,172,0,17,1,-42.0,65.0,72.2,54,0,4.2,50.0,,28,0
1505.8,16:45:55,4232118335,1081553640,4880978,12090,3222317,0,172,0,17,1,-41.0,72.2,72.2,61,0,4.4,50.0,,28,0
1506.8,16:45:56,4236943287,1081565388,4824952,11748,3225473,0,172,0,17,1,-43.0,72.2,72.2,54,0,4.0,51.0,,28,0
1507.8,16:45:57,4241780400,1081577275,4837113,11887,3228641,0,172,0,17,1,-40.0,65.0,72.2,73,0,4.1,50.0,,28,0
1508.8,16:45:58,4246507612,1081588543,4727212,11268,3231731,0,172,0,17,1,-41.0,72.2,72.2,81,0,4.2,50.0,,28,0
1509.9,16:45:59,4251796227,1081601588,5288615,13045,3235188,0,172,0,17,1,-40.0,72.2,72.2,56,0,4.3,50.0,,28,0
1510.9,16:46:00,4256834183,1081613972,5037956,12384,3238480,0,172,0,17,1,-41.0,72.2,72.2,60,0,3.8,50.0,,28,0
1511.9,16:46:01,4261794439,1081626458,4960256,12486,3241726,0,172,0,17,1,-42.0,65.0,72.2,57,0,3.7,50.0,,28,0
1512.9,16:46:02,4266756645,1081638542,4962206,12084,3244969,0,172,0,17,1,-40.0,72.2,72.2,58,0,3.4,51.0,,28,0
1513.9,16:46:03,4271678313,1081654766,4921668,16224,3248189,0,172,0,17,1,-41.0,65.0,72.2,57,0,4.8,50.0,,28,0
1514.9,16:46:04,4276801747,1081668076,5123434,13310,3251540,0,172,0,17,1,-40.0,72.2,72.2,50,0,4.4,50.0,,28,0
1515.9,16:46:05,4281954391,1081681812,5152644,13736,3254910,0,172,0,17,1,-41.0,72.2,72.2,62,0,4.2,51.0,,28,0
1516.9,16:46:06,4287144871,1081694064,5190480,12252,3258302,0,172,0,17,1,-42.0,72.2,72.2,65,0,3.8,50.0,,28,0
1517.9,16:46:07,4291611599,1081709246,4466728,15182,3261226,0,172,0,17,1,-40.0,65.0,72.2,70,0,3.8,50.0,,28,0
1519.0,16:46:08,4296678047,1081721294,5066448,12048,3264540,0,172,0,17,1,-41.0,72.2,72.2,48,0,4.8,51.0,,28,0
1520.0,16:46:09,4301629955,1081732982,4951908,11688,3267778,0,172,0,17,1,-40.0,72.2,72.2,65,0,3.8,50.0,,27,0
1521.0,16:46:10,4306675873,1081745222,5045918,12240,3271075,0,172,0,17,1,-40.0,72.2,72.2,64,0,4.4,51.0,,28,0
1522.0,16:46:11,4311821575,1081757384,5145702,12162,3274438,0,172,0,17,1,-39.0,72.2,72.2,62,0,3.9,51.0,,28,0
1523.0,16:46:12,4316463031,1081768412,4641456,11028,3277474,0,172,0,17,1,-40.0,65.0,72.2,62,0,4.0,50.0,,28,0
1524.0,16:46:13,4321315533,1081780141,4852502,11729,3280645,0,172,0,17,1,-41.0,58.5,65.0,56,0,4.8,51.0,,27,0
1525.0,16:46:14,4325825126,1081791717,4509593,11576,3283602,0,172,0,17,1,-39.0,72.2,72.2,73,0,4.4,50.0,,28,0
1526.0,16:46:15,4330473146,1081802187,4648020,10470,3286632,0,172,0,17,1,-41.0,72.2,72.2,57,0,3.9,50.0,,27,0
1527.0,16:46:16,4335338994,1081813281,4865848,11094,3289804,0,172,0,17,1,-40.0,72.2,72.2,59,0,3.3,51.0,,28,0
1528.0,16:46:17,4339436543,1081825693,4097549,12412,3292476,0,172,0,17,1,-39.0,65.0,72.2,78,0,3.2,50.0,,27,0
1529.1,16:46:18,4343931163,1081836205,4494620,10512,3295406,0,172,0,17,1,-39.0,65.0,72.2,57,0,4.0,50.0,,26,0
1530.1,16:46:19,4348858622,1081847739,4927459,11534,3298619,0,172,0,17,1,-40.0,72.2,72.2,62,0,3.9,50.0,,27,0
1531.1,16:46:20,4353557264,1081858425,4698642,10686,3301682,0,172,0,17,1,-40.0,72.2,72.2,63,0,4.0,50.0,,28,0
1532.1,16:46:21,4358375558,1081869261,4818294,10836,3304823,0,172,0,17,1,-40.0,72.2,72.2,67,0,4.0,50.0,,27,0
1533.1,16:46:22,4363227600,1081880661,4852042,11400,3307986,0,172,0,17,1,-42.0,72.2,72.2,50,0,3.8,50.0,,26,0
1534.1,16:46:23,4367693074,1081891035,4465474,10374,3310897,0,172,0,17,1,-39.0,72.2,65.0,59,0,4.0,50.0,,27,0
1535.1,16:46:24,4372456144,1081901181,4763070,10146,3314002,0,172,0,17,1,-40.0,65.0,72.2,56,0,4.2,51.0,,26,0
1536.1,16:46:25,4377180864,1081910871,4724720,9690,3317082,0,172,0,17,1,-41.0,65.0,72.2,64,0,4.6,50.0,,27,0
1537.1,16:46:26,4381738378,1081920927,4557514,10056,3320053,0,172,0,17,1,-41.0,72.2,72.2,62,0,3.5,51.0,,28,0
1538.1,16:46:27,4385360226,1081932777,3621848,11850,3322415,0,172,0,17,1,-40.0,72.2,72.2,85,0,3.6,50.0,,27,0
1539.2,16:46:28,4390046596,1081943247,4686370,10470,3325470,0,172,0,17,1,-39.0,72.2,72.2,67,0,4.2,50.0,,28,0
1540.2,16:46:29,4394923182,1081953855,4876586,10608,3328649,0,172,0,17,1,-40.0,72.2,72.2,62,0,4.5,51.0,,27,0
1541.2,16:46:30,4399416268,1081963317,4493086,9462,3331578,0,172,0,17,1,-40.0,72.2,72.2,63,0,3.7,50.0,,27,0
1542.2,16:46:31,4403901684,1081974225,4485416,10908,3334502,0,172,0,17,1,-41.0,65.0,72.2,67,0,4.3,50.0,,27,0
1543.2,16:46:32,4408646346,1081984821,4744662,10596,3337595,0,172,0,17,1,-39.0,72.2,72.2,55,0,3.6,50.0,,27,0
1544.2,16:46:33,4413139432,1081996023,4493086,11202,3340524,0,172,0,17,1,-40.0,58.5,72.2,67,0,4.3,50.0,,28,0
1545.2,16:46:34,4418061126,1082006241,4921694,10218,3343733,0,172,0,17,1,-40.0,58.5,72.2,59,0,4.0,51.0,,28,0
1546.2,16:46:35,4422472910,1082016957,4411784,10716,3346609,0,172,0,17,1,-40.0,65.0,72.2,76,0,4.0,50.0,,28,0
1547.2,16:46:36,4427509032,1082028537,5036122,11580,3349892,0,172,0,17,1,-38.0,72.2,72.2,55,0,4.0,50.0,,28,0
1548.2,16:46:37,4431993536,1082039643,4484504,11106,3352816,0,172,0,17,1,-39.0,65.0,72.2,64,0,4.1,50.0,,28,0
1549.3,16:46:39,4436385848,1082051911,4392312,12268,3355681,0,172,0,17,1,-40.0,65.0,72.2,64,0,4.3,50.0,,28,0
1550.3,16:46:40,4440809904,1082061481,4424056,9570,3358565,0,172,0,17,1,-38.0,52.0,72.2,68,0,4.3,51.0,,28,0
1551.3,16:46:41,4445114559,1082071611,4304655,10130,3361372,0,172,0,17,1,-39.0,65.0,72.2,74,0,4.3,53.0,,27,0
1552.3,16:46:42,4449800929,1082082351,4686370,10740,3364427,0,172,0,17,1,-38.0,72.2,72.2,78,0,4.0,50.0,,28,0
1553.3,16:46:43,4454752681,1082093757,4951752,11406,3367655,0,172,0,17,1,-40.0,72.2,72.2,73,0,4.3,50.0,,27,0
1554.3,16:46:44,4459324483,1082103663,4571802,9906,3370637,0,172,0,17,1,-39.0,65.0,72.2,71,0,4.6,51.0,,27,0
1555.3,16:46:45,4464135057,1082115935,4810574,12272,3373809,0,172,0,17,1,-40.0,65.0,72.2,59,0,4.6,51.0,,27,0
1556.3,16:46:46,4468440995,1082125031,4305938,9096,3376592,0,172,0,17,1,-41.0,65.0,72.2,68,0,4.3,51.0,,27,0
1557.3,16:46:47,4473461777,1082136631,5020782,11600,3379865,0,172,0,17,1,-40.0,72.2,72.2,61,0,3.9,51.0,,27,0
1558.4,16:46:48,4478932643,1082149129,5470866,12498,3383432,0,172,0,17,1,-40.0,65.0,72.2,51,0,4.5,50.0,,27,0
1559.4,16:46:49,4483654295,1082162803,4721652,13674,3386525,0,172,0,17,1,-40.0,72.2,72.2,56,0,3.7,50.0,,27,0
1560.4,16:46:50,4488744107,1082173885,5089812,11082,3389828,0,172,0,17,1,-39.0,72.2,72.2,59,0,4.4,51.0,,27,0
1561.4,16:46:51,4493270941,1082184405,4526834,10520,3392779,0,172,0,17,1,-40.0,65.0,72.2,60,0,3.6,50.0,,27,0
1562.4,16:46:52,4498161333,1082194461,4890392,10056,3395967,0,172,0,17,1,-39.0,72.2,72.2,47,0,4.2,50.0,,27,0
1563.4,16:46:53,4503032405,1082205045,4871072,10584,3399143,0,172,0,17,1,-40.0,72.2,72.2,45,0,4.0,50.0,,27,0
1564.4,16:46:54,4508134489,1082215155,5102084,10110,3402469,0,172,0,17,1,-39.0,72.2,72.2,48,0,4.3,50.0,,26,0
1565.4,16:46:55,4512707343,1082225631,4572854,10476,3405450,0,172,0,17,1,-40.0,65.0,72.2,60,0,4.5,50.0,,27,0
1566.5,16:46:56,4517550181,1082236119,4842838,10488,3408607,0,172,0,17,1,-40.0,65.0,72.2,71,0,4.4,50.0,,27,0
1567.5,16:46:57,4522618517,1082247093,5068336,10974,3411911,0,172,0,17,1,-41.0,65.0,72.2,42,0,4.0,50.0,,26,0
1568.5,16:46:58,4527642367,1082258325,5023850,11232,3415186,0,172,0,17,1,-39.0,65.0,72.2,55,0,3.9,50.0,,27,0
1569.5,16:46:59,4531980519,1082270681,4338152,12356,3418014,0,172,0,17,1,-40.0,72.2,72.2,55,0,3.8,50.0,,27,0
1570.5,16:47:00,4536860795,1082281181,4880276,10500,3421196,0,172,0,17,1,-40.0,58.5,72.2,67,0,4.4,50.0,,26,0
1571.5,16:47:01,4541640739,1082291831,4779944,10650,3424312,0,172,0,17,1,-40.0,65.0,72.2,58,0,4.5,50.0,,27,0
1572.5,16:47:02,4546963719,1082303831,5322980,12000,3427782,0,172,0,17,1,-40.0,72.2,72.2,54,0,4.3,50.0,,27,0
1573.5,16:47:03,4551950753,1082315369,4987034,11538,3431033,0,172,0,17,1,-40.0,65.0,72.2,54,0,4.4,50.0,,28,0
1574.5,16:47:04,4557039031,1082326559,5088278,11190,3434350,0,172,0,17,1,-39.0,72.2,72.2,51,0,5.2,50.0,,28,0
1575.6,16:47:05,4561703925,1082336993,4664894,10434,3437391,0,172,0,17,1,-40.0,65.0,72.2,60,0,5.9,51.0,,27,0
1576.6,16:47:06,4566594919,1082347545,4890994,10552,3440581,0,172,0,17,1,-40.0,72.2,65.0,53,0,5.3,55.0,,28,0
1577.6,16:47:07,4571466903,1082357895,4871984,10350,3443757,0,172,0,17,1,-39.0,72.2,72.2,64,0,4.1,50.0,,28,0
1578.6,16:47:08,4576383373,1082369301,4916470,11406,3446962,0,172,0,17,1,-39.0,65.0,72.2,62,0,4.9,50.0,,27,0
1579.6,16:47:09,4580796691,1082382687,4413318,13386,3449839,0,172,0,17,1,-40.0,65.0,72.2,83,0,3.7,50.0,,26,0
1580.6,16:47:10,4585176261,1082392959,4379570,10272,3452694,0,172,0,17,1,-42.0,72.2,72.2,70,0,5.5,50.0,,27,0
1581.6,16:47:11,4589414703,1082402637,4238442,9678,3455457,0,172,0,17,1,-42.0,65.0,72.2,77,0,3.5,51.0,,28,0
1582.6,16:47:12,4593818817,1082412843,4404114,10206,3458328,0,172,0,17,1,-39.0,72.2,72.2,71,0,3.9,50.0,,27,0
1583.7,16:47:13,4598391671,1082422695,4572854,9852,3461309,0,172,0,17,1,-39.0,72.2,72.2,66,0,4.2,50.0,,28,0
1584.7,16:47:14,4603026146,1082432593,4634475,9898,3464331,0,172,0,17,1,-39.0,65.0,72.2,55,0,3.4,51.0,,27,0
1585.7,16:47:15,4607702515,1082444733,4676369,12140,3467394,0,172,0,17,1,-40.0,65.0,72.2,54,0,3.7,50.0,,28,0
1586.7,16:47:16,4612079017,1082454357,4376502,9624,3470247,0,172,0,17,1,-40.0,72.2,72.2,67,0,2.9,50.0,,27,0
1587.7,16:47:17,4617310800,1082466315,5231783,11958,3473659,0,172,0,17,1,-39.0,72.2,72.2,61,0,4.1,50.0,,28,0
1588.7,16:47:18,4622080628,1082476653,4769828,10338,3476769,0,172,0,17,1,-39.0,65.0,72.2,64,0,4.7,51.0,,27,0
1589.7,16:47:19,4626304352,1082488641,4223724,11988,3479523,0,172,0,17,1,-38.0,57.8,72.2,65,0,3.8,51.0,,27,0
1590.7,16:47:20,4631004528,1082498777,4700176,10136,3482587,0,172,0,17,1,-40.0,72.2,72.2,53,0,3.9,50.0,,27,0
1591.7,16:47:21,4636098500,1082511043,5093972,12266,3485910,0,172,0,17,1,-39.0,72.2,72.2,61,0,3.8,50.0,,27,0
1592.7,16:47:22,4641292624,1082523487,5194124,12444,3489296,0,172,0,17,1,-40.0,72.2,72.2,71,0,3.4,51.0,,27,0
1593.8,16:47:23,4645819960,1082534613,4527336,11126,3492249,0,172,0,17,1,-39.0,72.2,72.2,66,0,4.3,51.0,,28,0
1594.8,16:47:24,4650563088,1082545395,4743128,10782,3495341,0,172,0,17,1,-40.0,65.0,72.2,72,0,4.0,50.0,,28,0
1595.8,16:47:25,4655387518,1082556087,4824430,10692,3498486,0,172,0,17,1,-40.0,65.0,72.2,65,0,4.0,51.0,,27,0
1596.8,16:47:26,4659974130,1082566459,4586612,10372,3501478,0,172,0,17,1,-39.0,72.2,72.2,78,0,4.5,51.0,,27,0
1597.8,16:47:27,4665132972,1082577619,5158842,11160,3504841,0,172,0,17,1,-39.0,72.2,72.2,55,0,4.1,51.0,,27,0
1598.8,16:47:28,4669813828,1082587891,4680856,10272,3507893,0,172,0,17,1,-39.0,72.2,72.2,54,0,4.4,51.0,,27,0
1599.8,16:47:29,4674015692,1082600815,4201864,12924,3510633,0,172,0,17,1,-40.0,72.2,72.2,77,0,3.9,51.0,,27,0
1600.8,16:47:30,4679041076,1082612971,5025384,12156,3513909,0,172,0,17,1,-38.0,65.0,72.2,64,0,4.4,50.0,,27,0
1601.9,16:47:31,4683658416,1082624149,4617340,11178,3516919,0,172,0,17,1,-40.0,65.0,72.2,71,0,3.8,51.0,,27,0
1602.9,16:47:32,4688125424,1082634499,4467008,10350,3519831,0,172,0,17,1,-40.0,72.2,72.2,65,0,3.8,51.0,,27,0
1603.9,16:47:33,4692650724,1082645149,4525300,10650,3522781,0,172,0,17,1,-42.0,65.0,72.2,68,0,4.3,50.0,,28,0
1604.9,16:47:34,4697392318,1082655475,4741594,10326,3525872,0,172,0,17,1,-39.0,72.2,72.2,60,0,4.3,50.0,,28,0
1605.9,16:47:35,4702360944,1082667433,4968626,11958,3529111,0,172,0,17,1,-39.0,65.0,72.2,69,0,5.7,51.0,,27,0
1606.9,16:47:36,4707319874,1082678903,4958930,11470,3532347,0,172,0,17,1,-42.0,65.0,72.2,64,0,4.3,51.0,,27,0
1607.9,16:47:37,4712291568,1082690009,4971694,11106,3535588,0,172,0,17,1,-39.0,72.2,72.2,70,0,5.7,52.0,,28,0
1608.9,16:47:38,4716740168,1082700737,4448600,10728,3538488,0,172,0,17,1,-38.0,65.0,72.2,67,0,4.0,51.0,,28,0
1609.9,16:47:39,4720998552,1082713019,4258384,12282,3541264,0,172,0,17,1,-43.0,65.0,72.2,67,0,3.3,53.0,,29,0
1611.0,16:47:40,4726139608,1082724749,5141056,11730,3544616,0,172,0,17,1,-41.0,72.2,72.2,51,0,3.9,52.0,,28,0
1612.0,16:47:41,4731257738,1082739833,5118130,15084,3547955,0,172,0,17,1,-42.0,72.2,72.2,54,0,3.7,50.0,,27,0
1613.0,16:47:42,4736184034,1082751337,4926296,11504,3551167,0,172,0,17,1,-39.0,72.2,72.2,45,0,4.0,51.0,,27,0
1614.0,16:47:43,4741028406,1082763477,4844372,12140,3554325,0,172,0,17,1,-39.0,65.0,72.2,59,0,4.3,50.0,,27,0
1615.0,16:47:44,4745995749,1082775280,4967343,11803,3557564,0,172,0,17,1,-39.0,72.2,72.2,63,0,4.2,50.0,,28,0
1616.0,16:47:45,4750953283,1082788402,4957534,13122,3560807,0,172,0,17,1,-40.0,72.2,72.2,56,0,4.1,51.0,,28,0
1617.0,16:47:46,4755817597,1082798878,4864314,10476,3563978,0,172,0,17,1,-40.0,65.0,72.2,52,0,3.4,50.0,,28,0
1618.0,16:47:47,4760615949,1082809174,4798352,10296,3567106,0,172,0,17,1,-39.0,72.2,72.2,53,0,3.7,51.0,,28,0
1619.0,16:47:48,4765652693,1082820454,5036744,11280,3570390,0,172,0,17,1,-39.0,72.2,72.2,54,0,4.5,50.0,,28,0
1620.1,16:47:49,4770474055,1082834140,4821362,13686,3573533,0,172,0,17,1,-40.0,72.2,72.2,48,0,3.5,50.0,,28,0
1621.1,16:47:50,4775289281,1082845108,4815226,10968,3576672,0,172,0,17,1,-41.0,65.0,72.2,54,0,4.0,51.0,,28,0
1622.1,16:47:51,4779959399,1082855710,4670118,10602,3579717,0,172,0,17,1,-39.0,72.2,72.2,68,0,3.7,50.0,,28,0
1623.1,16:47:52,4785133581,1082867710,5174182,12000,3583090,0,172,0,17,1,-40.0,65.0,72.2,60,0,4.0,50.0,,28,0
1624.1,16:47:53,4789855233,1082879332,4721652,11622,3586168,0,172,0,17,1,-40.0,72.2,72.2,67,0,4.4,50.0,,27,0
1625.1,16:47:54,4795228835,1082891668,5373602,12336,3589671,0,172,0,17,1,-41.0,65.0,72.2,49,0,3.5,50.0,,27,0
1626.1,16:47:55,4800390745,1082902630,5161910,10962,3593036,0,172,0,17,1,-39.0,72.2,72.2,48,0,4.0,50.0,,28,0
1627.1,16:47:56,4805692249,1082913910,5301504,11280,3596492,0,172,0,17,1,-40.0,65.0,72.2,42,0,3.9,50.0,,28,0
1628.1,16:47:57,4810512302,1082925352,4820053,11442,3599635,0,172,0,17,1,-38.0,72.2,72.2,66,0,3.3,50.0,,28,0
1629.2,16:47:58,4815700290,1082936836,5187988,11484,3603017,0,172,0,17,1,-38.0,65.0,72.2,51,0,4.0,51.0,,28,0
1630.2,16:47:59,4820101336,1082949970,4401046,13134,3605886,0,172,0,17,1,-49.0,72.2,72.2,66,0,4.0,51.0,,28,0
1631.2,16:48:00,4824957980,1082961238,4856644,11268,3609052,0,172,0,17,1,-40.0,65.0,72.2,51,0,3.9,50.0,,28,0
1632.2,16:48:01,4829675690,1082975036,4717710,13798,3612129,0,172,0,17,1,-41.0,72.2,72.2,58,0,3.9,50.0,,28,0
1633.2,16:48:02,4834658744,1082989746,4983054,14710,3615378,0,172,0,17,1,-41.0,72.2,72.2,53,0,3.5,50.0,,27,0
1634.2,16:48:03,4839745488,1083002288,5086744,12542,3618694,0,172,0,17,1,-40.0,65.0,72.2,51,0,4.2,51.0,,27,0
1635.2,16:48:04,4844456402,1083012434,4710914,10146,3621765,0,172,0,17,1,-41.0,65.0,72.2,56,0,3.7,50.0,,28,0
1636.2,16:48:05,4849215121,1083024215,4758719,11781,3624868,0,172,0,17,1,-40.0,65.0,72.2,63,0,6.1,50.0,,27,0
1637.2,16:48:06,4854267205,1083035891,5052084,11676,3628162,0,172,0,17,1,-41.0,72.2,72.2,63,0,4.4,50.0,,28,0
1638.3,16:48:08,4859131519,1083046529,4864314,10638,3631348,0,172,0,17,1,-42.0,65.0,72.2,55,0,13.5,50.0,,27,0
1639.3,16:48:09,4863893055,1083056813,4761536,10284,3634437,0,172,0,17,1,-41.0,72.2,72.2,59,0,9.7,51.0,,28,0
1640.3,16:48:10,4868664429,1083069627,4771374,12814,3637549,0,172,0,17,1,-40.0,72.2,72.2,56,0,5.7,51.0,,29,0
1641.3,16:48:11,4873768047,1083082203,5103618,12576,3640876,0,172,0,17,1,-42.0,65.0,72.2,54,0,7.7,51.0,,28,0
1642.3,16:48:12,4878611507,1083092745,4843460,10542,3644034,0,172,0,17,1,-40.0,65.0,72.2,54,0,5.6,51.0,,28,0
1643.3,16:48:13,4883581667,1083104115,4970160,11370,3647274,0,172,0,17,1,-40.0,72.2,72.2,51,0,4.3,51.0,,28,0
1644.3,16:48:14,4888685285,1083115197,5103618,11082,3650601,0,172,0,17,1,-41.0,72.2,72.2,46,0,4.9,50.0,,27,0
1645.3,16:48:15,4893419209,1083125349,4733924,10152,3653687,0,172,0,17,1,-41.0,72.2,72.2,49,0,3.5,51.0,,28,0
1646.3,16:48:16,4898315502,1083137022,4896293,11673,3656891,0,172,0,17,1,-41.0,72.2,72.2,49,0,3.8,50.0,,27,0
1647.3,16:48:17,4903776542,1083149058,5461040,12036,3660451,0,172,0,17,1,-41.0,72.2,72.2,39,0,3.9,50.0,,27,0
1648.3,16:48:18,4908766644,1083160188,4990102,11130,3663704,0,172,0,17,1,-41.0,72.2,72.2,51,0,3.8,50.0,,27,0
1649.4,16:48:19,4913713794,1083170322,4947150,10134,3666929,0,172,0,17,1,-41.0,72.2,72.2,48,0,4.3,51.0,,27,0
1650.4,16:48:20,4918730596,1083181914,5016802,11592,3670200,0,172,0,17,1,-41.0,72.2,72.2,55,0,3.8,50.0,,27,0
1651.4,16:48:21,4923555026,1083195426,4824430,13512,3673345,0,172,0,17,1,-41.0,72.2,72.2,54,0,2.9,50.0,,27,0
1652.4,16:48:22,4928186794,1083207234,4631768,11808,3676365,0,172,0,17,1,-39.0,58.5,72.2,61,0,3.4,50.0,,27,0
1653.4,16:48:23,4932840950,1083217776,4654156,10542,3679399,0,172,0,17,1,-40.0,72.2,72.2,50,0,3.4,50.0,,27,0
1654.4,16:48:24,4938239170,1083228990,5398220,11214,3682919,0,172,0,17,1,-40.0,72.2,72.2,50,0,3.9,51.0,,27,0
1655.4,16:48:25,4943335118,1083240054,5095948,11064,3686241,0,172,0,17,1,-41.0,65.0,72.2,44,0,3.3,50.0,,27,0
1656.4,16:48:26,4948358968,1083251022,5023850,10968,3689516,0,172,0,17,1,-39.0,72.2,72.2,53,0,3.6,50.0,,27,0
1657.4,16:48:27,4953788046,1083262460,5429078,11438,3693056,0,172,0,17,1,-41.0,72.2,72.2,42,0,3.7,50.0,,26,0
1658.5,16:48:28,4959037394,1083273920,5249348,11460,3696478,0,172,0,17,1,-40.0,72.2,72.2,55,0,3.2,50.0,,27,0
1659.5,16:48:29,4963809668,1083284774,4772274,10854,3699589,0,172,0,17,1,-41.0,72.2,72.2,52,0,3.3,50.0,,28,0
1660.5,16:48:30,4968519048,1083295166,4709380,10392,3702659,0,172,0,17,1,-42.0,72.2,72.2,64,0,3.6,50.0,,27,0
1661.5,16:48:31,4972964580,1083308432,4445532,13266,3705557,0,172,0,17,1,-42.0,58.5,72.2,61,0,4.3,49.0,,26,0
1662.5,16:48:32,4977940876,1083319040,4976296,10608,3708801,0,172,0,17,1,-40.0,72.2,72.2,41,0,3.7,50.0,,27,0
1663.5,16:48:33,4983124503,1083330638,5183627,11598,3712181,0,172,0,17,1,-41.0,52.0,72.2,44,0,3.4,50.0,,27,0
1664.5,16:48:34,4987941263,1083342016,4816760,11378,3715321,0,172,0,17,1,-41.0,72.2,72.2,51,0,5.5,51.0,,27,0
1665.5,16:48:35,4992713537,1083352546,4772274,10530,3718432,0,172,0,17,1,-41.0,72.2,72.2,72,0,3.6,50.0,,27,0
1666.5,16:48:36,4997545637,1083362556,4832100,10010,3721582,0,172,0,17,1,-40.0,65.0,72.2,56,0,3.3,50.0,,27,0
1667.6,16:48:37,5002595565,1083373896,5049928,11340,3724874,0,172,0,17,1,-40.0,72.2,72.2,59,0,5.4,51.0,,27,0
1668.6,16:48:38,5007340227,1083385080,4744662,11184,3727967,0,172,0,17,1,-41.0,65.0,72.2,62,0,3.5,52.0,,27,0
1669.6,16:48:39,5012281241,1083395502,4941014,10422,3731188,0,172,0,17,1,-40.0,72.2,72.2,47,0,8.1,51.0,,27,0
1670.6,16:48:40,5017055049,1083405968,4773808,10466,3734300,0,172,0,17,1,-40.0,65.0,72.2,58,0,6.3,50.0,,27,0
1671.6,16:48:41,5021299627,1083419060,4244578,13092,3737067,0,172,0,17,1,-40.0,72.2,72.2,70,0,4.2,50.0,,27,0
1672.6,16:48:42,5026412449,1083430682,5112822,11622,3740400,0,172,0,17,1,-40.0,65.0,72.2,55,0,4.5,51.0,,27,0
1673.6,16:48:43,5031733895,1083442856,5321446,12174,3743869,0,172,0,17,1,-41.0,72.2,72.2,48,0,3.4,50.0,,28,0
1674.6,16:48:44,5036928019,1083454220,5194124,11364,3747255,0,172,0,17,1,-40.0,72.2,72.2,48,0,3.9,50.0,,28,0
1675.7,16:48:45,5042140551,1083465152,5212532,10932,3750653,0,172,0,17,1,-40.0,72.2,72.2,38,0,3.3,51.0,,27,0
1676.7,16:48:46,5047338849,1083477468,5198298,12316,3754052,0,172,0,17,1,-41.0,72.2,72.2,53,0,3.5,50.0,,26,0
1677.7,16:48:47,5052531587,1083489774,5192738,12306,3757439,0,172,0,17,1,-40.0,72.2,72.2,59,0,3.0,51.0,,28,0
1678.7,16:48:48,5057587903,1083501291,5056316,11517,3760736,0,172,0,17,1,-41.0,72.2,72.2,49,0,6.1,50.0,,28,0
1679.7,16:48:49,5062689987,1083513183,5102084,11892,3764062,0,172,0,17,1,-40.0,72.2,72.2,58,0,4.4,51.0,,27,0
1680.7,16:48:50,5068057453,1083524523,5367466,11340,3767561,0,172,0,17,1,-41.0,72.2,72.2,52,0,3.7,50.0,,28,0
1681.7,16:48:51,5072164059,1083537261,4106606,12738,3770239,0,172,0,17,1,-40.0,72.2,72.2,78,0,3.4,50.0,,28,0
1682.7,16:48:52,5076976217,1083547977,4812158,10716,3773376,0,172,0,17,1,-41.0,72.2,72.2,58,0,3.3,50.0,,27,0
1683.7,16:48:53,5082015407,1083558411,5039190,10434,3776661,0,172,0,17,1,-40.0,65.0,72.2,48,0,3.4,50.0,,28,0
1684.8,16:48:54,5086939788,1083569643,4924381,11232,3779872,0,172,0,17,1,-39.0,72.2,72.2,48,0,4.2,50.0,,27,0
1685.8,16:48:55,5091689052,1083580835,4749264,11192,3782968,0,172,0,17,1,-40.0,72.2,72.2,56,0,3.4,50.0,,28,0
1686.8,16:48:56,5096754320,1083592013,5065268,11178,3786270,0,172,0,17,1,-41.0,65.0,72.2,48,0,3.3,50.0,,28,0
1687.8,16:48:57,5101221328,1083601483,4467008,9470,3789182,0,172,0,17,1,-41.0,72.2,72.2,59,0,3.1,50.0,,28,0
1688.8,16:48:58,5106263586,1083612673,5042258,11190,3792469,0,172,0,17,1,-41.0,72.2,72.2,63,0,3.4,50.0,,28,0
1689.8,16:48:59,5110953024,1083622969,4689438,10296,3795526,0,172,0,17,1,-41.0,58.5,72.2,63,0,3.5,51.0,,28,0
1690.8,16:49:00,5115993748,1083633715,5040724,10746,3798812,0,172,0,17,1,-39.0,72.2,72.2,68,0,3.4,50.0,,28,0
1691.8,16:49:01,5120485300,1083646857,4491552,13142,3801740,0,172,0,17,1,-40.0,72.2,72.2,75,0,3.1,50.0,,28,0
1692.9,16:49:02,5125464664,1083657927,4979364,11070,3804986,0,172,0,17,1,-39.0,57.8,72.2,52,0,3.6,51.0,,28,0
1693.9,16:49:03,5130152568,1083668253,4687904,10326,3808042,0,172,0,17,1,-40.0,72.2,72.2,60,0,3.6,50.0,,28,0
1694.9,16:49:04,5135187156,1083678525,5034588,10272,3811324,0,172,0,17,1,-40.0,65.0,72.2,44,0,4.1,50.0,,28,0
1695.9,16:49:05,5139954828,1083688971,4767672,10446,3814432,0,172,0,17,1,-39.0,72.2,72.2,58,0,4.0,50.0,,28,0
1696.9,16:49:06,5145293148,1083700347,5338320,11376,3817912,0,172,0,17,1,-40.0,72.2,72.2,40,0,3.8,50.0,,27,0
1697.9,16:49:07,5149859866,1083710835,4566718,10488,3820889,0,172,0,17,1,-39.0,72.2,72.2,60,0,4.3,49.0,,27,0
1698.9,16:49:08,5154895988,1083722253,5036122,11418,3824172,0,172,0,17,1,-39.0,72.2,72.2,47,0,7.3,50.0,,26,0
1699.9,16:49:09,5159513328,1083732059,4617340,9806,3827205,0,172,0,17,1,-39.0,72.2,72.2,67,0,4.6,50.0,,28,0
1700.9,16:49:10,5164737220,1083743249,5223892,11190,3830588,0,172,0,17,1,-40.0,72.2,72.2,52,0,5.2,50.0,,27,0
1702.0,16:49:11,5169329272,1083756245,4592052,12996,3833583,0,172,0,17,1,-40.0,65.0,72.2,68,0,4.9,50.0,,26,0
1703.0,16:49:12,5174331646,1083767627,5002374,11382,3836844,0,172,0,17,1,-39.0,72.2,72.2,54,0,4.9,50.0,,26,0
1704.0,16:49:13,5179044094,1083777629,4712448,10002,3839954,0,172,0,17,1,-41.0,72.2,72.2,49,0,6.5,51.0,,27,0
1705.0,16:49:14,5183945224,1083787547,4901130,9918,3843111,0,172,0,17,1,-40.0,65.0,72.2,55,0,5.2,50.0,,27,0
1706.0,16:49:15,5188648468,1083798263,4703244,10716,3846177,0,172,0,17,1,-40.0,58.5,72.2,56,0,7.3,54.0,,28,0
1707.0,16:49:16,5193496498,1083809011,4848030,10748,3849343,0,172,0,17,1,-41.0,72.2,72.2,46,0,4.4,51.0,,28,0
1708.0,16:49:17,5198594570,1083820503,5098072,11492,3852674,0,172,0,17,1,-41.0,72.2,72.2,53,0,5.3,50.0,,28,0
1709.0,16:49:18,5203751952,1083831867,5157382,11364,3856035,0,172,0,17,1,-39.0,72.2,72.2,51,0,7.9,50.0,,28,0
1710.0,16:49:19,5208411332,1083842595,4659380,10728,3859073,0,172,0,17,1,-39.0,72.2,72.2,59,0,5.6,51.0,,28,0
1711.0,16:49:20,5213412172,1083854121,5000840,11526,3862333,0,172,0,17,1,-41.0,72.2,72.2,59,0,4.9,50.0,,28,0
1712.1,16:49:21,5218044852,1083867675,4632680,13554,3865353,0,172,0,17,1,-41.0,72.2,72.2,57,0,3.0,49.0,,28,0
1713.1,16:49:22,5223576456,1083879729,5531604,12054,3868959,0,172,0,17,1,-40.0,72.2,72.2,49,0,5.6,50.0,,28,0
1714.1,16:49:23,5228939320,1083891663,5362864,11934,3872455,0,172,0,17,1,-41.0,72.2,72.2,48,0,6.5,50.0,,28,0
1715.1,16:49:24,5233937092,1083902583,4997772,10920,3875713,0,172,0,17,1,-40.0,72.2,72.2,52,0,5.2,51.0,,28,0
1716.1,16:49:25,5238632666,1083913719,4695574,11136,3878774,0,172,0,17,1,-41.0,58.5,72.2,60,0,5.4,51.0,,28,0
1717.1,16:49:26,5243375794,1083924717,4743128,10998,3881866,0,172,0,17,1,-40.0,65.0,72.2,59,0,5.2,51.0,,28,0
1718.1,16:49:27,5248614404,1083936267,5238610,11550,3885281,0,172,0,17,1,-40.0,72.2,72.2,46,0,3.8,51.0,,28,0
1719.1,16:49:28,5253895966,1083947175,5281562,10908,3888724,0,172,0,17,1,-41.0,58.5,72.2,46,0,3.9,50.0,,28,0
1720.2,16:49:29,5258847718,1083957459,4951752,10284,3891996,0,172,0,17,1,-40.0,65.0,72.2,57,0,5.6,50.0,,28,0
1721.2,16:49:30,5263525136,1083968129,4677418,10670,3895002,0,172,0,17,1,-40.0,65.0,72.2,53,0,4.8,50.0,,28,0
1722.2,16:49:31,5267469050,1083980573,3943914,12444,3897573,0,172,0,17,1,-40.0,72.2,72.2,63,0,4.0,51.0,,27,0
1723.2,16:49:32,5272703058,1083993653,5234008,13080,3900985,0,172,0,17,1,-41.0,65.0,72.2,50,0,5.8,50.0,,26,0
1724.2,16:49:33,5277571974,1084005227,4868916,11574,3904159,0,172,0,17,1,-40.0,72.2,72.2,60,0,6.7,51.0,,27,0
1725.2,16:49:34,5282707806,1084016387,5135832,11160,3907507,0,172,0,17,1,-40.0,72.2,72.2,48,0,5.3,51.0,,27,0
1726.2,16:49:35,5287538372,1084026791,4830566,10404,3910656,0,172,0,17,1,-40.0,72.2,72.2,57,0,6.3,51.0,,27,0
1727.2,16:49:36,5292668068,1084037453,5129696,10662,3914000,0,172,0,17,1,-40.0,65.0,72.2,50,0,5.0,51.0,,27,0
1728.2,16:49:37,5297695608,1084048697,5027540,11244,3917278,0,172,0,17,1,-39.0,72.2,72.2,56,0,15.4,52.0,,27,0
1729.2,16:49:38,5302753206,1084059671,5057598,10974,3920575,0,172,0,17,1,-41.0,72.2,72.2,53,0,4.0,51.0,,27,0
1730.3,16:49:40,5307931990,1084070861,5178784,11190,3923951,0,172,0,17,1,-40.0,58.5,72.2,42,0,6.8,53.0,,27,0
1731.3,16:49:41,5312640532,1084084279,4708542,13418,3927024,0,172,0,17,1,-40.0,58.5,72.2,59,0,4.0,51.0,,27,0
1732.3,16:49:42,5316878974,1084098101,4238442,13822,3929789,0,172,0,17,1,-39.0,65.0,72.2,60,0,4.0,51.0,,27,0
1733.3,16:49:43,5321453362,1084109881,4574388,11780,3932769,0,172,0,17,1,-41.0,72.2,72.2,47,0,4.3,49.0,,27,0
1734.3,16:49:44,5326730322,1084121407,5276960,11526,3936209,0,172,0,17,1,-39.0,72.2,72.2,48,0,4.5,50.0,,28,0
1735.3,16:49:45,5331513334,1084134051,4783012,12644,3939368,0,172,0,17,1,-40.0,65.0,72.2,69,0,4.0,50.0,,28,0
1736.3,16:49:46,5336396056,1084144485,4882722,10434,3942510,0,172,0,17,1,-39.0,65.0,72.2,53,0,4.8,50.0,,27,0
1737.3,16:49:47,5341205736,1084155959,4809680,11474,3945652,0,172,0,17,1,-41.0,65.0,72.2,52,0,5.0,51.0,,27,0
1738.3,16:49:48,5345900366,1084166959,4694630,11000,3948717,0,172,0,17,1,-41.0,72.2,72.2,52,0,3.1,50.0,,27,0
1739.4,16:49:49,5350568328,1084177213,4667962,10254,3951760,0,172,0,17,1,-40.0,65.0,72.2,60,0,7.5,50.0,,27,0
1740.4,16:49:50,5355446448,1084187755,4878120,10542,3954940,0,172,0,17,1,-40.0,72.2,72.2,55,0,6.9,50.0,,27,0
1741.4,16:49:51,5360194178,1084198243,4747730,10488,3958035,0,172,0,17,1,-39.0,72.2,72.2,57,0,5.0,52.0,,28,0
1742.4,16:49:52,5365180182,1084209777,4986004,11534,3961287,0,172,0,17,1,-39.0,72.2,72.2,51,0,4.8,51.0,,29,0
1743.4,16:49:53,5370083468,1084220613,4903286,10836,3964484,0,172,0,17,1,-41.0,72.2,72.2,61,0,3.6,51.0,,28,0
1744.4,16:49:54,5375125726,1084231989,5042258,11376,3967771,0,172,0,17,1,-41.0,72.2,72.2,44,0,4.5,50.0,,28,0
1745.4,16:49:55,5380075944,1084243191,4950218,11202,3970998,0,172,0,17,1,-39.0,72.2,72.2,61,0,3.5,50.0,,27,0
1746.4,16:49:56,5385398924,1084256091,5322980,12900,3974468,0,172,0,17,1,-39.0,65.0,72.2,58,0,4.3,50.0,,27,0
1747.4,16:49:57,5390324598,1084267281,4925674,11190,3977679,0,172,0,17,1,-40.0,72.2,72.2,54,0,3.7,51.0,,27,0
1748.5,16:49:58,5395185844,1084278081,4861246,10800,3980848,0,172,0,17,1,-38.0,72.2,72.2,52,0,3.8,50.0,,27,0
1749.5,16:49:59,5400395308,1084289919,5209464,11838,3984244,0,172,0,17,1,-40.0,72.2,72.2,47,0,3.8,51.0,,27,0
1750.5,16:50:00,5405676870,1084301175,5281562,11256,3987687,0,172,0,17,1,-40.0,72.2,72.2,49,0,3.9,50.0,,27,0
1751.5,16:50:01,5410417552,1084314405,4740682,13230,3990780,0,172,0,17,1,-38.0,72.2,72.2,60,0,3.8,50.0,,27,0
1752.5,16:50:02,5415347828,1084325865,4930276,11460,3993992,0,172,0,17,1,-39.0,72.2,72.2,66,0,7.5,51.0,,26,0
1753.5,16:50:03,5420179928,1084339297,4832100,13432,3997142,0,172,0,17,1,-40.0,72.2,72.2,50,0,4.9,51.0,,27,0
1754.5,16:50:04,5425004358,1084352519,4824430,13222,4000287,0,172,0,17,1,-41.0,72.2,72.2,54,0,5.9,51.0,,27,0
1755.5,16:50:05,5430197570,1084364557,5193212,12038,4003673,0,172,0,17,1,-39.0,72.2,72.2,49,0,4.7,50.0,,27,0
1756.5,16:50:06,5435431578,1084375219,5234008,10662,4007085,0,172,0,17,1,-40.0,72.2,72.2,45,0,5.4,51.0,,27,0
1757.6,16:50:07,5440206920,1084386729,4775342,11510,4010198,0,172,0,17,1,-39.0,72.2,72.2,61,0,5.5,50.0,,27,0
1758.6,16:50:08,5444942378,1084397457,4735458,10728,4013285,0,172,0,17,1,-40.0,65.0,72.2,64,0,5.4,50.0,,27,0
1759.6,16:50:09,5449771410,1084408875,4829032,11418,4016476,0,172,0,17,1,-41.0,72.2,72.2,47,0,5.9,50.0,,27,0
1760.6,16:50:10,5454654132,1084419819,4882722,10944,4019616,0,172,0,17,1,-40.0,72.2,72.2,48,0,6.8,50.0,,27,0
1761.6,16:50:11,5459354308,1084430847,4700176,11028,4022680,0,172,0,17,1,-41.0,65.0,72.2,48,0,6.8,51.0,,27,0
1762.6,16:50:12,5463715470,1084443345,4361162,12498,4025523,0,172,0,17,1,-40.0,72.2,72.2,65,0,6.5,51.0,,27,0
1763.6,16:50:13,5468136710,1084454447,4421240,11102,4028406,0,172,0,17,1,-40.0,58.5,72.2,70,0,5.3,51.0,,27,0
1764.6,16:50:14,5472603718,1084465067,4467008,10620,4031318,0,172,0,17,1,-39.0,72.2,72.2,60,0,3.3,50.0,,27,0
1765.6,16:50:15,5477569276,1084476011,4965558,10944,4034555,0,172,0,17,1,-38.0,72.2,72.2,57,0,3.7,50.0,,27,0
1766.6,16:50:16,5482019410,1084487483,4450134,11472,4037456,0,172,0,17,1,-41.0,72.2,72.2,63,0,4.3,50.0,,27,0
1767.7,16:50:17,5487129754,1084500079,5110344,12596,4040793,0,172,0,17,1,-38.0,72.2,72.2,54,0,3.4,51.0,,27,0
1768.7,16:50:18,5492255438,1084513119,5125684,13040,4044140,0,172,0,17,1,-39.0,72.2,72.2,58,0,6.5,50.0,,27,0
1769.7,16:50:19,5497043052,1084523487,4787614,10368,4047261,0,172,0,17,1,-41.0,72.2,72.2,65,0,4.8,50.0,,27,0
1770.7,16:50:20,5502060766,1084533921,5017714,10434,4050532,0,172,0,17,1,-40.0,72.2,72.2,59,0,5.4,49.0,,27,0
1771.7,16:50:21,5507130636,1084545135,5069870,11214,4053837,0,172,0,17,1,-38.0,72.2,72.2,52,0,3.9,50.0,,27,0
1772.7,16:50:22,5511425836,1084557879,4295200,12744,4056637,0,172,0,17,1,-40.0,65.0,72.2,63,0,4.0,51.0,,27,0
1773.7,16:50:23,5516581610,1084568217,5155774,10338,4059998,0,172,0,17,1,-40.0,65.0,72.2,51,0,4.7,50.0,,27,0
1774.7,16:50:24,5521811016,1084578585,5229406,10368,4063407,0,172,0,17,1,-40.0,65.0,72.2,47,0,5.5,50.0,,27,0
1775.7,16:50:25,5526945314,1084589115,5134298,10530,4066754,0,172,0,17,1,-40.0,65.0,72.2,51,0,12.5,52.0,,28,0
1776.8,16:50:26,5531666966,1084599591,4721652,10476,4069832,0,172,0,17,1,-41.0,72.2,72.2,54,0,6.6,51.0,,28,0
1777.8,16:50:27,5536313452,1084609743,4646486,10152,4072861,0,172,0,17,1,-40.0,72.2,72.2,57,0,3.6,50.0,,27,0
1778.8,16:50:28,5541275942,1084620771,4962490,11028,4076096,0,172,0,17,1,-40.0,58.5,72.2,51,0,4.0,51.0,,28,0
1779.8,16:50:29,5546336608,1084632105,5060666,11334,4079395,0,172,0,17,1,-41.0,72.2,72.2,51,0,4.0,52.0,,28,0
1780.8,16:50:30,5551286826,1084642011,4950218,9906,4082622,0,172,0,17,1,-39.0,58.5,72.2,48,0,5.3,51.0,,29,0
1781.8,16:50:31,5556209432,1084652271,4922606,10260,4085831,0,172,0,17,1,-39.0,72.2,72.2,55,0,4.5,51.0,,28,0
1782.8,16:50:32,5560415660,1084665429,4206228,13158,4088573,0,172,0,17,1,-39.0,72.2,72.2,64,0,4.3,50.0,,27,0
1783.8,16:50:33,5565488598,1084676391,5072938,10962,4091880,0,172,0,17,1,-39.0,65.0,72.2,56,0,4.9,51.0,,28,0
1784.8,16:50:34,5570741266,1084687871,5252668,11480,4095305,0,172,0,17,1,-40.0,72.2,72.2,49,0,15.5,51.0,,28,0
1785.9,16:50:35,5575791194,1084699007,5049928,11136,4098597,0,172,0,17,1,-39.0,72.2,72.2,67,0,5.1,51.0,,29,0
1786.9,16:50:36,5581141786,1084711721,5350592,12714,4102085,0,172,0,17,1,-39.0,65.0,72.2,52,0,5.9,51.0,,28,0
1787.9,16:50:37,5585864972,1084722317,4723186,10596,4105164,0,172,0,17,1,-40.0,72.2,72.2,59,0,4.5,51.0,,28,0
1788.9,16:50:38,5590353456,1084732955,4488484,10638,4108090,0,172,0,17,1,-40.0,72.2,72.2,61,0,3.6,51.0,,28,0
1789.9,16:50:39,5595395714,1084743863,5042258,10908,4111377,0,172,0,17,1,-41.0,72.2,72.2,64,0,4.5,51.0,,28,0
1790.9,16:50:40,5600335194,1084754609,4939480,10746,4114597,0,172,0,17,1,-40.0,65.0,72.2,62,0,5.2,52.0,,27,0
1791.9,16:50:41,5605251664,1084764719,4916470,10110,4117802,0,172,0,17,1,-40.0,72.2,72.2,51,0,4.8,51.0,,28,0
1792.9,16:50:42,5609546864,1084778489,4295200,13770,4120602,0,172,0,17,1,-40.0,72.2,72.2,89,0,4.8,50.0,,27,0
1793.9,16:50:43,5614649570,1084789829,5102706,11340,4123929,0,172,0,17,1,-39.0,65.0,72.2,51,0,4.2,51.0,,28,0
1795.0,16:50:44,5619234696,1084800275,4585126,10446,4126918,0,172,0,17,1,-40.0,72.2,72.2,66,0,4.9,51.0,,28,0
1796.0,16:50:45,5624043786,1084810535,4809090,10260,4130053,0,172,0,17,1,-40.0,72.2,72.2,65,0,4.9,51.0,,28,0
1797.0,16:50:46,5628473978,1084819985,4430192,9450,4132941,0,172,0,17,1,-39.0,65.0,72.2,67,0,5.8,50.0,,28,0
1798.0,16:50:47,5633203419,1084830436,4729441,10451,4136025,0,172,0,17,1,-40.0,65.0,72.2,63,0,5.5,51.0,,28,0
1799.0,16:50:48,5638243670,1084841727,5040251,11291,4139321,0,172,0,17,1,-40.0,72.2,72.2,54,0,9.7,50.0,,27,0
1800.0,16:50:49,5643140198,1084852323,4896528,10596,4142554,0,172,0,17,1,-40.0,72.2,72.2,50,0,9.1,50.0,,26,0
1801.0,16:50:50,5648217738,1084863471,5077540,11148,4145823,0,172,0,17,1,-40.0,65.0,72.2,52,0,4.0,50.0,,27,0
1802.0,16:50:51,5652864224,1084873431,4646486,9960,4148852,0,172,0,17,1,-40.0,72.2,72.2,62,0,4.2,50.0,,27,0
1803.0,16:50:52,5657302086,1084886445,4437862,13014,4151745,0,172,0,17,1,-40.0,72.2,72.2,51,0,3.9,50.0,,27,0
1804.1,16:50:53,5661750686,1084896363,4448600,9918,4154645,0,172,0,17,1,-39.0,72.2,72.2,67,0,4.0,51.0,,28,0
1805.1,16:50:54,5666579718,1084906785,4829032,10422,4157793,0,172,0,17,1,-40.0,72.2,72.2,54,0,4.4,50.0,,28,0
1806.1,16:50:55,5671534538,1084918557,4954820,11772,4161023,0,172,0,17,1,-39.0,58.5,72.2,51,0,5.8,51.0,,27,0
1807.1,16:50:56,5676099722,1084928385,4565184,9828,4163999,0,172,0,17,1,-39.0,72.2,72.2,60,0,5.3,50.0,,28,0
1808.1,16:50:57,5680918016,1084938519,4818294,10134,4167140,0,172,0,17,1,-40.0,65.0,72.2,48,0,3.8,51.0,,28,0
1809.1,16:50:58,5685990954,1084949331,5072938,10812,4170447,0,172,0,17,1,-40.0,72.2,72.2,56,0,4.3,51.0,,28,0
1810.1,16:50:59,5690531594,1084959645,4540640,10314,4173407,0,172,0,17,1,-40.0,72.2,72.2,68,0,4.3,51.0,,27,0
1811.1,16:51:00,5695058428,1084969809,4526834,10164,4176358,0,172,0,17,1,-40.0,57.8,72.2,76,0,6.3,50.0,,27,0
1812.1,16:51:01,5699826100,1084979907,4767672,10098,4179466,0,172,0,17,1,-39.0,72.2,72.2,49,0,4.3,50.0,,27,0
1813.2,16:51:02,5704039998,1084992327,4213898,12420,4182213,0,172,0,17,1,-40.0,72.2,72.2,75,0,3.5,50.0,,27,0
1814.2,16:51:03,5708964138,1085003235,4924140,10908,4185423,0,172,0,17,1,-40.0,65.0,72.2,54,0,7.3,50.0,,28,0
1815.2,16:51:04,5713935832,1085014263,4971694,11028,4188664,0,172,0,17,1,-40.0,72.2,72.2,56,0,4.8,50.0,,28,0
1816.2,16:51:05,5719180578,1085025681,5244746,11418,4192083,0,172,0,17,1,-40.0,72.2,72.2,54,0,6.5,50.0,,29,0
1817.2,16:51:06,5724089378,1085037615,4908800,11934,4195283,0,172,0,17,1,-40.0,72.2,72.2,58,0,12.2,51.0,,28,0
1818.2,16:51:07,5729001246,1085048469,4911868,10854,4198485,0,172,0,17,1,-39.0,72.2,72.2,52,0,14.0,52.0,,28,0
1819.2,16:51:08,5734025096,1085059701,5023850,11232,4201760,0,172,0,17,1,-39.0,72.2,72.2,53,0,10.9,54.0,,30,0
1820.2,16:51:09,5739440116,1085071041,5415020,11340,4205290,0,172,0,17,1,-39.0,72.2,72.2,43,0,7.6,52.0,,30,0
1821.2,16:51:10,5744571346,1085081949,5131230,10908,4208635,0,172,0,17,1,-41.0,72.2,72.2,44,0,7.1,53.0,,29,0
1822.2,16:51:11,5749150336,1085092317,4578990,10368,4211620,0,172,0,17,1,-39.0,65.0,72.2,61,0,8.8,51.0,,28,0
1823.3,16:51:13,5753534508,1085105127,4384172,12810,4214478,0,172,0,17,1,-40.0,72.2,72.2,44,0,8.8,51.0,,28,0
1824.3,16:51:14,5758612048,1085115765,5077540,10638,4217788,0,172,0,17,1,-41.0,65.0,72.2,45,0,7.8,51.0,,29,0
1825.3,16:51:15,5763623626,1085126403,5011578,10638,4221055,0,172,0,17,1,-40.0,72.2,72.2,54,0,8.1,51.0,,28,0
1826.3,16:51:16,5768676622,1085137419,5052996,11016,4224349,0,172,0,17,1,-39.0,65.0,72.2,47,0,6.8,52.0,,29,0
1827.3,16:51:17,5773000968,1085146707,4324346,9288,4227168,0,172,0,17,1,-39.0,58.5,72.2,70,0,8.4,52.0,,29,0
1828.3,16:51:18,5777546210,1085157399,4545242,10692,4230131,0,172,0,17,1,-40.0,65.0,72.2,47,0,8.3,51.0,,28,0
1829.3,16:51:19,5782577450,1085168469,5031240,11070,4233423,0,172,0,17,1,-41.0,72.2,72.2,45,0,20.3,56.0,,29,0
1830.3,16:51:20,5787581610,1085179551,5004160,11082,4236686,0,172,0,17,1,-40.0,65.0,72.2,54,0,6.2,51.0,,30,0
1831.3,16:51:21,5792475070,1085190471,4893460,10920,4239876,0,172,0,17,1,-40.0,72.2,72.2,61,0,4.9,51.0,,30,0
1832.3,16:51:22,5797182916,1085201379,4707846,10908,4242945,0,172,0,17,1,-40.0,72.2,72.2,64,0,6.3,51.0,,28,0
1833.4,16:51:23,5801605438,1085214135,4422522,12756,4245828,0,172,0,17,1,-39.0,65.0,72.2,70,0,8.6,51.0,,28,0
1834.4,16:51:24,5806386916,1085225097,4781478,10962,4248945,0,172,0,17,1,-41.0,72.2,72.2,58,0,12.4,54.0,,28,0
1835.4,16:51:25,5811642400,1085236923,5255484,11826,4252371,0,172,0,17,1,-40.0,72.2,72.2,55,0,5.1,51.0,,29,0
1836.4,16:51:26,5816566540,1085247291,4924140,10368,4255581,0,172,0,17,1,-40.0,72.2,72.2,45,0,6.4,52.0,,28,0
1837.4,16:51:27,5821048888,1085257347,4482348,10056,4258503,0,172,0,17,1,-39.0,65.0,72.2,61,0,5.4,52.0,,28,0
1838.4,16:51:28,5826256818,1085269443,5207930,12096,4261898,0,172,0,17,1,-41.0,72.2,72.2,55,0,4.3,51.0,,28,0
1839.4,16:51:29,5831676440,1085282727,5419622,13284,4265431,0,172,0,17,1,-41.0,72.2,72.2,62,0,4.8,51.0,,29,0
1840.4,16:51:30,5836885904,1085295525,5209464,12798,4268827,0,172,0,17,1,-40.0,65.0,72.2,62,0,4.3,51.0,,28,0
1841.4,16:51:31,5842175136,1085308053,5289232,12528,4272275,0,172,0,17,1,-40.0,65.0,72.2,58,0,4.7,51.0,,28,0
1842.5,16:51:32,5847301764,1085320689,5126628,12636,4275617,0,172,0,17,1,-41.0,65.0,72.2,66,0,9.2,53.0,,27,0
1843.5,16:51:33,5852250448,1085333649,4948684,12960,4278843,0,172,0,17,1,-40.0,72.2,72.2,59,0,5.7,52.0,,28,0
1844.5,16:51:34,5857150044,1085345703,4899596,12054,4282037,0,172,0,17,1,-39.0,65.0,72.2,48,0,4.0,52.0,,29,0
1845.5,16:51:35,5861768918,1085355963,4618874,10260,4285048,0,172,0,17,1,-39.0,72.2,72.2,57,0,3.8,51.0,,28,0
1846.5,16:51:36,5866521250,1085366331,4752332,10368,4288146,0,172,0,17,1,-38.0,72.2,72.2,54,0,8.5,51.0,,28,0
1847.5,16:51:37,5871290708,1085377067,4769458,10736,4291256,0,172,0,17,1,-39.0,65.0,72.2,61,0,4.8,51.0,,28,0
1848.5,16:51:38,5876452936,1085388923,5162228,11856,4294622,0,172,0,17,1,-39.0,65.0,72.2,41,0,4.8,51.0,,27,0
1849.5,16:51:39,5881530476,1085399735,5077540,10812,4297932,0,172,0,17,1,-40.0,72.2,72.2,48,0,5.1,51.0,,27,0
1850.5,16:51:40,5886382518,1085409911,4852042,10176,4301095,0,172,0,17,1,-40.0,72.2,72.2,54,0,4.9,51.0,,27,0
1851.5,16:51:41,5891510680,1085420681,5128162,10770,4304438,0,172,0,17,1,-40.0,65.0,72.2,47,0,4.4,50.0,,27,0
1852.6,16:51:42,5896643444,1085431277,5132764,10596,4307784,0,172,0,17,1,-40.0,72.2,72.2,52,0,4.4,51.0,,27,0
1853.6,16:51:43,5901596730,1085441645,4953286,10368,4311013,0,172,0,17,1,-39.0,65.0,72.2,61,0,4.3,50.0,,27,0
1854.6,16:51:44,5905821366,1085454101,4224636,12456,4313767,0,172,0,17,1,-39.0,65.0,72.2,62,0,4.0,50.0,,27,0
1855.6,16:51:45,5910696418,1085465021,4875052,10920,4316945,0,172,0,17,1,-38.0,72.2,72.2,61,0,3.4,51.0,,27,0
1856.6,16:51:46,5915775492,1085475767,5079074,10746,4320256,0,172,0,17,1,-39.0,65.0,72.2,50,0,4.7,51.0,,27,0
1857.6,16:51:47,5920113644,1085485325,4338152,9558,4323084,0,172,0,17,1,-38.0,72.2,72.2,68,0,4.5,50.0,,27,0
1858.6,16:51:48,5925229534,1085496137,5115890,10812,4326419,0,172,0,17,1,-39.0,72.2,72.2,51,0,5.4,51.0,,27,0
1859.6,16:51:49,5930193278,1085508591,4963744,12454,4329667,0,172,0,17,1,-40.0,72.2,72.2,60,0,6.9,50.0,,28,0
1860.6,16:51:50,5935010038,1085519283,4816760,10692,4332807,0,172,0,17,1,-39.0,58.5,72.2,63,0,18.7,51.0,,28,0
1861.7,16:51:51,5940071326,1085530137,5061288,10854,4336107,0,172,0,17,1,-38.0,72.2,72.2,43,0,9.7,53.0,,29,0
1862.7,16:51:52,5944846668,1085540919,4775342,10782,4339220,0,172,0,17,1,-40.0,65.0,72.2,52,0,7.1,53.0,,29,0
1863.7,16:51:53,5949999374,1085552151,5152706,11232,4342579,0,172,0,17,1,-40.0,65.0,72.2,59,0,6.2,51.0,,29,0
1864.7,16:51:54,5954401954,1085564841,4402580,12690,4345493,0,172,0,17,1,-41.0,65.0,72.2,68,0,6.7,51.0,,28,0
1865.7,16:51:55,5959089858,1085575545,4687904,10704,4348505,0,172,0,17,1,-41.0,72.2,72.2,55,0,5.3,52.0,,29,0
1866.7,16:51:56,5964472664,1085586183,5382806,10638,4352014,0,172,0,17,1,-42.0,65.0,72.2,46,0,6.8,51.0,,28,0
1867.7,16:51:57,5969051654,1085597145,4578990,10962,4354999,0,172,0,17,1,-42.0,65.0,72.2,58,0,13.8,51.0,,28,0
1868.7,16:51:58,5973965056,1085608401,4913402,11256,4358202,0,172,0,17,1,-42.0,65.0,72.2,59,0,12.8,54.0,,28,0
1869.7,16:51:59,5979069548,1085619149,5104492,10748,4361531,0,172,0,17,1,-41.0,72.2,72.2,46,0,5.1,51.0,,29,0
1870.7,16:52:00,5983863298,1085630015,4793750,10866,4364656,0,172,0,17,1,-40.0,72.2,72.2,46,0,3.3,51.0,,28,0
1871.8,16:52:01,5988666252,1085640461,4802954,10446,4367787,0,172,0,17,1,-40.0,65.0,72.2,48,0,3.9,51.0,,28,0
1872.8,16:52:02,5993277166,1085650973,4610914,10512,4370794,0,172,0,17,1,-41.0,65.0,72.2,61,0,4.2,56.0,,28,0
1873.8,16:52:03,5998166024,1085662271,4888858,11298,4373981,0,172,0,17,1,-41.0,65.0,72.2,72,0,6.1,50.0,,28,0
1874.8,16:52:04,6002593148,1085674325,4427124,12054,4376867,0,172,0,17,1,-41.0,72.2,72.2,65,0,3.3,51.0,,28,0
1875.8,16:52:05,6007640432,1085685371,5047284,11046,4380159,0,172,0,17,1,-41.0,72.2,72.2,55,0,4.9,50.0,,27,0
1876.8,16:52:06,6012931198,1085696963,5290766,11592,4383608,0,172,0,17,1,-40.0,72.2,72.2,43,0,5.3,51.0,,27,0
1877.8,16:52:07,6017642112,1085707721,4710914,10758,4386679,0,172,0,17,1,-41.0,65.0,72.2,55,0,2.9,51.0,,27,0
1878.8,16:52:08,6022702778,1085717669,5060666,9948,4389978,0,172,0,17,1,-42.0,65.0,72.2,41,0,5.0,51.0,,27,0
1879.9,16:52:09,6027567714,1085728439,4864936,10770,4393150,0,172,0,17,1,-40.0,65.0,72.2,49,0,4.0,51.0,,27,0
1880.9,16:52:10,6032895296,1085739779,5327582,11340,4396623,0,172,0,17,1,-41.0,72.2,72.2,49,0,3.8,50.0,,28,0
1881.9,16:52:11,6037951360,1085750363,5056064,10584,4399919,0,172,0,17,1,-42.0,65.0,72.2,52,0,4.4,51.0,,28,0
1882.9,16:52:12,6042855558,1085761403,4904198,11040,4403116,0,172,0,17,1,-41.0,72.2,72.2,53,0,3.6,50.0,,28,0
1883.9,16:52:13,6047546530,1085771471,4690972,10068,4406218,0,172,0,17,1,-42.0,72.2,72.2,60,0,5.6,51.0,,28,0
1884.9,16:52:14,6051880080,1085784065,4333550,12594,4408999,0,172,0,17,1,-41.0,72.2,72.2,62,0,3.5,50.0,,28,0
1885.9,16:52:15,6056696840,1085794055,4816760,9990,4412139,0,172,0,17,1,-42.0,65.0,72.2,61,0,3.5,51.0,,28,0
1886.9,16:52:16,6061381676,1085804855,4684836,10800,4415193,0,172,0,17,1,-42.0,72.2,72.2,57,0,3.5,50.0,,28,0
1887.9,16:52:17,6066124804,1085815073,4743128,10218,4418285,0,172,0,17,1,-41.0,65.0,72.2,57,0,3.0,51.0,,28,0
1888.9,16:52:18,6070828048,1085824523,4703244,9450,4421351,0,172,0,17,1,-41.0,65.0,72.2,52,0,4.0,51.0,,28,0
1890.0,16:52:19,6075598672,1085836425,4770624,11902,4424473,0,172,0,17,1,-41.0,65.0,72.2,56,0,3.6,50.0,,28,0
1891.0,16:52:20,6080217546,1085846367,4618874,9942,4427528,0,172,0,17,1,-41.0,72.2,72.2,56,0,3.9,51.0,,28,0
1892.0,16:52:21,6085015898,1085857017,4798352,10650,4430612,0,172,0,17,1,-42.0,72.2,72.2,52,0,3.6,50.0,,28,0
1893.0,16:52:22,6089743686,1085867691,4727788,10674,4433694,0,172,0,17,1,-40.0,65.0,72.2,54,0,3.0,50.0,,27,0
1894.0,16:52:23,6094858042,1085878017,5114356,10326,4437028,0,172,0,17,1,-40.0,65.0,72.2,41,0,4.5,51.0,,27,0
1895.0,16:52:24,6099361866,1085891745,4503824,13728,4439964,0,172,0,17,1,-38.0,72.2,72.2,64,0,6.0,52.0,,27,0
1896.0,16:52:25,6104534514,1085903367,5172648,11622,4443336,0,172,0,17,1,-40.0,65.0,72.2,55,0,6.8,51.0,,27,0
1897.0,16:52:26,6109214822,1085913945,4680308,10578,4446388,0,172,0,17,1,-40.0,58.5,72.2,52,0,3.4,50.0,,27,0
1898.0,16:52:27,6114264750,1085925171,5049928,11226,4449680,0,172,0,17,1,-40.0,72.2,72.2,53,0,3.2,50.0,,27,0
1899.1,16:52:28,6119357630,1085936565,5092880,11394,4453000,0,172,0,17,1,-40.0,72.2,72.2,55,0,3.5,50.0,,27,0
1900.1,16:52:29,6124349266,1085948307,4991636,11742,4456254,0,172,0,17,1,-38.0,65.0,72.2,65,0,4.2,51.0,,27,0
1901.1,16:52:30,6129586342,1085959863,5237076,11556,4459668,0,172,0,17,1,-40.0,72.2,72.2,54,0,3.5,50.0,,28,0
1902.1,16:52:31,6134257372,1085970513,4671030,10650,4462713,0,172,0,17,1,-40.0,72.2,72.2,64,0,4.5,52.0,,27,0
1903.1,16:52:32,6139356388,1085981583,5099016,11070,4466037,0,172,0,17,1,-40.0,65.0,72.2,65,0,3.9,51.0,,28,0
1904.1,16:52:33,6144366432,1085992623,5010044,11040,4469303,0,172,0,17,1,-40.0,72.2,72.2,48,0,5.2,53.0,,28,0
1905.1,16:52:34,6148861052,1086005553,4494620,12930,4472233,0,172,0,17,1,-41.0,65.0,72.2,54,0,4.0,51.0,,28,0
1906.1,16:52:35,6153868911,1086016759,5007859,11206,4475499,0,172,0,17,1,-40.0,72.2,72.2,58,0,3.4,51.0,,27,0
1907.1,16:52:36,6158630447,1086027355,4761536,10596,4478603,0,172,0,17,1,-39.0,72.2,72.2,62,0,3.2,50.0,,27,0
1908.2,16:52:37,6163789289,1086038263,5158842,10908,4481966,0,172,0,17,1,-39.0,72.2,72.2,54,0,3.4,50.0,,27,0
1909.2,16:52:38,6168525369,1086048643,4736080,10380,4485054,0,172,0,17,1,-39.0,72.2,72.2,64,0,3.3,50.0,,27,0
1910.2,16:52:39,6173461781,1086059389,4936412,10746,4488272,0,172,0,17,1,-40.0,72.2,72.2,51,0,3.9,51.0,,27,0
1911.2,16:52:40,6178546991,1086070537,5085210,11148,4491587,0,172,0,17,1,-40.0,72.2,72.2,49,0,3.2,51.0,,28,0
1912.2,16:52:41,6183195011,1086081763,4648020,11226,4494617,0,172,0,17,1,-39.0,72.2,72.2,78,0,3.3,50.0,,27,0
1913.2,16:52:42,6188077985,1086091851,4882974,10088,4497801,0,172,0,17,1,-39.0,72.2,72.2,58,0,3.9,50.0,,28,0
1914.2,16:52:43,6192962863,1086105027,4884878,13176,4500986,0,172,0,17,1,-41.0,72.2,72.2,58,0,3.4,50.0,,28,0
1915.2,16:52:44,6197636961,1086115017,4674098,9990,4504033,0,172,0,17,1,-40.0,72.2,72.2,57,0,3.8,52.0,,27,0
1916.2,16:52:46,6202476731,1086125613,4839770,10596,4507188,0,172,0,17,1,-40.0,72.2,72.2,57,0,3.3,51.0,,27,0
1917.3,16:52:47,6207316501,1086135603,4839770,9990,4510343,0,172,0,17,1,-40.0,72.2,72.2,46,0,3.5,50.0,,27,0
1918.3,16:52:48,6212009007,1086146265,4692506,10662,4513402,0,172,0,17,1,-40.0,72.2,72.2,58,0,3.7,50.0,,27,0
1919.3,16:52:49,6217298239,1086158415,5289232,12150,4516850,0,172,0,17,1,-40.0,72.2,72.2,62,0,3.2,51.0,,27,0
1920.3,16:52:50,6222044200,1086169722,4745961,11307,4519956,0,172,0,17,1,-40.0,65.0,72.2,57,0,3.5,50.0,,27,0
1921.3,16:52:51,6226899310,1086180588,4855110,10866,4523121,0,172,0,17,1,-39.0,72.2,72.2,52,0,3.3,50.0,,27,0
1922.3,16:52:52,6231742770,1086190590,4843460,10002,4526279,0,172,0,17,1,-40.0,72.2,72.2,47,0,3.5,50.0,,28,0
1923.3,16:52:53,6237097964,1086201228,5355194,10638,4529770,0,172,0,17,1,-41.0,72.2,72.2,43,0,7.7,50.0,,27,0
1924.3,16:52:54,6241262774,1086212676,4164810,11448,4532485,0,172,0,17,1,-40.0,72.2,72.2,61,0,8.1,50.0,,27,0
1925.4,16:52:55,6245961416,1086223098,4698642,10422,4535548,0,172,0,17,1,-39.0,72.2,72.2,54,0,4.9,50.0,,28,0
1926.4,16:52:56,6250663126,1086233814,4701710,10716,4538613,0,172,0,17,1,-41.0,58.5,72.2,65,0,8.4,50.0,,27,0
1927.4,16:52:57,6255789754,1086244356,5126628,10542,4541955,0,172,0,17,1,-40.0,72.2,72.2,44,0,6.6,50.0,,28,0
1928.4,16:52:58,6260755312,1086254586,4965558,10230,4545192,0,172,0,17,1,-40.0,72.2,72.2,60,0,5.3,51.0,,29,0
1929.4,16:52:59,6265834386,1086264846,5079074,10260,4548503,0,172,0,17,1,-39.0,65.0,72.2,60,0,4.9,51.0,,28,0
1930.4,16:53:00,6270470134,1086275118,4635748,10272,4551525,0,172,0,17,1,-41.0,72.2,72.2,53,0,5.5,51.0,,28,0
1931.4,16:53:01,6275023046,1086285324,4552912,10206,4554493,0,172,0,17,1,-39.0,58.5,72.2,72,0,4.4,51.0,,28,0
1932.4,16:53:02,6279421024,1086295164,4397978,9840,4557360,0,172,0,17,1,-41.0,72.2,72.2,68,0,6.7,54.0,,28,0
1933.4,16:53:03,6284265396,1086305880,4844372,10716,4560518,0,172,0,17,1,-40.0,58.5,72.2,53,0,10.2,51.0,,27,0
1934.4,16:53:04,6288716152,1086318570,4450756,12690,4563420,0,172,0,17,1,-40.0,72.2,72.2,58,0,5.9,52.0,,28,0
1935.5,16:53:05,6293688350,1086329252,4972198,10682,4566663,0,172,0,17,1,-40.0,72.2,72.2,48,0,6.1,51.0,,29,0
1936.5,16:53:06,6299088030,1086340658,5399680,11406,4570183,0,172,0,17,1,-39.0,72.2,72.2,58,0,12.3,52.0,,28,0
1937.5,16:53:07,6303995918,1086351458,4907888,10800,4573383,0,172,0,17,1,-40.0,65.0,72.2,61,0,24.8,51.0,,30,0
1938.5,16:53:08,6309266742,1086363080,5270824,11622,4576819,0,172,0,17,1,-40.0,72.2,72.2,54,0,56.4,62.0,,30,0
1939.5,16:53:09,6314055890,1086372974,4789148,9894,4579941,0,172,0,17,1,-41.0,65.0,72.2,52,0,49.3,64.0,,31,0
1940.5,16:53:10,6319044458,1086383516,4988568,10542,4583193,0,172,0,17,1,-40.0,65.0,72.2,46,0,51.0,64.0,,32,0
1941.5,16:53:11,6323769178,1086393518,4724720,10002,4586273,0,172,0,17,1,-41.0,72.2,72.2,58,0,50.1,65.0,,34,0
1942.5,16:53:12,6328475490,1086403952,4706312,10434,4589341,0,172,0,17,1,-40.0,72.2,72.2,72,0,41.1,66.0,,35,0
1943.5,16:53:13,6333126578,1086414062,4651088,10110,4592373,0,172,0,17,1,-41.0,65.0,72.2,52,0,38.9,65.0,,36,0
1944.5,16:53:14,6337656480,1086423350,4529902,9288,4595326,0,172,0,17,1,-41.0,72.2,72.2,63,0,14.7,63.0,,37,0
1945.5,16:53:15,6342845090,1086434528,5188610,11178,4598709,0,172,0,17,1,-39.0,72.2,72.2,58,0,14.0,63.0,,38,0
1946.6,16:53:16,6347741618,1086444734,4896528,10206,4601901,0,172,0,17,1,-40.0,65.0,72.2,56,0,11.5,62.0,,38,0
1947.6,16:53:17,6353024714,1086455330,5283096,10596,4605345,0,172,0,17,1,-38.0,72.2,72.2,44,0,3.1,57.0,,37,0
1948.6,16:53:18,6357809260,1086465860,4784546,10530,4608464,0,172,0,17,1,-41.0,72.2,72.2,49,0,1.6,56.0,,36,0
1949.6,16:53:19,6362457280,1086476174,4648020,10314,4611494,0,172,0,17,1,-39.0,65.0,72.2,55,0,1.9,55.0,,35,0
1950.6,16:53:20,6366759796,1086489882,4302516,13708,4614310,0,172,0,17,1,-39.0,72.2,72.2,58,0,1.6,54.0,,34,0
1951.6,16:53:21,6371550478,1086500628,4790682,10746,4617433,0,172,0,17,1,-40.0,72.2,72.2,57,0,2.3,54.0,,32,0
1952.6,16:53:22,6376324286,1086511482,4773808,10854,4620545,0,172,0,17,1,-40.0,72.2,72.2,63,0,1.8,53.0,,31,0
1953.6,16:53:23,6381121104,1086521700,4796818,10218,4623672,0,172,0,17,1,-39.0,65.0,72.2,60,0,3.0,52.0,,30,0
1954.6,16:53:24,6386445618,1086533592,5324514,11892,4627143,0,172,0,17,1,-41.0,72.2,72.2,54,0,1.9,53.0,,29,0
1955.7,16:53:25,6391727180,1086544878,5281562,11286,4630586,0,172,0,17,1,-41.0,58.5,72.2,54,0,2.5,54.0,,30,0
1956.7,16:53:26,6396694272,1086555852,4967092,10974,4633824,0,172,0,17,1,-40.0,72.2,72.2,57,0,1.9,53.0,,29,0
1957.7,16:53:27,6401804026,1086566976,5109754,11124,4637155,0,172,0,17,1,-41.0,72.2,72.2,60,0,2.6,53.0,,30,0
1958.7,16:53:28,6406764982,1086577884,4960956,10908,4640389,0,172,0,17,1,-41.0,72.2,72.2,56,0,2.9,53.0,,29,0
1959.7,16:53:29,6412012796,1086588900,5247814,11016,4643810,0,172,0,17,1,-40.0,72.2,72.2,50,0,2.4,52.0,,28,0
1960.7,16:53:30,6416363220,1086601224,4350424,12324,4646646,0,172,0,17,1,-41.0,65.0,72.2,60,0,2.1,52.0,,29,0
1961.7,16:53:31,6421290428,1086611172,4927208,9948,4649858,0,172,0,17,1,-40.0,72.2,72.2,47,0,2.3,53.0,,28,0
1962.7,16:53:32,6426528164,1086627108,5237736,15936,4653274,0,172,0,17,1,-40.0,72.2,72.2,48,0,2.3,52.0,,29,0
1963.7,16:53:33,6431292768,1086639224,4764604,12116,4656380,0,172,0,17,1,-41.0,72.2,72.2,49,0,2.0,52.0,,28,0
1964.8,16:53:34,6436339628,1086651112,5046860,11888,4659670,0,172,0,17,1,-41.0,72.2,72.2,61,0,2.1,51.0,,29,0
1965.8,16:53:35,6440960036,1086661504,4620408,10392,4662682,0,172,0,17,1,-41.0,72.2,72.2,61,0,2.4,52.0,,28,0
1966.8,16:53:36,6446032684,1086673974,5072648,12470,4665990,0,172,0,17,1,-40.0,72.2,72.2,48,0,2.1,52.0,,28,0
1967.8,16:53:37,6451147040,1086685164,5114356,11190,4669324,0,172,0,17,1,-39.0,72.2,72.2,53,0,2.6,53.0,,29,0
1968.8,16:53:38,6456117200,1086696786,4970160,11622,4672564,0,172,0,17,1,-40.0,72.2,72.2,65,0,2.5,52.0,,28,0
1969.8,16:53:39,6461136448,1086707610,5019248,10824,4675836,0,172,0,17,1,-39.0,58.5,72.2,51,0,4.9,53.0,,28,0
1970.8,16:53:40,6465482270,1086720516,4345822,12906,4678669,0,172,0,17,1,-40.0,65.0,72.2,59,0,2.0,52.0,,29,0
1971.8,16:53:41,6470309768,1086730398,4827498,9882,4681816,0,172,0,17,1,-41.0,72.2,72.2,54,0,3.3,52.0,,28,0
1972.9,16:53:42,6475002274,1086740280,4692506,9882,4684875,0,172,0,17,1,-40.0,72.2,72.2,56,0,3.1,51.0,,28,0
1973.9,16:53:43,6479939007,1086750876,4936733,10596,4688094,0,172,0,17,1,-39.0,72.2,72.2,57,0,4.4,52.0,,29,0
1974.9,16:53:44,6485070859,1086762174,5131852,11298,4691440,0,172,0,17,1,-39.0,58.5,72.2,58,0,2.5,52.0,,29,0
1975.9,16:53:45,6489815521,1086772866,4744662,10692,4694533,0,172,0,17,1,-39.0,72.2,72.2,51,0,3.0,52.0,,28,0
1976.9,16:53:46,6494667563,1086783486,4852042,10620,4697696,0,172,0,17,1,-40.0,72.2,72.2,58,0,4.0,51.0,,28,0
1977.9,16:53:47,6499528809,1086794202,4861246,10716,4700865,0,172,0,17,1,-39.0,58.5,72.2,57,0,5.8,51.0,,29,0
1978.9,16:53:48,6504342501,1086804516,4813692,10314,4704003,0,172,0,17,1,-39.0,72.2,72.2,70,0,3.0,51.0,,28,0
1979.9,16:53:49,6509200679,1086815964,4858178,11448,4707170,0,172,0,17,1,-40.0,65.0,72.2,72,0,2.1,51.0,,29,0
1980.9,16:53:50,6513471100,1086829863,4270421,13899,4709966,0,172,0,17,1,-39.0,65.0,72.2,70,0,4.6,50.0,,28,0
1981.9,16:53:51,6518002536,1086839043,4531436,9180,4712920,0,172,0,17,1,-40.0,65.0,72.2,43,0,5.9,51.0,,28,0
1983.0,16:53:52,6522945084,1086850017,4942548,10974,4716142,0,172,0,17,1,-40.0,65.0,72.2,53,0,4.0,51.0,,29,0
1984.0,16:53:53,6528085518,1086860961,5140434,10944,4719493,0,172,0,17,1,-41.0,72.2,72.2,51,0,3.4,51.0,,28,0
1985.0,16:53:54,6533071018,1086872055,4985500,11094,4722743,0,172,0,17,1,-40.0,72.2,72.2,57,0,3.5,52.0,,28,0
1986.0,16:53:55,6538127082,1086883353,5056064,11298,4726039,0,172,0,17,1,-39.0,65.0,72.2,59,0,4.0,51.0,,29,0
1987.0,16:53:56,6543459266,1086895797,5332184,12444,4729515,0,172,0,17,1,-39.0,72.2,72.2,47,0,7.5,51.0,,29,0
1988.0,16:53:57,6548656458,1086907569,5197192,11772,4732903,0,172,0,17,1,-40.0,65.0,72.2,54,0,7.0,53.0,,28,0
1989.0,16:53:58,6553890466,1086920217,5234008,12648,4736315,0,172,0,17,1,-40.0,65.0,72.2,54,0,5.8,52.0,,30,0
1990.0,16:53:59,6559121406,1086931407,5230940,11190,4739725,0,172,0,17,1,-41.0,72.2,72.2,50,0,3.9,51.0,,30,0
1991.0,16:54:00,6563349110,1086943971,4227704,12564,4742481,0,172,0,17,1,-41.0,72.2,72.2,65,0,3.0,52.0,,29,0
1992.1,16:54:01,6568067694,1086954825,4718584,10854,4745557,0,172,0,17,1,-39.0,72.2,72.2,48,0,3.1,51.0,,28,0
1993.1,16:54:02,6573143700,1086966219,5076006,11394,4748866,0,172,0,17,1,-40.0,72.2,72.2,53,0,2.3,52.0,,27,0
1994.1,16:54:03,6578202832,1086976749,5059132,10530,4752164,0,172,0,17,1,-40.0,72.2,72.2,40,0,2.4,51.0,,27,0
1995.1,16:54:04,6582955164,1086986913,4752332,10164,4755262,0,172,0,17,1,-39.0,65.0,72.2,59,0,2.3,51.0,,27,0
1996.1,16:54:05,6587305588,1086997401,4350424,10488,4758098,0,172,0,17,1,-41.0,72.2,72.2,73,0,3.8,52.0,,27,0
1997.1,16:54:06,6592561072,1087008903,5255484,11502,4761524,0,172,0,17,1,-39.0,65.0,72.2,54,0,7.5,51.0,,28,0
1998.1,16:54:07,6597548106,1087019727,4987034,10824,4764775,0,172,0,17,1,-39.0,58.5,72.2,50,0,4.9,51.0,,28,0
1999.1,16:54:08,6602110222,1087030281,4562116,10554,4767749,0,172,0,17,1,-39.0,58.5,72.2,53,0,5.8,52.0,,27,0
2000.2,16:54:09,6607071178,1087041459,4960956,11178,4770983,0,172,0,17,1,-39.0,72.2,72.2,47,0,6.6,51.0,,28,0
2001.2,16:54:10,6611465149,1087054107,4393971,12648,4773849,0,172,0,17,1,-40.0,65.0,72.2,63,0,7.8,52.0,,29,0
2002.2,16:54:11,6616496669,1087064943,5031520,10836,4777129,0,172,0,17,1,-39.0,65.0,72.2,49,0,5.4,52.0,,28,0
2003.2,16:54:12,6621178437,1087077183,4681768,12240,4780181,0,172,0,17,1,-40.0,72.2,72.2,62,0,2.5,51.0,,29,0
2004.2,16:54:13,6624578403,1087086039,3399966,8856,4782398,0,172,0,17,1,-40.0,65.0,65.0,34,35,2.7,51.0,,28,0
2005.2,16:54:14,6627655607,1087096299,3077204,10260,4784404,0,172,0,17,1,-41.0,72.2,72.2,50,0,4.0,51.0,,27,0
2006.2,16:54:15,6629648273,1087105083,1992666,8784,4785703,0,172,0,17,1,-40.0,72.2,72.2,37,0,3.0,51.0,,27,0
2007.2,16:54:16,6634711095,1087117503,5062822,12420,4789004,0,172,0,17,1,-39.0,72.2,72.2,58,0,2.5,51.0,,27,0
2008.2,16:54:17,6639566205,1087128393,4855110,10890,4792169,0,172,0,17,1,-39.0,72.2,72.2,53,0,1.8,50.0,,28,0
2009.3,16:54:19,6644798679,1087140771,5232474,12378,4795580,0,172,0,17,1,-39.0,72.2,72.2,55,0,5.4,51.0,,27,0
2010.3,16:54:20,6649813325,1087152609,5014646,11838,4798849,0,172,0,17,1,-39.0,65.0,72.2,48,0,2.6,51.0,,27,0
2011.3,16:54:21,6654267236,1087165966,4453911,13357,4801759,0,172,0,17,1,-40.0,72.2,72.2,64,0,2.9,51.0,,27,0
2012.3,16:54:22,6659161167,1087177519,4893931,11553,4804954,0,172,0,17,1,-40.0,65.0,72.2,53,0,3.4,51.0,,27,0
2013.3,16:54:23,6664527721,1087189033,5366554,11514,4808453,0,172,0,17,1,-41.0,72.2,72.2,48,0,4.2,53.0,,27,0
2014.3,16:54:24,6669586853,1087200049,5059132,11016,4811751,0,172,0,17,1,-40.0,72.2,72.2,48,0,2.4,51.0,,28,0
2015.3,16:54:25,6674297767,1087210159,4710914,10110,4814822,0,172,0,17,1,-39.0,72.2,72.2,59,0,2.9,50.0,,27,0
2016.3,16:54:26,6678763863,1087220185,4466096,10026,4817778,0,172,0,17,1,-40.0,72.2,72.2,64,0,2.1,51.0,,27,0
2017.4,16:54:27,6683905831,1087230727,5141968,10542,4821086,0,172,0,17,1,-41.0,72.2,72.2,52,0,2.5,51.0,,27,0
2018.4,16:54:28,6688466413,1087241269,4560582,10542,4824059,0,172,0,17,1,-41.0,65.0,72.2,70,0,2.8,50.0,,27,0
2019.4,16:54:29,6693623721,1087253701,5157308,12432,4827421,0,172,0,17,1,-40.0,72.2,72.2,59,0,2.5,50.0,,28,0
2020.4,16:54:30,6699055615,1087267603,5431894,13902,4830962,0,172,0,17,1,-43.0,72.2,72.2,49,0,2.4,51.0,,27,0
2021.4,16:54:31,6703857035,1087282723,4801420,15120,4834092,0,172,0,17,1,-43.0,72.2,72.2,56,0,2.1,51.0,,27,0
2022.4,16:54:32,6709224501,1087294549,5367466,11826,4837591,0,172,0,17,1,-41.0,65.0,72.2,51,0,2.4,51.0,,27,0
2023.4,16:54:33,6714409421,1087306225,5184920,11676,4840971,0,172,0,17,1,-41.0,65.0,72.2,55,0,2.4,51.0,,27,0
2024.4,16:54:34,6719295211,1087317349,4885790,11124,4844156,0,172,0,17,1,-41.0,72.2,72.2,56,0,6.3,51.0,,27,0
2025.4,16:54:35,6724234691,1087328053,4939480,10704,4847376,0,172,0,17,1,-40.0,65.0,72.2,51,0,2.1,51.0,,28,0
2026.5,16:54:36,6728959411,1087339159,4724720,11106,4850456,0,172,0,17,1,-41.0,72.2,72.2,59,0,2.3,50.0,,29,0
2027.5,16:54:37,6733785375,1087350241,4825964,11082,4853602,0,172,0,17,1,-42.0,72.2,72.2,52,0,2.4,50.0,,28,0
2028.5,16:54:38,6738758603,1087360135,4973228,9894,4856844,0,172,0,17,1,-41.0,72.2,72.2,58,0,2.1,50.0,,28,0
2029.5,16:54:39,6744043233,1087371757,5284630,11622,4860289,0,172,0,17,1,-40.0,72.2,72.2,52,0,2.3,51.0,,27,0
2030.5,16:54:40,6749197473,1087382989,5154240,11232,4863649,0,172,0,17,1,-42.0,65.0,72.2,49,0,2.4,52.0,,26,0
2031.5,16:54:41,6753948271,1087395151,4750798,12162,4866746,0,172,0,17,1,-40.0,72.2,72.2,44,0,2.3,51.0,,28,0
2032.5,16:54:42,6758665321,1087407541,4717050,12390,4869821,0,172,0,17,1,-41.0,72.2,72.2,47,0,2.1,51.0,,27,0
2033.5,16:54:43,6763587927,1087418095,4922606,10554,4873030,0,172,0,17,1,-41.0,65.0,72.2,48,0,2.1,50.0,,26,0
2034.6,16:54:44,6768610243,1087429165,5022316,11070,4876304,0,172,0,17,1,-41.0,72.2,72.2,49,0,2.4,50.0,,27,0
2035.6,16:54:45,6773285875,1087439071,4675632,9906,4879352,0,172,0,17,1,-41.0,72.2,72.2,46,0,2.9,50.0,,26,0
2036.6,16:54:46,6778455455,1087449925,5169580,10854,4882722,0,172,0,17,1,-41.0,72.2,72.2,58,0,2.1,50.0,,27,0
2037.6,16:54:47,6783367323,1087460845,4911868,10920,4885924,0,172,0,17,1,-40.0,72.2,72.2,57,0,2.4,50.0,,27,0
2038.6,16:54:48,6787917167,1087471063,4549844,10218,4888890,0,172,0,17,1,-41.0,65.0,72.2,59,0,2.0,50.0,,26,0
2039.6,16:54:49,6793077543,1087482361,5160376,11298,4892254,0,172,0,17,1,-40.0,72.2,72.2,57,0,2.5,51.0,,27,0
2040.6,16:54:50,6798118267,1087493317,5040724,10956,4895540,0,172,0,17,1,-41.0,72.2,72.2,45,0,2.3,50.0,,26,0
2041.6,16:54:51,6803010783,1087504173,4892516,10856,4898735,0,172,0,17,1,-39.0,72.2,72.2,53,0,2.1,51.0,,27,0
2042.7,16:54:52,6807184475,1087517285,4173692,13112,4901462,0,172,0,17,1,-42.0,72.2,72.2,72,0,2.0,50.0,,26,0
2043.7,16:54:53,6812558077,1087528841,5373602,11556,4904965,0,172,0,17,1,-41.0,72.2,72.2,46,0,2.6,51.0,,26,0
2044.7,16:54:54,6817624879,1087539491,5066802,10650,4908268,0,172,0,17,1,-40.0,72.2,72.2,52,0,2.1,50.0,,27,0
2045.7,16:54:55,6822751507,1087551263,5126628,11772,4911610,0,172,0,17,1,-40.0,72.2,72.2,53,0,2.3,50.0,,26,0
2046.7,16:54:56,6827566733,1087561103,4815226,9840,4914749,0,172,0,17,1,-40.0,65.0,72.2,52,0,2.1,50.0,,27,0
2047.7,16:54:57,6832763925,1087572263,5197192,11160,4918137,0,172,0,17,1,-41.0,58.5,72.2,44,0,2.1,50.0,,27,0
2048.7,16:54:58,6837488645,1087582373,4724720,10110,4921217,0,172,0,17,1,-40.0,65.0,72.2,61,0,2.3,50.0,,26,0
2049.7,16:54:59,6842102917,1087592711,4614272,10338,4924225,0,172,0,17,1,-41.0,65.0,72.2,53,0,2.4,50.0,,26,0
2050.7,16:55:00,6846787753,1087602539,4684836,9828,4927279,0,172,0,17,1,-40.0,65.0,72.2,48,0,2.1,50.0,,27,0
2051.8,16:55:01,6851612183,1087612259,4824430,9720,4930424,0,172,0,17,1,-40.0,65.0,72.2,60,0,2.1,49.0,,27,0
2052.8,16:55:02,6855892043,1087625177,4279860,12918,4933214,0,172,0,17,1,-40.0,72.2,72.2,69,0,2.3,50.0,,27,0
2053.8,16:55:03,6860897485,1087635515,5005442,10338,4936477,0,172,0,17,1,-40.0,72.2,72.2,50,0,2.1,50.0,,27,0
2054.8,16:55:04,6865504087,1087645181,4606602,9666,4939480,0,172,0,17,1,-40.0,65.0,72.2,59,0,2.0,50.0,,26,0
2055.8,16:55:05,6870394479,1087655387,4890392,10206,4942668,0,172,0,17,1,-41.0,72.2,72.2,42,0,2.1,50.0,,27,0
2056.8,16:55:06,6875521729,1087666457,5127250,11070,4946011,0,172,0,17,1,-41.0,65.0,72.2,56,0,1.9,49.0,,27,0
2057.8,16:55:07,6880346159,1087677365,4824430,10908,4949156,0,172,0,17,1,-41.0,72.2,72.2,60,0,2.5,50.0,,25,0
2058.8,16:55:08,6885317853,1087688771,4971694,11406,4952397,0,172,0,17,1,-41.0,72.2,72.2,61,0,2.0,51.0,,26,0
2059.9,16:55:09,6890082457,1087699043,4764604,10272,4955503,0,172,0,17,1,-41.0,65.0,72.2,59,0,2.1,50.0,,27,0
2060.9,16:55:10,6895090967,1087709357,5008510,10314,4958768,0,172,0,17,1,-40.0,65.0,72.2,56,0,2.5,50.0,,26,0
2061.9,16:55:11,6900130157,1087721003,5039190,11646,4962053,0,172,0,17,1,-40.0,72.2,72.2,65,0,2.3,50.0,,26,0
2062.9,16:55:12,6904552679,1087733261,4422522,12258,4964936,0,172,0,17,1,-41.0,65.0,72.2,51,0,1.9,50.0,,26,0
2063.9,16:55:13,6909171553,1087743035,4618874,9774,4967947,0,172,0,17,1,-40.0,65.0,72.2,59,0,2.3,49.0,,26,0
2064.9,16:55:14,6914140179,1087753565,4968626,10530,4971186,0,172,0,17,1,-41.0,65.0,72.2,56,0,2.0,50.0,,25,0
2065.9,16:55:15,6919298731,1087766975,5158552,13410,4974550,0,172,0,17,1,-41.0,72.2,72.2,43,0,2.0,49.0,,26,0
2066.9,16:55:16,6924090947,1087778339,4792216,11364,4977674,0,172,0,17,1,-41.0,72.2,72.2,51,0,2.0,49.0,,25,0
2067.9,16:55:17,6929102525,1087789487,5011578,11148,4980941,0,172,0,17,1,-41.0,72.2,72.2,50,0,2.6,49.0,,26,0
2069.0,16:55:18,6934005189,1087799825,4902664,10338,4984137,0,172,0,17,1,-40.0,72.2,72.2,49,0,3.0,50.0,,26,0
2070.0,16:55:19,6938749851,1087810571,4744662,10746,4987230,0,172,0,17,1,-41.0,65.0,72.2,55,0,6.3,49.0,,27,0
2071.0,16:55:20,6943502183,1087820747,4752332,10176,4990328,0,172,0,17,1,-40.0,72.2,72.2,46,0,2.8,50.0,,26,0
2072.0,16:55:21,6948525711,1087832887,5023528,12140,4993609,0,172,0,17,1,-41.0,72.2,72.2,57,0,2.0,50.0,,26,0
2073.0,16:55:22,6952915075,1087846227,4389364,13340,4996476,0,172,0,17,1,-41.0,72.2,72.2,54,0,1.6,49.0,,26,0
2074.0,16:55:23,6958339299,1087858485,5424224,12258,5000012,0,172,0,17,1,-42.0,72.2,72.2,51,0,1.9,49.0,,25,0
2075.0,16:55:24,6963464393,1087870119,5125094,11634,5003353,0,172,0,17,1,-42.0,72.2,72.2,57,0,2.3,49.0,,26,0
2076.0,16:55:25,6967995829,1087880433,4531436,10314,5006307,0,172,0,17,1,-41.0,72.2,72.2,66,0,1.6,50.0,,26,0
2077.0,16:55:26,6973058029,1087891989,5062200,11556,5009607,0,172,0,17,1,-41.0,65.0,72.2,58,0,1.8,49.0,,26,0
2078.1,16:55:27,6978192327,1087902411,5134298,10422,5012954,0,172,0,17,1,-40.0,65.0,72.2,59,0,2.0,48.0,,26,0
2079.1,16:55:28,6983228449,1087913169,5036122,10758,5016237,0,172,0,17,1,-42.0,65.0,72.2,51,0,2.0,48.0,,26,0
2080.1,16:55:29,6987859595,1087922901,4631146,9732,5019256,0,172,0,17,1,-42.0,72.2,72.2,53,0,1.8,49.0,,26,0
2081.1,16:55:30,6992868105,1087933053,5008510,10152,5022521,0,172,0,17,1,-40.0,72.2,72.2,53,0,4.7,49.0,,26,0
2082.1,16:55:31,6997896557,1087943163,5028452,10110,5025799,0,172,0,17,1,-41.0,72.2,72.2,57,0,5.0,49.0,,26,0
2083.1,16:55:32,7002127329,1087956417,4230772,13254,5028557,0,172,0,17,1,-42.0,65.0,72.2,65,0,1.5,52.0,,27,0
2084.1,16:55:33,7007284637,1087967811,5157308,11394,5031919,0,172,0,17,1,-41.0,65.0,72.2,55,0,3.1,50.0,,26,0
2085.1,16:55:34,7012285477,1087979055,5000840,11244,5035179,0,172,0,17,1,-41.0,65.0,72.2,50,0,3.9,49.0,,26,0
2086.2,16:55:35,7017287851,1087990137,5002374,11082,5038440,0,172,0,17,1,-39.0,72.2,72.2,59,0,2.3,50.0,,25,0
2087.2,16:55:36,7022236535,1088001747,4948684,11610,5041666,0,172,0,17,1,-41.0,72.2,72.2,64,0,2.9,52.0,,25,0
2088.2,16:55:37,7027430659,1088013033,5194124,11286,5045052,0,172,0,17,1,-39.0,65.0,72.2,62,0,3.5,49.0,,26,0
2089.2,16:55:38,7032443771,1088024937,5013112,11904,5048320,0,172,0,17,1,-39.0,72.2,72.2,67,0,4.0,49.0,,26,0
2090.2,16:55:39,7037547389,1088035491,5103618,10554,5051647,0,172,0,17,1,-42.0,72.2,72.2,49,0,3.1,49.0,,25,0
2091.2,16:55:40,7042795899,1088050991,5248510,15500,5055072,0,172,0,17,1,-40.0,72.2,72.2,55,0,3.3,50.0,,26,0
2092.2,16:55:41,7047496075,1088064165,4700176,13174,5058136,0,172,0,17,1,-41.0,65.0,72.2,67,0,4.1,50.0,,25,0
2093.2,16:55:42,7052021375,1088077947,4525300,13782,5061086,0,172,0,17,1,-40.0,65.0,72.2,65,0,3.0,50.0,,26,0
2094.3,16:55:44,7057171013,1088091101,5149638,13154,5064443,0,172,0,17,1,-42.0,72.2,72.2,53,0,2.6,49.0,,26,0
2095.3,16:55:45,7062379565,1088104609,5208552,13508,5067839,0,172,0,17,1,-40.0,72.2,72.2,60,0,3.0,50.0,,27,0
2096.3,16:55:46,7067027585,1088115649,4648020,11040,5070869,0,172,0,17,1,-41.0,72.2,72.2,66,0,2.9,49.0,,26,0
2097.3,16:55:47,7072043475,1088126719,5015890,11070,5074140,0,172,0,17,1,-39.0,72.2,72.2,52,0,2.6,50.0,,26,0
2098.3,16:55:48,7076688628,1088137759,4645153,11040,5077169,0,172,0,17,1,-39.0,72.2,72.2,64,0,22.7,56.0,,26,0
2099.3,16:55:49,7081916721,1088150461,5228093,12702,5080578,0,172,0,17,1,-39.0,72.2,72.2,66,0,3.4,50.0,,26,0
2100.3,16:55:50,7086776719,1088161817,4859998,11356,5083747,0,172,0,17,1,-39.0,72.2,72.2,52,0,2.1,50.0,,28,0
2101.3,16:55:51,7091730627,1088172683,4953908,10866,5086977,0,172,0,17,1,-42.0,72.2,72.2,61,0,2.5,49.0,,27,0
2102.3,16:55:52,7096359414,1088183556,4628787,10873,5090001,0,172,0,17,1,-39.0,72.2,72.2,60,0,6.1,49.0,,26,0
2103.4,16:55:53,7100661340,1088196896,4301926,13340,5092811,0,172,0,17,1,-41.0,72.2,72.2,62,0,8.4,50.0,,27,0
2104.4,16:55:54,7105603888,1088207666,4942548,10770,5096033,0,172,0,17,1,-42.0,72.2,72.2,46,0,3.0,50.0,,28,0
2105.4,16:55:55,7110124586,1088217560,4520698,9894,5098980,0,172,0,17,1,-41.0,72.2,72.2,70,0,6.9,52.0,,27,0
2106.4,16:55:56,7115459838,1088230004,5335252,12444,5102458,0,172,0,17,1,-41.0,72.2,72.2,59,0,2.3,50.0,,26,0
2107.4,16:55:57,7120112460,1088240504,4652622,10500,5105491,0,172,0,17,1,-41.0,72.2,72.2,55,0,5.5,51.0,,27,0
2108.4,16:55:58,7124891492,1088251628,4779032,11124,5108607,0,172,0,17,1,-42.0,72.2,72.2,68,0,3.6,50.0,,27,0
2109.4,16:55:59,7129718990,1088262860,4827498,11232,5111754,0,172,0,17,1,-41.0,65.0,72.2,60,0,2.1,50.0,,27,0
2110.4,16:56:00,7134793462,1088273738,5074472,10878,5115062,0,172,0,17,1,-41.0,72.2,72.2,52,0,2.0,50.0,,26,0
2111.5,16:56:01,7140050480,1088285750,5257018,12012,5118489,0,172,0,17,1,-42.0,72.2,72.2,53,0,11.1,50.0,,27,0
2112.5,16:56:02,7145065126,1088296388,5014646,10638,5121758,0,172,0,17,1,-42.0,65.0,72.2,38,0,3.1,50.0,,26,0
2113.5,16:56:03,7149193120,1088310846,4127994,14458,5124449,0,172,0,17,1,-40.0,72.2,72.2,63,0,3.8,49.0,,27,0
2114.5,16:56:04,7153951588,1088325496,4758468,14650,5127551,0,172,0,17,1,-42.0,72.2,72.2,65,0,2.9,50.0,,26,0
2115.5,16:56:05,7158803630,1088337222,4852042,11726,5130714,0,172,0,17,1,-42.0,65.0,72.2,62,0,2.8,49.0,,27,0
2116.5,16:56:06,7163942530,1088348424,5138900,11202,5134064,0,172,0,17,1,-40.0,72.2,72.2,53,0,3.4,49.0,,25,0
2117.5,16:56:07,7168846240,1088360786,4903710,12362,5137263,0,172,0,17,1,-42.0,57.8,72.2,59,0,6.6,52.0,,26,0
2118.5,16:56:08,7173807196,1088371838,4960956,11052,5140497,0,172,0,17,1,-41.0,72.2,72.2,52,0,2.3,49.0,,27,0
2119.5,16:56:09,7178536518,1088382530,4729322,10692,5143580,0,172,0,17,1,-41.0,65.0,72.2,50,0,8.8,50.0,,26,0
2120.6,16:56:10,7183053858,1088392592,4517340,10062,5146526,0,172,0,17,1,-40.0,65.0,72.2,64,0,13.7,55.0,,27,0
2121.6,16:56:11,7187767840,1088403080,4713982,10488,5149599,0,172,0,17,1,-41.0,72.2,72.2,67,0,14.0,55.0,,28,0
2122.6,16:56:12,7192736466,1088413352,4968626,10272,5152838,0,172,0,17,1,-40.0,72.2,72.2,52,0,14.1,56.0,,29,0
2123.6,16:56:13,7197295514,1088423720,4559048,10368,5155810,0,172,0,17,1,-40.0,72.2,72.2,56,0,14.2,57.0,,31,0
2124.6,16:56:14,7201983418,1088436686,4687904,12966,5158866,0,172,0,17,1,-41.0,72.2,72.2,72,0,13.6,57.0,,32,0
2125.6,16:56:15,7207019540,1088447822,5036122,11136,5162149,0,172,0,17,1,-41.0,72.2,72.2,53,0,14.1,57.0,,33,0
2126.6,16:56:16,7211871582,1088458082,4852042,10260,5165312,0,172,0,17,1,-41.0,72.2,72.2,56,0,13.9,56.0,,35,0
2127.6,16:56:17,7216823956,1088468558,4952374,10476,5168541,0,172,0,17,1,-40.0,72.2,72.2,49,0,14.4,58.0,,35,0
2128.6,16:56:18,7221794116,1088479772,4970160,11214,5171781,0,172,0,17,1,-42.0,57.8,72.2,51,0,14.1,62.0,,35,0
2129.6,16:56:19,7227012784,1088491490,5218668,11718,5175183,0,172,0,17,1,-42.0,72.2,72.2,50,0,9.9,62.0,,36,0
2130.6,16:56:20,7232063334,1088502572,5050550,11082,5178476,0,172,0,17,1,-42.0,72.2,72.2,60,0,3.1,52.0,,36,0
2131.6,16:56:21,7236981338,1088513018,4918004,10446,5181682,0,172,0,17,1,-41.0,72.2,72.2,57,0,1.9,52.0,,35,0
2132.7,16:56:22,7241600331,1088523841,4618993,10823,5184694,0,172,0,17,1,-42.0,72.2,72.2,50,0,2.4,52.0,,34,0
2133.7,16:56:23,7246754098,1088535198,5153767,11357,5188064,0,172,0,17,1,-43.0,72.2,72.2,51,0,2.8,52.0,,33,0
2134.7,16:56:24,7251198096,1088548980,4443998,13782,5190961,0,172,0,17,1,-41.0,72.2,72.2,70,0,7.0,52.0,,32,0
2135.7,16:56:25,7256271034,1088559726,5072938,10746,5194268,0,172,0,17,1,-41.0,72.2,72.2,52,0,4.4,52.0,,30,0
2136.7,16:56:26,7261434478,1088571348,5163444,11622,5197634,0,172,0,17,1,-41.0,72.2,72.2,65,0,5.0,51.0,,29,0
2137.7,16:56:27,7266334074,1088582322,4899596,10974,5200828,0,172,0,17,1,-40.0,65.0,72.2,59,0,3.1,51.0,,28,0
2138.7,16:56:28,7271167708,1088593008,4833634,10686,5203979,0,172,0,17,1,-39.0,65.0,72.2,67,0,2.8,51.0,,28,0
2139.7,16:56:29,7276127130,1088604168,4959422,11160,5207212,0,172,0,17,1,-41.0,72.2,72.2,61,0,3.0,51.0,,27,0
2140.7,16:56:30,7281209272,1088614536,5082142,10368,5210525,0,172,0,17,1,-40.0,72.2,72.2,52,0,5.2,51.0,,27,0
2141.7,16:56:31,7286297550,1088625264,5088278,10728,5213859,0,172,0,17,1,-40.0,72.2,72.2,47,0,5.1,50.0,,28,0
2142.8,16:56:32,7290907220,1088634996,4609670,9732,5216847,0,172,0,17,1,-41.0,72.2,72.2,65,0,9.0,52.0,,27,0
2143.8,16:56:33,7295906526,1088646078,4999306,11082,5220106,0,172,0,17,1,-41.0,65.0,72.2,53,0,3.2,51.0,,28,0
2144.8,16:56:34,7300072870,1088658120,4166344,12042,5222822,0,172,0,17,1,-41.0,65.0,72.2,62,0,4.0,51.0,,29,0
2145.8,16:56:35,7305321306,1088670114,5248436,11994,5226244,0,172,0,17,1,-40.0,72.2,72.2,47,0,5.5,54.0,,28,0
2146.8,16:56:36,7310234708,1088681736,4913402,11622,5229447,0,172,0,17,1,-41.0,72.2,72.2,49,0,4.8,52.0,,29,0
2147.8,16:56:37,7315034594,1088692212,4799886,10476,5232576,0,172,0,17,1,-41.0,72.2,72.2,59,0,9.9,52.0,,28,0
2148.8,16:56:38,7319908112,1088703174,4873518,10962,5235753,0,172,0,17,1,-40.0,72.2,72.2,52,0,6.5,51.0,,28,0
2149.8,16:56:39,7325436648,1088714850,5528536,11676,5239357,0,172,0,17,1,-41.0,72.2,72.2,51,0,9.2,52.0,,28,0
2150.8,16:56:40,7330787240,1088726730,5350592,11880,5242845,0,172,0,17,1,-40.0,72.2,72.2,53,0,4.2,52.0,,29,0
2151.9,16:56:41,7336303504,1088738394,5516264,11664,5246441,0,172,0,17,1,-42.0,72.2,72.2,46,0,2.3,51.0,,28,0
2152.9,16:56:42,7341264460,1088748978,4960956,10584,5249675,0,172,0,17,1,-41.0,65.0,72.2,58,0,1.8,51.0,,28,0
2153.9,16:56:43,7345963102,1088760192,4698642,11214,5252738,0,172,0,17,1,-40.0,72.2,72.2,65,0,2.1,51.0,,27,0
2154.9,16:56:44,7350413236,1088773314,4450134,13122,5255639,0,172,0,17,1,-42.0,72.2,72.2,66,0,23.3,51.0,,27,0
2155.9,16:56:45,7355707070,1088784006,5293834,10692,5259090,0,172,0,17,1,-42.0,72.2,72.2,42,0,4.9,51.0,,28,0
2156.9,16:56:46,7360744436,1088794266,5037366,10260,5262375,0,172,0,17,1,-41.0,65.0,72.2,45,0,6.0,58.0,,29,0
2157.9,16:56:47,7365752946,1088804862,5008510,10596,5265640,0,172,0,17,1,-40.0,65.0,72.2,47,0,2.3,51.0,,28,0
2158.9,16:56:48,7370930196,1088816364,5177250,11502,5269015,0,172,0,17,1,-40.0,72.2,72.2,42,0,1.8,51.0,,27,0
2159.9,16:56:49,7375947910,1088826516,5017714,10152,5272286,0,172,0,17,1,-42.0,65.0,72.2,52,0,5.0,51.0,,27,0
2161.0,16:56:50,7380826030,1088836560,4878120,10044,5275466,0,172,0,17,1,-40.0,72.2,72.2,50,0,2.8,50.0,,27,0
2162.0,16:56:51,7386089184,1088847684,5263154,11124,5278897,0,172,0,17,1,-41.0,58.5,72.2,53,0,2.0,50.0,,27,0
2163.0,16:56:52,7391125306,1088857728,5036122,10044,5282180,0,172,0,17,1,-40.0,72.2,72.2,54,0,1.9,51.0,,27,0
2164.0,16:56:53,7396191754,1088869708,5066448,11980,5285494,0,172,0,17,1,-41.0,72.2,72.2,58,0,2.3,51.0,,27,0
2165.0,16:56:54,7400620412,1088882410,4428658,12702,5288381,0,172,0,17,1,-40.0,72.2,72.2,73,0,2.9,49.0,,27,0
2166.0,16:56:55,7405661136,1088893210,5040724,10800,5291667,0,172,0,17,1,-41.0,72.2,72.2,57,0,2.3,51.0,,26,0
2167.0,16:56:56,7410378186,1088903806,4717050,10596,5294742,0,172,0,17,1,-41.0,72.2,72.2,67,0,2.3,50.0,,27,0
2168.0,16:56:57,7415167334,1088914444,4789148,10638,5297864,0,172,0,17,1,-41.0,65.0,72.2,55,0,1.9,50.0,,26,0
2169.1,16:56:58,7420023978,1088925406,4856644,10962,5301030,0,172,0,17,1,-41.0,72.2,72.2,63,0,1.6,50.0,,27,0
2170.1,16:56:59,7425022372,1088936098,4998394,10692,5304289,0,172,0,17,1,-42.0,72.2,72.2,55,0,2.6,50.0,,27,0
2171.1,16:57:00,7430132126,1088947396,5109754,11298,5307620,0,172,0,17,1,-41.0,65.0,72.2,54,0,1.8,50.0,,26,0
2172.1,16:57:01,7435040926,1088957818,4908800,10422,5310820,0,172,0,17,1,-41.0,72.2,72.2,63,0,2.0,50.0,,27,0
2173.1,16:57:02,7439725762,1088968132,4684836,10314,5313874,0,172,0,17,1,-41.0,72.2,72.2,74,0,1.8,50.0,,27,0
2174.1,16:57:03,7444996586,1088980282,5270824,12150,5317310,0,172,0,17,1,-41.0,72.2,72.2,45,0,1.9,50.0,,26,0
2175.1,16:57:04,7449798628,1088993686,4802042,13404,5320441,0,172,0,17,1,-41.0,65.0,72.2,60,0,2.0,50.0,,26,0
2176.1,16:57:05,7454985082,1089005026,5186454,11340,5323822,0,172,0,17,1,-41.0,72.2,72.2,52,0,1.8,50.0,,27,0
2177.2,16:57:06,7459617762,1089016042,4632680,11016,5326842,0,172,0,17,1,-40.0,72.2,150.0,67,0,1.6,50.0,,26,0
2178.2,16:57:07,7464405376,1089025936,4787614,9894,5329963,0,172,0,17,1,-42.0,65.0,72.2,46,0,3.0,49.0,,26,0
2179.2,16:57:08,7469383206,1089036790,4977830,10854,5333208,0,172,0,17,1,-42.0,58.5,72.2,55,0,2.9,49.0,,26,0
2180.2,16:57:09,7473826292,1089046780,4443086,9990,5336105,0,172,0,17,1,-41.0,72.2,72.2,52,0,1.9,50.0,,27,0
2181.2,16:57:10,7478972862,1089057310,5146570,10530,5339460,0,172,0,17,1,-40.0,72.2,72.2,56,0,2.0,51.0,,27,0
2182.2,16:57:11,7484188462,1089068218,5215600,10908,5342860,0,172,0,17,1,-41.0,72.2,72.2,45,0,1.5,50.0,,26,0
2183.2,16:57:12,7489466956,1089079126,5278494,10908,5346301,0,172,0,17,1,-40.0,65.0,72.2,45,0,1.8,50.0,,27,0
2184.2,16:57:13,7494619662,1089090370,5152706,11244,5349660,0,172,0,17,1,-42.0,72.2,150.0,46,0,1.8,50.0,,26,0
2185.2,16:57:14,7499295294,1089104206,4675632,13836,5352708,0,172,0,17,1,-42.0,72.2,72.2,78,0,2.0,50.0,,26,0
2186.2,16:57:15,7504501690,1089115654,5206396,11448,5356102,0,172,0,17,1,-41.0,72.2,72.2,53,0,2.0,49.0,,26,0
2187.3,16:57:17,7509195730,1089125926,4694040,10272,5359203,0,172,0,17,1,-40.0,65.0,72.2,59,0,1.6,49.0,,27,0
2188.3,16:57:18,7514311620,1089139576,5115890,13650,5362497,0,172,0,17,1,-40.0,72.2,72.2,50,0,1.9,49.0,,26,0
2189.3,16:57:19,7518951970,1089149404,4640350,9828,5365522,0,172,0,17,1,-41.0,65.0,72.2,53,0,1.5,49.0,,27,0
2190.3,16:57:20,7523704302,1089159556,4752332,10152,5368620,0,172,0,17,1,-40.0,72.2,72.2,55,0,2.4,51.0,,27,0
2191.3,16:57:21,7528349876,1089171082,4645574,11526,5371687,0,172,0,17,1,-40.0,72.2,72.2,64,0,1.9,50.0,,27,0
2192.3,16:57:22,7533160500,1089181612,4810624,10530,5374785,0,172,0,17,1,-41.0,72.2,72.2,60,0,1.9,50.0,,26,0
2193.3,16:57:23,7538397576,1089192628,5237076,11016,5378199,0,172,0,17,1,-40.0,72.2,72.2,47,0,2.0,49.0,,26,0
2194.3,16:57:24,7543192506,1089203786,4794930,11158,5381336,0,172,0,17,1,-42.0,72.2,72.2,70,0,1.9,49.0,,27,0
2195.4,16:57:25,7547447822,1089215882,4255316,12096,5384112,0,172,0,17,1,-40.0,72.2,72.2,58,0,2.1,49.0,,26,0
2196.4,16:57:26,7552482410,1089226628,5034588,10746,5387392,0,172,0,17,1,-41.0,72.2,72.2,46,0,1.6,49.0,,26,0
2197.4,16:57:27,7557478648,1089238262,4996238,11634,5390649,0,172,0,17,1,-41.0,72.2,72.2,49,0,1.6,50.0,,26,0
2198.4,16:57:28,7562197232,1089248576,4718584,10314,5393729,0,172,0,17,1,-41.0,72.2,72.2,54,0,1.9,50.0,,27,0
2199.4,16:57:29,7567047740,1089258740,4850508,10164,5396887,0,172,0,17,1,-41.0,65.0,72.2,47,0,1.8,50.0,,26,0
2200.4,16:57:30,7571586846,1089268298,4539106,9558,5399846,0,172,0,17,1,-41.0,72.2,72.2,55,0,1.9,50.0,,27,0
2201.4,16:57:31,7576754892,1089280610,5168046,12312,5403256,0,172,0,17,1,-43.0,72.2,72.2,69,0,1.9,50.0,,27,0
2202.4,16:57:32,7581393708,1089290654,4638816,10044,5406239,0,172,0,17,1,-40.0,72.2,72.2,61,0,1.5,50.0,,26,0
2203.5,16:57:33,7586531074,1089301778,5137366,11124,5409588,0,172,0,17,1,-41.0,72.2,72.2,53,0,2.1,50.0,,26,0
2204.5,16:57:34,7591969104,1089313820,5438030,12042,5413133,0,172,0,17,1,-51.0,72.2,72.2,51,0,2.0,51.0,,27,0
2205.5,16:57:35,7596756718,1089326090,4787614,12270,5416254,0,172,0,17,1,-42.0,65.0,72.2,55,0,1.6,49.0,,26,0
2206.5,16:57:36,7601552002,1089338522,4795284,12432,5419380,0,172,0,17,1,-40.0,72.2,72.2,47,0,2.2,50.0,,26,0
2207.5,16:57:37,7605818678,1089347918,4266676,9396,5422162,0,172,0,17,1,-39.0,65.0,72.2,70,0,1.5,50.0,,26,0
2208.5,16:57:38,7610729012,1089359582,4910334,11664,5425363,0,172,0,17,1,-41.0,72.2,72.2,80,0,1.9,50.0,,26,0
2209.5,16:57:39,7615564180,1089370112,4835168,10530,5428515,0,172,0,17,1,-40.0,72.2,72.2,62,0,2.1,50.0,,27,0
2210.5,16:57:40,7620295036,1089380372,4730856,10260,5431599,0,172,0,17,1,-39.0,72.2,72.2,71,0,1.9,50.0,,26,0
2211.5,16:57:41,7625025892,1089390848,4730856,10476,5434683,0,172,0,17,1,-39.0,65.0,72.2,61,0,1.6,50.0,,27,0
2212.6,16:57:42,7629199906,1089400676,4174014,9828,5437404,0,172,0,17,1,-39.0,72.2,72.2,68,0,2.0,50.0,,26,0
2213.6,16:57:43,7634044900,1089410774,4844994,10098,5440563,0,172,0,17,1,-39.0,58.5,72.2,65,0,1.9,50.0,,27,0
2214.6,16:57:44,7638367712,1089420398,4322812,9624,5443381,0,172,0,17,1,-39.0,65.0,72.2,67,0,1.8,50.0,,26,0
2215.6,16:57:45,7643241230,1089430658,4873518,10260,5446558,0,172,0,17,1,-38.0,72.2,72.2,65,0,2.5,49.0,,27,0
2216.6,16:57:46,7647536430,1089442754,4295200,12096,5449358,0,172,0,17,1,-41.0,72.2,72.2,64,0,1.9,50.0,,25,0
2217.6,16:57:47,7652296432,1089453014,4760002,10260,5452461,0,172,0,17,1,-40.0,72.2,72.2,70,0,1.6,50.0,,26,0
2218.6,16:57:48,7657225174,1089464462,4928742,11448,5455674,0,172,0,17,1,-40.0,72.2,72.2,78,0,6.5,50.0,,25,0
2219.6,16:57:49,7661966768,1089475910,4741594,11448,5458765,0,172,0,17,1,-40.0,65.0,72.2,73,0,2.8,50.0,,26,0
2220.7,16:57:50,7666846422,1089486170,4879654,10260,5461946,0,172,0,17,1,-39.0,72.2,72.2,66,0,1.6,50.0,,26,0
2221.7,16:57:51,7671784368,1089496268,4937946,10098,5465165,0,172,0,17,1,-39.0,72.2,72.2,60,0,2.0,49.0,,26,0
2222.7,16:57:52,7676654818,1089507770,4870450,11502,5468340,0,172,0,17,1,-39.0,65.0,72.2,63,0,2.4,49.0,,26,0
2223.7,16:57:53,7681456238,1089518354,4801420,10584,5471470,0,172,0,17,1,-39.0,65.0,72.2,51,0,2.0,48.0,,26,0
2224.7,16:57:54,7686068622,1089529381,4612384,11027,5474488,0,172,0,17,1,-39.0,72.2,72.2,53,0,1.8,50.0,,26,0
2225.7,16:57:55,7691043032,1089540148,4974410,10767,5477734,0,172,0,17,1,-39.0,72.2,72.2,61,0,2.0,50.0,,26,0
2226.7,16:57:56,7695566798,1089553132,4523766,12984,5480683,0,172,0,17,1,-40.0,72.2,72.2,57,0,1.9,50.0,,27,0
2227.7,16:57:57,7700917390,1089564106,5350592,10974,5484171,0,172,0,17,1,-40.0,72.2,72.2,38,0,2.0,50.0,,27,0
2228.7,16:57:58,7705944308,1089574648,5026918,10542,5487448,0,172,0,17,1,-41.0,72.2,72.2,53,0,2.3,50.0,,27,0
2229.8,16:57:59,7710891458,1089585070,4947150,10422,5490673,0,172,0,17,1,-39.0,72.2,72.2,47,0,1.9,49.0,,26,0
2230.8,16:58:00,7716105524,1089595978,5214066,10908,5494072,0,172,0,17,1,-39.0,65.0,72.2,60,0,2.0,50.0,,27,0
2231.8,16:58:01,7720980576,1089606952,4875052,10974,5497250,0,172,0,17,1,-41.0,72.2,72.2,68,0,2.1,50.0,,26,0
2232.8,16:58:02,7725838754,1089617224,4858178,10272,5500417,0,172,0,17,1,-39.0,65.0,72.2,60,0,1.9,50.0,,26,0
2233.8,16:58:03,7730873342,1089627430,5034588,10206,5503699,0,172,0,17,1,-41.0,65.0,72.2,50,0,2.1,50.0,,27,0
2234.8,16:58:04,7735702374,1089637960,4829032,10530,5506847,0,172,0,17,1,-40.0,58.5,72.2,62,0,1.8,49.0,,25,0
2235.8,16:58:05,7740453868,1089648610,4751494,10650,5509946,0,172,0,17,1,-39.0,72.2,72.2,69,0,1.9,49.0,,26,0
2236.8,16:58:06,7744501182,1089659800,4047314,11190,5512585,0,172,0,17,1,-40.0,65.0,72.2,65,0,1.9,49.0,,26,0
2237.9,16:58:07,7748893024,1089669628,4391842,9828,5515448,0,172,0,17,1,-40.0,57.8,72.2,81,0,1.5,49.0,,26,0
2238.9,16:58:08,7753499626,1089679078,4606602,9450,5518451,0,172,0,17,1,-40.0,65.0,72.2,66,0,1.8,49.0,,25,0
2239.9,16:58:09,7758109296,1089689242,4609670,10164,5521456,0,172,0,17,1,-39.0,72.2,72.2,70,0,1.8,49.0,,26,0
2240.9,16:58:10,7763166894,1089700054,5057598,10812,5524753,0,172,0,17,1,-40.0,72.2,72.2,56,0,2.3,48.0,,26,0
2241.9,16:58:11,7768246590,1089711124,5079696,11070,5528065,0,172,0,17,1,-39.0,72.2,72.2,51,0,1.9,50.0,,26,0
2242.9,16:58:12,7773202944,1089721978,4956354,10854,5531296,0,172,0,17,1,-40.0,72.2,72.2,49,0,2.0,48.0,,26,0
2243.9,16:58:13,7778105608,1089732832,4902664,10854,5534492,0,172,0,17,1,-40.0,72.2,72.2,57,0,1.9,48.0,,25,0
2244.9,16:58:14,7782741356,1089742930,4635748,10098,5537514,0,172,0,17,1,-39.0,65.0,72.2,62,0,2.0,49.0,,26,0
2246.0,16:58:15,7787703846,1089752488,4962490,9558,5540749,0,172,0,17,1,-40.0,72.2,72.2,59,0,1.9,50.0,,25,0
2247.0,16:58:16,7791974502,1089764854,4270656,12366,5543533,0,172,0,17,1,-40.0,72.2,72.2,63,0,2.0,49.0,,26,0
2248.0,16:58:17,7797095245,1089775146,5120743,10292,5546872,0,172,0,17,1,-39.0,65.0,72.2,48,0,2.0,48.0,,26,0
2249.0,16:58:18,7802029211,1089784878,4933966,9732,5550089,0,172,0,17,1,-39.0,65.0,72.2,51,0,1.8,49.0,,26,0
2250.0,16:58:19,7806921137,1089795624,4891926,10746,5553278,0,172,0,17,1,-39.0,72.2,72.2,48,0,1.9,49.0,,26,0
2251.0,16:58:20,7811765509,1089806112,4844372,10488,5556436,0,172,0,17,1,-39.0,72.2,72.2,60,0,2.4,49.0,,25,0
2252.0,16:58:21,7816304615,1089815994,4539106,9882,5559395,0,172,0,17,1,-40.0,65.0,72.2,61,0,1.8,49.0,,26,0
2253.0,16:58:22,7821046831,1089826146,4742216,10152,5562487,0,172,0,17,1,-38.0,65.0,72.2,54,0,1.5,49.0,,25,0
2254.1,16:58:23,7825877397,1089836244,4830566,10098,5565636,0,172,0,17,1,-38.0,65.0,72.2,44,0,1.9,48.0,,26,0
2255.1,16:58:24,7831097867,1089848440,5220470,12196,5569051,0,172,0,17,1,-39.0,65.0,72.2,48,0,1.9,50.0,,25,0
2256.1,16:58:25,7835663051,1089858106,4565184,9666,5572027,0,172,0,17,1,-40.0,72.2,72.2,63,0,1.9,49.0,,26,0
2257.1,16:58:26,7839915299,1089870094,4252248,11988,5574799,0,172,0,17,1,-38.0,72.2,72.2,54,0,1.6,49.0,,25,0
2258.1,16:58:27,7845264357,1089881974,5349058,11880,5578286,0,172,0,17,1,-40.0,58.5,72.2,51,0,1.9,49.0,,26,0
2259.1,16:58:28,7850157817,1089891964,4893460,9990,5581476,0,172,0,17,1,-39.0,72.2,72.2,51,0,1.6,49.0,,25,0
2260.1,16:58:29,7855193939,1089902656,5036122,10692,5584759,0,172,0,17,1,-39.0,72.2,72.2,53,0,1.6,49.0,,26,0
2261.1,16:58:30,7860414141,1089913402,5220202,10746,5588162,0,172,0,17,1,-40.0,72.2,72.2,52,0,1.9,50.0,,25,0
2262.2,16:58:31,7865591391,1089924376,5177250,10974,5591537,0,172,0,17,1,-38.0,72.2,72.2,50,0,2.0,48.0,,26,0
2263.2,16:58:32,7870759437,1089935716,5168046,11340,5594906,0,172,0,17,1,-38.0,72.2,72.2,53,0,1.6,48.0,,26,0
2264.2,16:58:33,7875899871,1089946300,5140434,10584,5598257,0,172,0,17,1,-39.0,72.2,72.2,53,0,1.9,48.0,,26,0
2265.2,16:58:34,7880757137,1089956776,4857266,10476,5601424,0,172,0,17,1,-40.0,72.2,65.0,70,0,1.6,48.0,,26,0
2266.2,16:58:35,7885385215,1089967522,4628078,10746,5604441,0,172,0,17,1,-39.0,58.5,72.2,69,0,1.9,48.0,,26,0
2267.2,16:58:36,7889681949,1089980644,4296734,13122,5607242,0,172,0,17,1,-39.0,72.2,72.2,75,0,1.8,49.0,,26,0
2268.2,16:58:37,7894208783,1089990310,4526834,9666,5610193,0,172,0,17,1,-40.0,72.2,72.2,72,0,1.8,49.0,,26,0
2269.2,16:58:38,7898432387,1090000386,4223604,10076,5612948,0,172,0,17,1,-39.0,72.2,72.2,62,0,1.6,49.0,,25,0
2270.3,16:58:40,7903090233,1090011306,4657846,10920,5615985,0,172,0,17,1,-38.0,65.0,72.2,79,0,1.6,49.0,,26,0
2271.3,16:58:41,7907169227,1090021134,4078994,9828,5618645,0,172,0,17,1,-40.0,65.0,72.2,78,0,1.6,48.0,,26,0
2272.3,16:58:42,7912019735,1090031892,4850508,10758,5621807,0,172,0,17,1,-39.0,72.2,72.2,61,0,4.3,50.0,,26,0
2273.3,16:58:43,7916911661,1090042746,4891926,10854,5624996,0,172,0,17,1,-39.0,58.5,72.2,66,0,2.0,49.0,,26,0
2274.3,16:58:44,7921679955,1090053384,4768294,10638,5628105,0,172,0,17,1,-40.0,65.0,72.2,72,0,1.6,48.0,,26,0
2275.3,16:58:45,7926087137,1090063482,4407182,10098,5630978,0,172,0,17,1,-40.0,58.5,72.2,59,0,2.4,50.0,,25,0
2276.3,16:58:46,7930646185,1090073916,4559048,10434,5633950,0,172,0,17,1,-38.0,72.2,72.2,67,0,1.8,48.0,,26,0
2277.3,16:58:47,7934777247,1090086282,4131062,12366,5636643,0,172,0,17,1,-39.0,72.2,72.2,64,0,1.8,50.0,,25,0
2278.4,16:58:48,7940330659,1090099362,5553412,13080,5640265,0,172,0,17,1,-39.0,72.2,72.2,55,0,1.8,49.0,,26,0
2279.4,16:58:49,7945736185,1090111512,5405526,12150,5643790,0,172,0,17,1,-39.0,72.2,72.2,47,0,1.9,48.0,,26,0
2280.4,16:58:50,7950836735,1090122312,5100550,10800,5647115,0,172,0,17,1,-39.0,65.0,72.2,65,0,1.9,48.0,,26,0
2281.4,16:58:51,7955655029,1090132422,4818294,10110,5650256,0,172,0,17,1,-37.0,72.2,72.2,50,0,1.8,49.0,,25,0
2282.4,16:58:52,7960244757,1090142910,4589728,10488,5653248,0,172,0,17,1,-39.0,58.5,72.2,54,0,1.5,48.0,,26,0
2283.4,16:58:53,7965257869,1090153710,5013112,10800,5656516,0,172,0,17,1,-38.0,72.2,72.2,49,0,1.9,49.0,,26,0
2284.4,16:58:54,7970030404,1090163890,4772535,10180,5659628,0,172,0,17,1,-39.0,72.2,72.2,57,0,2.0,48.0,,26,0
2285.4,16:58:55,7974923629,1090175479,4893225,11589,5662830,0,172,0,17,1,-37.0,72.2,72.2,66,0,1.9,48.0,,26,0
2286.5,16:58:56,7979550173,1090185523,4626544,10044,5665846,0,172,0,17,1,-38.0,65.0,72.2,62,0,2.0,49.0,,26,0
2287.5,16:58:57,7984110755,1090198711,4560582,13188,5668819,0,172,0,17,1,-38.0,72.2,72.2,70,0,2.0,48.0,,26,0
2288.5,16:58:58,7988961263,1090209493,4850508,10782,5671981,0,172,0,17,1,-37.0,72.2,72.2,59,0,2.1,50.0,,26,0
2289.5,16:58:59,7993810237,1090219645,4848974,10152,5675142,0,172,0,17,1,-40.0,72.2,72.2,62,0,1.8,48.0,,26,0
2290.5,16:59:00,7999059585,1090231471,5249348,11826,5678564,0,172,0,17,1,-46.0,72.2,72.2,59,0,2.1,48.0,,26,0
2291.5,16:59:01,8003922616,1090241991,4863031,10520,5681775,0,172,0,17,1,-43.0,72.2,72.2,57,0,1.9,48.0,,26,0
2292.5,16:59:02,8009103594,1090256943,5180978,14952,5685114,0,172,0,17,1,-41.0,72.2,72.2,56,0,1.9,48.0,,25,0
2293.5,16:59:03,8014095230,1090269275,4991636,12332,5688368,0,172,0,17,1,-40.0,57.8,72.2,51,0,1.9,48.0,,26,0
2294.6,16:59:04,8018514684,1090280635,4419454,11360,5691249,0,172,0,17,1,-40.0,65.0,72.2,69,0,1.9,48.0,,25,0
2295.6,16:59:05,8023406610,1090291609,4891926,10974,5694438,0,172,0,17,1,-39.0,65.0,72.2,58,0,1.9,48.0,,26,0
2296.6,16:59:06,8028103718,1090303659,4697108,12050,5697500,0,172,0,17,1,-40.0,65.0,72.2,61,0,1.5,48.0,,25,0
2297.6,16:59:07,8032521638,1090315863,4417920,12204,5700380,0,172,0,17,1,-40.0,65.0,72.2,55,0,4.3,48.0,,26,0
2298.6,16:59:08,8037520944,1090326579,4999306,10716,5703639,0,172,0,17,1,-39.0,65.0,72.2,47,0,3.4,49.0,,26,0
2299.6,16:59:09,8042730408,1090337835,5209464,11256,5707035,0,172,0,17,1,-40.0,72.2,72.2,52,0,4.8,48.0,,26,0
2300.6,16:59:10,8048038048,1090348971,5307640,11136,5710495,0,172,0,17,1,-40.0,72.2,72.2,49,0,2.5,48.0,,25,0
2301.6,16:59:11,8052686027,1090359525,4647979,10554,5713527,0,172,0,17,1,-39.0,72.2,72.2,55,0,4.3,49.0,,26,0
2302.6,16:59:12,8057818791,1090370187,5132764,10662,5716873,0,172,0,17,1,-41.0,72.2,72.2,51,0,4.8,49.0,,25,0
2303.7,16:59:13,8062657027,1090380555,4838236,10368,5720027,0,172,0,17,1,-39.0,65.0,72.2,55,0,3.8,50.0,,26,0
2304.7,16:59:14,8067397087,1090391703,4740060,11148,5723117,0,172,0,17,1,-40.0,72.2,72.2,51,0,2.6,48.0,,26,0
2305.7,16:59:15,8072244527,1090402461,4847440,10758,5726277,0,172,0,17,1,-40.0,72.2,72.2,64,0,3.8,49.0,,26,0
2306.7,16:59:16,8077088899,1090413231,4844372,10770,5729435,0,172,0,17,1,-39.0,72.2,72.2,60,0,7.5,49.0,,25,0
2307.7,16:59:17,8081804415,1090424487,4715516,11256,5732509,0,172,0,17,1,-40.0,72.2,72.2,48,0,6.2,49.0,,26,0
2308.7,16:59:18,8086282161,1090435767,4477746,11280,5735428,0,172,0,17,1,-41.0,72.2,72.2,60,0,3.0,50.0,,27,0
2309.7,16:59:19,8091243117,1090446027,4960956,10260,5738662,0,172,0,17,1,-41.0,65.0,72.2,42,0,2.7,50.0,,26,0
2310.7,16:59:20,8096095159,1090457043,4852042,11016,5741825,0,172,0,17,1,-40.0,52.0,72.2,59,0,2.4,49.0,,27,0
2311.7,16:59:21,8100556031,1090467141,4460872,10098,5744733,0,172,0,17,1,-40.0,65.0,72.2,78,0,2.3,49.0,,26,0
2312.8,16:59:22,8105311392,1090478471,4755361,11330,5747835,0,172,0,17,1,-40.0,72.2,72.2,73,0,4.8,49.0,,25,0
2313.8,16:59:23,8109543698,1090488281,4232306,9810,5750594,0,172,0,17,1,-40.0,72.2,72.2,71,0,7.2,48.0,,25,0
2314.8,16:59:24,8114300632,1090498511,4756934,10230,5753695,0,172,0,17,1,-40.0,65.0,72.2,66,0,2.1,49.0,,26,0
2315.8,16:59:25,8118867115,1090510304,4566483,11793,5756684,0,172,0,17,1,-40.0,72.2,72.2,66,0,2.3,49.0,,25,0
2316.8,16:59:26,8123467581,1090520666,4600466,10362,5759683,0,172,0,17,1,-40.0,65.0,72.2,62,0,5.0,50.0,,26,0
2317.8,16:59:27,8128052707,1090530440,4585126,9774,5762672,0,172,0,17,1,-40.0,72.2,72.2,67,0,4.8,50.0,,26,0
2318.8,16:59:28,8132056447,1090542212,4003740,11772,5765282,0,172,0,17,1,-41.0,72.2,72.2,58,0,8.0,50.0,,26,0
2319.8,16:59:29,8137236765,1090553510,5180318,11298,5768659,0,172,0,17,1,-41.0,65.0,72.2,49,0,4.5,49.0,,25,0
2320.9,16:59:30,8142225333,1090564562,4988568,11052,5771911,0,172,0,17,1,-40.0,72.2,72.2,58,0,4.9,49.0,,27,0
2321.9,16:59:31,8147177707,1090575794,4952374,11232,5775140,0,172,0,17,1,-41.0,72.2,72.2,59,0,4.8,49.0,,26,0
2322.9,16:59:32,8152063497,1090586780,4885790,10986,5778368,0,172,0,17,1,-42.0,65.0,72.2,46,0,16.3,50.0,,27,0
2323.9,16:59:33,8157382497,1090598642,5319000,11862,5781793,0,172,0,17,1,-41.0,72.2,72.2,51,0,5.4,50.0,,26,0
2324.9,16:59:34,8162691197,1090610252,5308700,11610,5785255,0,172,0,17,1,-41.0,65.0,72.2,54,0,4.4,50.0,,27,0
2325.9,16:59:35,8167647551,1090621346,4956354,11094,5788486,0,172,0,17,1,-40.0,65.0,72.2,57,0,11.3,49.0,,27,0
2326.9,16:59:36,8172221939,1090631240,4574388,9894,5791468,0,172,0,17,1,-41.0,72.2,72.2,63,0,5.5,50.0,,26,0
2327.9,16:59:37,8176934387,1090641242,4712448,10002,5794540,0,172,0,17,1,-40.0,72.2,72.2,57,0,3.5,49.0,,27,0
2328.9,16:59:38,8180996419,1090652984,4062032,11742,5797188,0,172,0,17,1,-41.0,72.2,72.2,69,0,3.6,50.0,,27,0
2330.0,16:59:39,8185388261,1090662890,4391842,9906,5800051,0,172,0,17,1,-40.0,72.2,72.2,74,0,1.6,49.0,,26,0
2331.0,16:59:40,8190209623,1090673150,4821362,10260,5803194,0,172,0,17,1,-40.0,65.0,72.2,70,0,2.9,51.0,,25,0
2332.0,16:59:41,8194722651,1090683356,4513028,10206,5806136,0,172,0,17,1,-41.0,58.5,72.2,70,0,3.7,51.0,,26,0
2333.0,16:59:42,8199689743,1090694048,4967092,10692,5809418,0,172,0,17,1,-40.0,72.2,72.2,51,0,4.5,50.0,,27,0
2334.0,16:59:43,8204485027,1090704200,4795284,10152,5812500,0,172,0,17,1,-40.0,65.0,72.2,64,0,2.1,49.0,,26,0
2335.0,16:59:44,8209376041,1090715198,4891014,10998,5815689,0,172,0,17,1,-40.0,72.2,72.2,66,0,2.5,49.0,,25,0
2336.0,16:59:45,8214230239,1090726238,4854198,11040,5818854,0,172,0,17,1,-41.0,65.0,72.2,57,0,2.8,49.0,,26,0
2337.0,16:59:46,8219330789,1090737362,5100550,11124,5822179,0,172,0,17,1,-40.0,72.2,72.2,44,0,2.0,49.0,,26,0
2338.0,16:59:47,8224144481,1090748696,4813692,11334,5825317,0,172,0,17,1,-39.0,72.2,72.2,75,0,2.0,49.0,,26,0
2339.1,16:59:48,8228531721,1090761278,4387240,12582,5828177,0,172,0,17,1,-41.0,72.2,72.2,60,0,2.3,50.0,,26,0
2340.1,16:59:49,8233603125,1090772402,5071404,11124,5831483,0,172,0,17,1,-39.0,72.2,72.2,51,0,2.0,49.0,,26,0
2341.1,16:59:50,8238819347,1090783688,5216222,11286,5834884,0,172,0,17,1,-41.0,72.2,72.2,40,0,3.1,49.0,,26,0
2342.1,16:59:51,8243717409,1090793486,4898062,9798,5838077,0,172,0,17,1,-40.0,72.2,72.2,50,0,1.8,49.0,,26,0
2343.1,16:59:52,8248746483,1090805366,5029074,11880,5841356,0,172,0,17,1,-40.0,72.2,72.2,57,0,1.8,49.0,,26,0
2344.1,16:59:53,8253591477,1090815998,4844994,10632,5844515,0,172,0,17,1,-41.0,72.2,72.2,58,0,2.4,49.0,,26,0
2345.1,16:59:54,8258254837,1090826594,4663360,10596,5847555,0,172,0,17,1,-40.0,65.0,72.2,70,0,2.0,48.0,,26,0
2346.1,16:59:55,8263330199,1090839168,5075362,12574,5850876,0,172,0,17,1,-40.0,72.2,72.2,60,0,2.1,50.0,,26,0
2347.2,16:59:56,8268762093,1090850736,5431894,11568,5854417,0,172,0,17,1,-40.0,72.2,72.2,49,0,2.5,50.0,,26,0
2348.2,16:59:57,8274137229,1090862562,5375136,11826,5857921,0,172,0,17,1,-42.0,72.2,72.2,53,0,2.1,49.0,,27,0
2349.2,16:59:58,8278519867,1090875630,4382638,13068,5860778,0,172,0,17,1,-41.0,72.2,72.2,47,0,2.1,49.0,,26,0
2350.2,16:59:59,8283128003,1090886412,4608136,10782,5863782,0,172,0,17,1,-41.0,65.0,72.2,57,0,1.6,48.0,,25,0
2351.2,17:00:00,8288386555,1090897710,5258552,11298,5867210,0,172,0,17,1,-40.0,65.0,72.2,48,0,2.1,49.0,,25,0
2352.2,17:00:01,8293183373,1090908684,4796818,10974,5870337,0,172,0,17,1,-41.0,72.2,72.2,48,0,2.0,49.0,,26,0
2353.2,17:00:02,8297766965,1090918944,4583592,10260,5873325,0,172,0,17,1,-39.0,72.2,72.2,63,0,1.8,48.0,,25,0
2354.2,17:00:03,8302717183,1090929744,4950218,10800,5876552,0,172,0,17,1,-40.0,72.2,72.2,60,0,2.6,49.0,,26,0
2355.2,17:00:05,8307655129,1090940760,4937946,11016,5879771,0,172,0,17,1,-40.0,72.2,72.2,46,0,2.1,48.0,,25,0
2356.3,17:00:06,8313023217,1090953378,5368088,12618,5883271,0,172,0,17,1,-40.0,65.0,72.2,58,0,2.0,48.0,,26,0
2357.3,17:00:07,8317901669,1090964214,4878452,10836,5886453,0,172,0,17,1,-40.0,72.2,72.2,43,0,1.9,48.0,,25,0
2358.3,17:00:08,8322937791,1090975686,5036122,11472,5889736,0,172,0,17,1,-41.0,72.2,72.2,56,0,1.9,48.0,,26,0
2359.3,17:00:09,8327174699,1090988790,4236908,13104,5892498,0,172,0,17,1,-39.0,65.0,72.2,68,0,4.0,50.0,,25,0
2360.3,17:00:10,8332276783,1091000022,5102084,11232,5895824,0,172,0,17,1,-39.0,72.2,72.2,39,0,6.3,49.0,,26,0
2361.3,17:00:11,8337133427,1091011146,4856644,11124,5898990,0,172,0,17,1,-39.0,65.0,72.2,57,0,3.5,50.0,,26,0
2362.3,17:00:12,8341784515,1091021784,4651088,10638,5902022,0,172,0,17,1,-39.0,65.0,72.2,52,0,5.5,48.0,,27,0
2363.3,17:00:13,8347095223,1091033094,5310708,11310,5905484,0,172,0,17,1,-39.0,72.2,72.2,55,0,2.4,48.0,,25,0
2364.4,17:00:14,8351836817,1091044554,4741594,11460,5908575,0,172,0,17,1,-40.0,72.2,72.2,61,0,2.1,49.0,,26,0
2365.4,17:00:15,8356777831,1091055810,4941014,11256,5911796,0,172,0,17,1,-40.0,72.2,72.2,60,0,2.6,49.0,,26,0
2366.4,17:00:16,8361423305,1091066314,4645474,10504,5914826,0,172,0,17,1,-39.0,65.0,72.2,54,0,2.4,49.0,,25,0
2367.4,17:00:17,8366637993,1091078596,5214688,12282,5918226,0,172,0,17,1,-40.0,72.2,72.2,56,0,2.4,48.0,,26,0
2368.4,17:00:18,8371526851,1091089408,4888858,10812,5921413,0,172,0,17,1,-39.0,72.2,72.2,55,0,2.3,49.0,,25,0
2369.4,17:00:19,8375642573,1091101624,4115722,12216,5924096,0,172,0,17,1,-39.0,72.2,72.2,52,0,2.1,49.0,,26,0
2370.4,17:00:20,8380511489,1091112748,4868916,11124,5927270,0,172,0,17,1,-40.0,72.2,72.2,51,0,2.6,48.0,,25,0
2371.4,17:00:21,8385688739,1091124514,5177250,11766,5930645,0,172,0,17,1,-40.0,58.5,72.2,54,0,2.5,49.0,,26,0
2372.4,17:00:22,8390780085,1091135584,5091346,11070,5933964,0,172,0,17,1,-40.0,72.2,72.2,42,0,2.4,49.0,,25,0
2373.5,17:00:23,8395579971,1091146774,4799886,11190,5937093,0,172,0,17,1,-39.0,72.2,72.2,53,0,2.6,49.0,,26,0
2374.5,17:00:24,8400479567,1091158114,4899596,11340,5940287,0,172,0,17,1,-39.0,65.0,72.2,64,0,2.5,49.0,,26,0
2375.5,17:00:25,8405330075,1091169346,4850508,11232,5943449,0,172,0,17,1,-40.0,72.2,72.2,39,0,3.4,48.0,,25,0
2376.5,17:00:26,8410458505,1091181638,5128430,12292,5946804,0,172,0,17,1,-40.0,72.2,72.2,54,0,5.3,49.0,,26,0
2377.5,17:00:27,8415213905,1091192366,4755400,10728,5949939,0,172,0,17,1,-39.0,72.2,72.2,66,0,3.4,48.0,,26,0
2378.5,17:00:28,8420062879,1091203622,4848974,11256,5953065,0,172,0,17,1,-40.0,72.2,72.2,63,0,3.3,49.0,,26,0
2379.5,17:00:29,8424408701,1091216552,4345822,12930,5955898,0,172,0,17,1,-39.0,72.2,72.2,55,0,4.4,49.0,,25,0
2380.5,17:00:30,8429219947,1091227982,4811246,11430,5959035,0,172,0,17,1,-40.0,72.2,72.2,45,0,2.4,49.0,,26,0
2381.6,17:00:31,8434593549,1091240510,5373602,12528,5962552,0,172,0,17,1,-41.0,72.2,72.2,46,0,2.4,48.0,,26,0
2382.6,17:00:32,8439408775,1091251688,4815226,11178,5965677,0,172,0,17,1,-40.0,65.0,72.2,59,0,2.3,48.0,,25,0
2383.6,17:00:33,8444454101,1091262770,5045326,11082,5968966,0,172,0,17,1,-39.0,72.2,72.2,46,0,2.4,49.0,,26,0
2384.6,17:00:34,8449747935,1091275580,5293834,12810,5972417,0,172,0,17,1,-39.0,72.2,72.2,58,0,2.1,49.0,,26,0
2385.6,17:00:35,8454749397,1091286728,5001462,11148,5975697,0,172,0,17,1,-39.0,72.2,72.2,48,0,2.6,48.0,,25,0
2386.6,17:00:36,8460106747,1091298914,5357350,12186,5979171,0,172,0,17,1,-41.0,72.2,72.2,45,0,2.5,49.0,,26,0
2387.6,17:00:37,8465285531,1091311184,5178784,12270,5982547,0,172,0,17,1,-38.0,72.2,72.2,55,0,2.1,48.0,,25,0
2388.6,17:00:38,8470527209,1091323034,5241678,11850,5985970,0,172,0,17,1,-38.0,72.2,72.2,46,0,2.1,49.0,,26,0
2389.6,17:00:39,8474403627,1091334926,3876418,11892,5988491,0,172,0,17,1,-39.0,72.2,72.2,72,0,2.1,49.0,,26,0
2390.7,17:00:40,8479852395,1091347076,5448768,12150,5992043,0,172,0,17,1,-39.0,65.0,72.2,38,0,2.6,48.0,,26,0
2391.7,17:00:41,8484728981,1091358872,4876586,11796,5995222,0,172,0,17,1,-39.0,72.2,72.2,54,0,2.5,49.0,,26,0
2392.7,17:00:42,8489758967,1091371058,5029986,12186,5998501,0,172,0,17,1,-39.0,65.0,72.2,56,0,2.4,49.0,,26,0
2393.7,17:00:43,8494359433,1091382896,4600466,11838,6001500,0,172,0,17,1,-39.0,72.2,72.2,59,0,2.1,48.0,,26,0
2394.7,17:00:44,8499348001,1091393912,4988568,11016,6004752,0,172,0,17,1,-40.0,72.2,72.2,60,0,2.0,48.0,,25,0
2395.7,17:00:45,8503953069,1091404820,4605068,10908,6007754,0,172,0,17,1,-39.0,72.2,72.2,74,0,2.8,49.0,,26,0
2396.7,17:00:46,8508575011,1091416106,4621942,11286,6010767,0,172,0,17,1,-40.0,72.2,72.2,63,0,3.1,49.0,,25,0
2397.7,17:00:47,8513453131,1091427998,4878120,11892,6013947,0,172,0,17,1,-39.0,72.2,72.2,65,0,2.1,49.0,,26,0
2398.8,17:00:48,8518263755,1091438984,4810624,10986,6017083,0,172,0,17,1,-39.0,72.2,72.2,52,0,2.3,49.0,,25,0
2399.8,17:00:49,8522589635,1091450714,4325880,11730,6019903,0,172,0,17,1,-39.0,72.2,72.2,83,0,2.4,49.0,,26,0
2400.8,17:00:50,8527406395,1091463386,4816760,12672,6023043,0,172,0,17,1,-40.0,65.0,72.2,68,0,2.4,48.0,,25,0
2401.8,17:00:51,8532366439,1091474276,4960044,10890,6026277,0,172,0,17,1,-39.0,72.2,72.2,56,0,2.8,48.0,,26,0
2402.8,17:00:52,8536899409,1091484590,4532970,10314,6029232,0,172,0,17,1,-40.0,72.2,72.2,63,0,2.1,48.0,,25,0
2403.8,17:00:53,8541811277,1091494850,4911868,10260,6032434,0,172,0,17,1,-40.0,72.2,72.2,58,0,2.4,49.0,,26,0
2404.8,17:00:54,8546832059,1091506106,5020782,11256,6035707,0,172,0,17,1,-39.0,65.0,72.2,57,0,2.3,47.0,,25,0
2405.8,17:00:55,8551980163,1091517392,5148104,11286,6039063,0,172,0,17,1,-40.0,65.0,72.2,58,0,2.1,49.0,,26,0
2406.9,17:00:56,8556678066,1091528520,4697903,11128,6042134,0,172,0,17,1,-40.0,65.0,72.2,58,0,2.9,48.0,,25,0
2407.9,17:00:57,8561331073,1091539722,4653007,11202,6045170,0,172,0,17,1,-40.0,72.2,72.2,67,0,2.5,48.0,,26,0
2408.9,17:00:58,8566060395,1091550306,4729322,10584,6048253,0,172,0,17,1,-40.0,72.2,72.2,55,0,2.1,48.0,,25,0
2409.9,17:00:59,8570789717,1091560320,4729322,10014,6051336,0,172,0,17,1,-40.0,65.0,72.2,51,0,2.3,49.0,,26,0
2410.9,17:01:00,8575129403,1091573064,4339686,12744,6054165,0,172,0,17,1,-40.0,58.5,72.2,65,0,1.9,48.0,,26,0
2411.9,17:01:01,8579938493,1091583324,4809090,10260,6057300,0,172,0,17,1,-40.0,65.0,72.2,46,0,2.6,48.0,,26,0
2412.9,17:01:02,8585071331,1091594958,5132838,11634,6060647,0,172,0,17,1,-39.0,72.2,72.2,50,0,2.4,48.0,,25,0
2413.9,17:01:03,8590122793,1091605998,5051462,11040,6063940,0,172,0,17,1,-40.0,72.2,72.2,51,0,2.3,49.0,,26,0
2414.9,17:01:04,8595096021,1091616690,4973228,10692,6067182,0,172,0,17,1,-40.0,72.2,72.2,49,0,2.4,49.0,,26,0
2416.0,17:01:05,8599991637,1091627112,4895616,10422,6070374,0,172,0,17,1,-41.0,72.2,72.2,53,0,2.1,49.0,,26,0
2417.0,17:01:06,8604498529,1091638236,4506892,11124,6073312,0,172,0,17,1,-40.0,65.0,72.2,74,0,2.3,48.0,,26,0
2418.0,17:01:07,8609421135,1091648712,4922606,10476,6076521,0,172,0,17,1,-40.0,65.0,72.2,64,0,2.3,49.0,,26,0
2419.0,17:01:08,8614035407,1091658672,4614272,9960,6079529,0,172,0,17,1,-39.0,72.2,72.2,60,0,2.0,48.0,,26,0
2420.0,17:01:09,8618896653,1091668578,4861246,9906,6082698,0,172,0,17,1,-40.0,65.0,72.2,52,0,2.3,49.0,,26,0
2421.0,17:01:10,8623039987,1091681052,4143334,12474,6085399,0,172,0,17,1,-40.0,72.2,72.2,63,0,3.1,49.0,,26,0
2422.0,17:01:11,8627318313,1091691090,4278326,10038,6088188,0,172,0,17,1,-39.0,65.0,72.2,79,0,1.9,49.0,,26,0
2423.0,17:01:12,8631786855,1091701674,4468542,10584,6091101,0,172,0,17,1,-40.0,65.0,72.2,77,0,2.9,49.0,,25,0
2424.0,17:01:13,8636726957,1091712852,4940102,11178,6094322,0,172,0,17,1,-40.0,72.2,72.2,65,0,2.3,48.0,,26,0
2425.1,17:01:14,8641222199,1091722962,4495242,10110,6097253,0,172,0,17,1,-40.0,65.0,72.2,61,0,2.3,49.0,,25,0
2426.1,17:01:15,8646031289,1091734662,4809090,11700,6100388,0,172,0,17,1,-39.0,72.2,72.2,71,0,2.1,48.0,,26,0
2427.1,17:01:16,8650884865,1091744760,4853576,10098,6103552,0,172,0,17,1,-40.0,72.2,72.2,57,0,2.3,49.0,,26,0
2428.1,17:01:17,8655685373,1091756136,4800508,11376,6106682,0,172,0,17,1,-40.0,72.2,72.2,73,0,2.1,49.0,,26,0
2429.1,17:01:18,8660327257,1091766798,4641884,10662,6109708,0,172,0,17,1,-39.0,65.0,72.2,64,0,2.1,50.0,,26,0
2430.1,17:01:19,8665300485,1091778246,4973228,11448,6112950,0,172,0,17,1,-39.0,65.0,72.2,57,0,2.1,49.0,,26,0
2431.1,17:01:20,8669672385,1091791014,4371900,12768,6115800,0,172,0,17,1,-40.0,72.2,72.2,55,0,1.9,49.0,,26,0
2432.1,17:01:21,8674403241,1091801382,4730856,10368,6118884,0,172,0,17,1,-40.0,72.2,72.2,52,0,2.1,50.0,,26,0
2433.2,17:01:22,8679298235,1091812668,4894994,11286,6122075,0,172,0,17,1,-40.0,72.2,72.2,54,0,2.1,48.0,,25,0
2434.2,17:01:23,8684164083,1091823978,4865848,11310,6125247,0,172,0,17,1,-39.0,65.0,72.2,59,0,2.0,48.0,,26,0
2435.2,17:01:24,8689081797,1091834532,4917714,10554,6128454,0,172,0,17,1,-40.0,72.2,72.2,55,0,2.4,48.0,,26,0
2436.2,17:01:25,8693699137,1091845116,4617340,10584,6131502,0,172,0,17,1,-40.0,65.0,72.2,62,0,2.4,49.0,,25,0
2437.2,17:01:26,8698631537,1091857094,4932400,11978,6134685,0,172,0,17,1,-40.0,72.2,72.2,57,0,2.0,49.0,,26,0
2438.2,17:01:27,8703315429,1091868262,4683892,11168,6137744,0,172,0,17,1,-40.0,72.2,72.2,56,0,2.3,49.0,,25,0
2439.2,17:01:28,8708175141,1091878318,4859712,10056,6140912,0,172,0,17,1,-40.0,72.2,72.2,55,0,1.9,48.0,,26,0
2440.2,17:01:29,8713116851,1091890168,4941710,11850,6144135,0,172,0,17,1,-40.0,72.2,72.2,64,0,2.6,49.0,,25,0
2441.3,17:01:31,8717519431,1091902396,4402580,12228,6147005,0,172,0,17,1,-40.0,72.2,72.2,52,0,2.6,48.0,,26,0
2442.3,17:01:32,8722479475,1091912980,4960044,10584,6150239,0,172,0,17,1,-39.0,65.0,72.2,68,0,2.4,48.0,,26,0
2443.3,17:01:33,8727010911,1091923234,4531436,10254,6153193,0,172,0,17,1,-40.0,72.2,72.2,50,0,2.0,48.0,,25,0
2444.3,17:01:34,8731711087,1091933602,4700176,10368,6156257,0,172,0,17,1,-40.0,72.2,72.2,58,0,2.3,49.0,,26,0
2445.3,17:01:35,8736642897,1091944510,4931810,10908,6159472,0,172,0,17,1,-40.0,72.2,72.2,51,0,2.4,49.0,,26,0
2446.3,17:01:36,8741691291,1091955310,5048394,10800,6162763,0,172,0,17,1,-40.0,65.0,72.2,61,0,2.3,48.0,,26,0
2447.3,17:01:37,8746412943,1091965606,4721652,10296,6165841,0,172,0,17,1,-40.0,72.2,72.2,57,0,2.3,47.0,,26,0
2448.3,17:01:38,8751312249,1091976094,4899306,10488,6169036,0,172,0,17,1,-40.0,72.2,72.2,57,0,2.0,48.0,,26,0
2449.3,17:01:39,8755783859,1091985892,4471610,9798,6171951,0,172,0,17,1,-39.0,65.0,72.2,69,0,2.1,47.0,,25,0
2450.4,17:01:40,8760375121,1091996488,4591262,10596,6174944,0,172,0,17,1,-40.0,65.0,72.2,64,0,2.1,48.0,,26,0
2451.4,17:01:41,8764303695,1092008704,3928574,12216,6177505,0,172,0,17,1,-40.0,65.0,72.2,92,0,2.5,48.0,,25,0
2452.4,17:01:42,8769124145,1092019246,4820450,10542,6180648,0,172,0,17,1,-40.0,72.2,72.2,54,0,2.9,48.0,,26,0
2453.4,17:01:43,8773855623,1092029830,4731478,10584,6183733,0,172,0,17,1,-40.0,72.2,72.2,52,0,2.3,49.0,,25,0
2454.4,17:01:44,8778471429,1092040036,4615806,10206,6186742,0,172,0,17,1,-40.0,72.2,72.2,62,0,2.5,48.0,,26,0
2455.4,17:01:45,8783409375,1092051196,4937946,11160,6189961,0,172,0,17,1,-39.0,72.2,72.2,59,0,2.9,49.0,,26,0
2456.4,17:01:46,8788161707,1092061900,4752332,10704,6193059,0,172,0,17,1,-39.0,65.0,72.2,64,0,2.3,48.0,,25,0
2457.4,17:01:47,8793078177,1092072754,4916470,10854,6196264,0,172,0,17,1,-39.0,72.2,72.2,50,0,2.1,48.0,,26,0
2458.4,17:01:48,8797945559,1092084418,4867382,11664,6199437,0,172,0,17,1,-40.0,72.2,72.2,68,0,2.8,49.0,,25,0
2459.5,17:01:49,8802602783,1092094474,4657224,10056,6202473,0,172,0,17,1,-39.0,72.2,72.2,63,0,2.3,49.0,,26,0
2460.5,17:01:50,8807508515,1092106042,4905732,11568,6205671,0,172,0,17,1,-40.0,72.2,72.2,65,0,2.4,48.0,,25,0
2461.5,17:01:51,8812535433,1092117568,5026918,11526,6208948,0,172,0,17,1,-40.0,57.8,72.2,56,0,2.5,48.0,,26,0
2462.5,17:01:52,8817099705,1092127756,4564272,10188,6211924,0,172,0,17,1,-40.0,58.5,72.2,54,0,2.4,49.0,,25,0
2463.5,17:01:53,8821701705,1092137812,4602000,10056,6214924,0,172,0,17,1,-40.0,65.0,72.2,55,0,2.3,47.0,,26,0
2464.5,17:01:54,8826667263,1092148540,4965558,10728,6218161,0,172,0,17,1,-40.0,65.0,72.2,59,0,2.4,47.0,,25,0
2465.5,17:01:55,8831349653,1092159016,4682390,10476,6221214,0,172,0,17,1,-40.0,72.2,72.2,54,0,2.6,47.0,,26,0
2466.5,17:01:56,8835976271,1092169396,4626618,10380,6224231,0,172,0,17,1,-40.0,72.2,72.2,69,0,2.1,49.0,,25,0
2467.6,17:01:57,8840557385,1092180672,4581114,11276,6227223,0,172,0,17,1,-39.0,65.0,72.2,59,0,2.3,48.0,,26,0
2468.6,17:01:58,8844937545,1092192458,4380160,11786,6230086,0,172,0,17,1,-39.0,58.5,72.2,62,0,1.9,48.0,,26,0
2469.6,17:01:59,8849392281,1092203258,4454736,10800,6232988,0,172,0,17,1,-40.0,72.2,72.2,61,0,2.3,49.0,,25,0
2470.6,17:02:00,8853863891,1092212816,4471610,9558,6235903,0,172,0,17,1,-39.0,65.0,72.2,64,0,2.4,48.0,,26,0
2471.6,17:02:01,8858505775,1092222914,4641884,10098,6238929,0,172,0,17,1,-40.0,72.2,72.2,71,0,2.4,49.0,,25,0
2472.6,17:02:02,8863201349,1092233498,4695574,10584,6241990,0,172,0,17,1,-39.0,72.2,72.2,63,0,2.0,49.0,,26,0
2473.6,17:02:03,8867666823,1092243434,4465474,9936,6244901,0,172,0,17,1,-39.0,58.5,72.2,58,0,2.3,48.0,,26,0
2474.6,17:02:04,8872555681,1092254894,4888858,11460,6248088,0,172,0,17,1,-40.0,72.2,72.2,77,0,2.6,48.0,,26,0
2475.6,17:02:05,8877271197,1092265748,4715516,10854,6251162,0,172,0,17,1,-41.0,72.2,72.2,60,0,2.4,49.0,,26,0
2476.7,17:02:06,8881736671,1092276410,4465474,10662,6254073,0,172,0,17,1,-40.0,65.0,72.2,57,0,1.9,49.0,,26,0
2477.7,17:02:07,8886151523,1092286832,4414852,10422,6256951,0,172,0,17,1,-40.0,72.2,72.2,67,0,2.1,49.0,,25,0
2478.7,17:02:08,8890632337,1092297416,4480814,10584,6259872,0,172,0,17,1,-40.0,65.0,72.2,78,0,2.1,49.0,,26,0
2479.7,17:02:09,8894629941,1092309188,3997604,11772,6262478,0,172,0,17,1,-39.0,52.0,72.2,75,0,1.9,49.0,,25,0
2480.7,17:02:10,8899346991,1092319838,4717050,10650,6265553,0,172,0,17,1,-40.0,65.0,72.2,52,0,2.8,49.0,,26,0
2481.7,17:02:11,8904314705,1092330866,4967714,11028,6268792,0,172,0,17,1,-40.0,72.2,72.2,57,0,2.6,48.0,,26,0
2482.7,17:02:12,8909067037,1092341396,4752332,10530,6271890,0,172,0,17,1,-40.0,72.2,72.2,51,0,7.5,49.0,,25,0
2483.7,17:02:13,8913920613,1092351830,4853576,10434,6275054,0,172,0,17,1,-39.0,72.2,72.2,45,0,2.5,50.0,,25,0
2484.8,17:02:14,8918896909,1092362414,4976296,10584,6278298,0,172,0,17,1,-40.0,72.2,72.2,57,0,2.5,49.0,,26,0
2485.8,17:02:15,8923951439,1092373214,5054530,10800,6281593,0,172,0,17,1,-40.0,72.2,72.2,48,0,2.3,49.0,,25,0
2486.8,17:02:16,8928726781,1092383960,4775342,10746,6284706,0,172,0,17,1,-40.0,72.2,72.2,74,0,2.0,49.0,,26,0
2487.8,17:02:17,8933643873,1092395582,4917092,11622,6287912,0,172,0,17,1,-40.0,65.0,72.2,57,0,2.5,49.0,,26,0
2488.8,17:02:18,8938432805,1092405260,4788932,9678,6291036,0,172,0,17,1,-40.0,65.0,72.2,57,0,2.3,49.0,,25,0
2489.8,17:02:19,8942232523,1092417086,3799718,11826,6293513,0,172,0,17,1,-39.0,52.0,72.2,66,0,2.3,50.0,,26,0
2490.8,17:02:20,8946877475,1092427886,4644952,10800,6296541,0,172,0,17,1,-40.0,65.0,72.2,66,0,2.1,51.0,,26,0
2491.8,17:02:21,8951379765,1092439172,4502290,11286,6299476,0,172,0,17,1,-40.0,72.2,72.2,69,0,2.1,50.0,,26,0
2492.9,17:02:22,8956170447,1092449594,4790682,10422,6302599,0,172,0,17,1,-40.0,72.2,72.2,52,0,2.1,48.0,,26,0
2493.9,17:02:23,8960447239,1092459368,4276792,9774,6305387,0,172,0,17,1,-40.0,72.2,72.2,65,0,2.3,48.0,,25,0
2494.9,17:02:24,8965175027,1092470006,4727788,10638,6308469,0,172,0,17,1,-39.0,72.2,72.2,47,0,2.0,48.0,,26,0
2495.9,17:02:25,8969792367,1092480332,4617340,10326,6311479,0,172,0,17,1,-40.0,72.2,72.2,57,0,2.1,48.0,,26,0
2496.9,17:02:26,8974802411,1092492050,5010044,11718,6314745,0,172,0,17,1,-76.0,72.2,72.2,44,0,2.3,49.0,,26,0
2497.9,17:02:27,8979590615,1092502462,4788204,10412,6317872,0,172,0,17,1,-39.0,58.5,72.2,61,0,2.1,47.0,,26,0
2498.9,17:02:28,8984549715,1092513522,4959100,11060,6321111,0,172,0,17,1,-39.0,65.0,72.2,50,0,2.0,48.0,,25,0
2499.9,17:02:29,8988682311,1092526536,4132596,13014,6323805,0,172,0,17,1,-39.0,72.2,72.2,70,0,2.6,49.0,,26,0
2500.9,17:02:30,8993241359,1092536958,4559048,10422,6326777,0,172,0,17,1,-40.0,65.0,72.2,63,0,2.1,49.0,,25,0
2502.0,17:02:31,8997808077,1092547380,4566718,10422,6329754,0,172,0,17,1,-40.0,65.0,72.2,67,0,2.0,49.0,,26,0
2503.0,17:02:32,9002193783,1092557748,4385706,10368,6332613,0,172,0,17,1,-40.0,72.2,72.2,79,0,2.0,49.0,,26,0
2504.0,17:02:33,9006987533,1092568008,4793750,10260,6335738,0,172,0,17,1,-40.0,65.0,72.2,57,0,2.1,50.0,,25,0
2505.0,17:02:34,9011478795,1092578592,4491262,10584,6338667,0,172,0,17,1,-39.0,72.2,72.2,67,0,2.0,50.0,,26,0
2506.0,17:02:35,9016521053,1092589176,5042258,10584,6341954,0,172,0,17,1,-40.0,65.0,72.2,58,0,2.3,49.0,,26,0
2507.0,17:02:36,9021368493,1092600462,4847440,11286,6345114,0,172,0,17,1,-40.0,65.0,72.2,65,0,2.3,48.0,,25,0
2508.0,17:02:37,9026084009,1092610884,4715516,10422,6348188,0,172,0,17,1,-40.0,65.0,72.2,66,0,2.4,48.0,,26,0
2509.0,17:02:38,9030885429,1092623196,4801420,12312,6351318,0,172,0,17,1,-40.0,65.0,72.2,65,0,2.3,49.0,,26,0
2510.1,17:02:39,9035192901,1092635940,4307472,12744,6354126,0,172,0,17,1,-40.0,72.2,72.2,73,0,2.0,48.0,,25,0
2511.1,17:02:40,9039702861,1092646956,4509960,11016,6357066,0,172,0,17,1,-39.0,52.0,72.2,65,0,2.4,48.0,,26,0
2512.1,17:02:41,9044289521,1092657540,4586660,10584,6360056,0,172,0,17,1,-40.0,72.2,72.2,59,0,2.3,49.0,,25,0
2513.1,17:02:42,9049119175,1092668826,4829654,11286,6363205,0,172,0,17,1,-41.0,72.2,72.2,64,0,2.3,48.0,,26,0
2514.1,17:02:43,9054124617,1092679626,5005442,10800,6366468,0,172,0,17,1,-40.0,65.0,72.2,63,0,2.5,48.0,,26,0
2515.1,17:02:44,9059074835,1092691452,4950218,11826,6369695,0,172,0,17,1,-40.0,72.2,72.2,54,0,2.6,48.0,,26,0
2516.1,17:02:45,9064100841,1092703440,5026006,11988,6372972,0,172,0,17,1,-40.0,72.2,72.2,65,0,2.3,48.0,,26,0
2517.1,17:02:46,9068896376,1092714368,4795535,10928,6376141,0,172,0,17,1,-40.0,72.2,72.2,71,0,2.0,48.0,,25,0
2518.1,17:02:47,9073748418,1092724922,4852042,10554,6379262,0,172,0,17,1,-39.0,65.0,72.2,47,0,2.0,48.0,,26,0
2519.2,17:02:48,9078542168,1092735560,4793750,10638,6382387,0,172,0,17,1,-39.0,72.2,72.2,56,0,2.1,49.0,,26,0
2520.2,17:02:49,9082861912,1092747938,4319744,12378,6385203,0,172,0,17,1,-39.0,72.2,72.2,63,0,2.1,49.0,,25,0
2521.2,17:02:50,9087729294,1092757940,4867382,10002,6388376,0,172,0,17,1,-40.0,72.2,72.2,45,0,2.0,49.0,,26,0
2522.2,17:02:51,9092621220,1092768524,4891926,10584,6391565,0,172,0,17,1,-40.0,72.2,72.2,57,0,2.1,49.0,,25,0
2523.2,17:02:52,9097517748,1092779324,4896528,10800,6394757,0,172,0,17,1,-40.0,57.8,72.2,58,0,2.1,49.0,,26,0
2524.2,17:02:53,9102297692,1092789488,4779944,10164,6397908,0,172,0,17,1,-39.0,65.0,72.2,52,0,1.9,48.0,,25,0
2525.2,17:02:54,9107111384,1092800018,4813692,10530,6401011,0,172,0,17,1,-39.0,72.2,72.2,60,0,2.1,49.0,,26,0
2526.2,17:02:55,9112060068,1092811088,4948684,11070,6404237,0,172,0,17,1,-40.0,72.2,72.2,54,0,1.8,49.0,,25,0
2527.2,17:02:56,9116642126,1092821348,4582058,10260,6407224,0,172,0,17,1,-40.0,72.2,72.2,65,0,1.9,48.0,,26,0
2528.3,17:02:58,9121305810,1092831786,4663684,10438,6410267,0,172,0,17,1,-40.0,72.2,72.2,59,0,2.3,50.0,,25,0
2529.3,17:02:59,9126092865,1092842579,4787055,10793,6413397,0,172,0,17,1,-39.0,72.2,72.2,58,0,2.3,48.0,,26,0
2530.3,17:03:00,9130409541,1092854783,4316676,12204,6416211,0,172,0,17,1,-39.0,58.5,72.2,65,0,2.3,49.0,,26,0
2531.3,17:03:01,9134979327,1092864557,4569786,9774,6419190,0,172,0,17,1,-39.0,72.2,72.2,57,0,2.0,49.0,,26,0
2532.3,17:03:02,9139501559,1092875423,4522232,10866,6422138,0,172,0,17,1,-39.0,72.2,72.2,76,0,2.3,48.0,,26,0
2533.3,17:03:03,9144332125,1092885899,4830566,10476,6425287,0,172,0,17,1,-40.0,72.2,72.2,67,0,2.0,49.0,,25,0
2534.3,17:03:04,9149291547,1092897239,4959422,11340,6428520,0,172,0,17,1,-39.0,72.2,72.2,66,0,2.4,49.0,,26,0
2535.3,17:03:05,9154143589,1092907715,4852042,10476,6431683,0,172,0,17,1,-40.0,72.2,72.2,66,0,2.3,49.0,,26,0
2536.4,17:03:06,9158918931,1092918029,4775342,10314,6434796,0,172,0,17,1,-40.0,58.5,72.2,60,0,2.0,47.0,,25,0
2537.4,17:03:07,9163398285,1092928235,4479354,10206,6437754,0,172,0,17,1,-40.0,65.0,72.2,57,0,3.0,48.0,,26,0
2538.4,17:03:08,9168076695,1092938117,4678410,9882,6440768,0,172,0,17,1,-39.0,58.5,72.2,66,0,1.9,47.0,,25,0
2539.4,17:03:09,9172646481,1092948875,4569786,10758,6443747,0,172,0,17,1,-40.0,65.0,72.2,66,0,2.0,48.0,,26,0
2540.4,17:03:10,9176618007,1092961199,3971526,12324,6446336,0,172,0,17,1,-40.0,65.0,72.2,83,0,2.1,50.0,,25,0
2541.4,17:03:11,9181594303,1092973025,4976296,11826,6449621,0,172,0,17,1,-39.0,65.0,135.0,70,0,2.3,48.0,,26,0
2542.4,17:03:12,9186256129,1092983729,4661826,10704,6452619,0,172,0,17,1,-40.0,65.0,72.2,64,0,2.1,48.0,,26,0
2543.4,17:03:13,9190600417,1092993299,4344288,9570,6455451,0,172,0,17,1,-40.0,65.0,72.2,76,0,2.1,49.0,,26,0
2544.5,17:03:14,9195230029,1093003235,4629612,9936,6458469,0,172,0,17,1,-39.0,72.2,72.2,51,0,2.0,48.0,,25,0
2545.5,17:03:15,9199683231,1093012901,4453202,9666,6461372,0,172,0,17,1,-39.0,65.0,72.2,75,0,2.0,49.0,,26,0
2546.5,17:03:16,9204676401,1093023983,4993170,11082,6464627,0,172,0,17,1,-39.0,72.2,72.2,52,0,2.1,48.0,,25,0
2547.5,17:03:17,9209339761,1093034513,4663360,10530,6467667,0,172,0,17,1,-40.0,72.2,72.2,68,0,2.1,48.0,,26,0
2548.5,17:03:18,9213992383,1093044827,4652622,10314,6470700,0,172,0,17,1,-41.0,65.0,72.2,72,0,2.3,48.0,,25,0
2549.5,17:03:19,9218911009,1093055951,4918626,11124,6473907,0,172,0,17,1,-39.0,65.0,72.2,60,0,2.6,48.0,,26,0
2550.5,17:03:20,9223348871,1093069451,4437862,13500,6476800,0,172,0,17,1,-39.0,72.2,72.2,60,0,2.1,51.0,,25,0
2551.5,17:03:21,9228328309,1093080629,4979438,11178,6480047,0,172,0,17,1,-39.0,65.0,72.2,55,0,2.1,49.0,,26,0
2552.5,17:03:22,9233068369,1093091159,4740060,10530,6483137,0,172,0,17,1,-40.0,65.0,72.2,66,0,2.3,48.0,,25,0
2553.6,17:03:23,9237724059,1093101095,4655690,9936,6486172,0,172,0,17,1,-40.0,72.2,72.2,66,0,2.1,48.0,,26,0
2554.6,17:03:24,9242324525,1093111001,4600466,9906,6489171,0,172,0,17,1,-39.0,72.2,72.2,54,0,2.1,49.0,,26,0
2555.6,17:03:25,9246770057,1093120937,4445532,9936,6492069,0,172,0,17,1,-40.0,72.2,72.2,66,0,2.1,49.0,,25,0
2556.6,17:03:26,9251436485,1093130765,4666428,9828,6495111,0,172,0,17,1,-38.0,65.0,72.2,57,0,3.6,49.0,,26,0
2557.6,17:03:27,9255936329,1093141373,4499844,10608,6498045,0,172,0,17,1,-40.0,65.0,72.2,71,0,2.0,48.0,,25,0
2558.6,17:03:28,9260489241,1093151591,4552912,10218,6501013,0,172,0,17,1,-39.0,72.2,72.2,64,0,2.3,48.0,,26,0
2559.6,17:03:29,9265393749,1093163953,4904508,12362,6504224,0,172,0,17,1,-40.0,72.2,72.2,65,0,2.3,48.0,,26,0
2560.6,17:03:30,9269908311,1093175197,4514562,11244,6507167,0,172,0,17,1,-39.0,65.0,72.2,62,0,2.4,48.0,,25,0
2561.7,17:03:31,9274593651,1093188147,4685340,12950,6510223,0,172,0,17,1,-41.0,72.2,72.2,80,0,2.1,48.0,,26,0
2562.7,17:03:32,9279695735,1093199403,5102084,11256,6513549,0,172,0,17,1,-41.0,65.0,72.2,52,0,2.5,49.0,,26,0
2563.7,17:03:33,9284541641,1093209393,4845906,9990,6516708,0,172,0,17,1,-40.0,72.2,72.2,52,0,2.1,48.0,,25,0
2564.7,17:03:34,9289327721,1093220325,4786080,10932,6519828,0,172,0,17,1,-40.0,72.2,72.2,61,0,2.0,49.0,,26,0
2565.7,17:03:35,9293817739,1093230801,4490018,10476,6522755,0,172,0,17,1,-45.0,58.5,72.2,76,0,2.3,49.0,,25,0
2566.7,17:03:36,9298347641,1093240803,4529902,10002,6525708,0,172,0,17,1,-45.0,65.0,72.2,67,0,2.1,49.0,,26,0
2567.7,17:03:37,9302854533,1093251225,4506892,10422,6528646,0,172,0,17,1,-38.0,65.0,72.2,54,0,1.9,48.0,,26,0
2568.7,17:03:38,9307415115,1093261119,4560582,9894,6531619,0,172,0,17,1,-40.0,58.5,72.2,56,0,1.9,49.0,,26,0
2569.8,17:03:39,9312424247,1093272027,5009132,10908,6534885,0,172,0,17,1,-38.0,65.0,72.2,50,0,2.0,49.0,,25,0
2570.8,17:03:40,9317159902,1093282473,4735655,10446,6537973,0,172,0,17,1,-38.0,65.0,72.2,68,0,2.1,49.0,,26,0
2571.8,17:03:41,9321458940,1093299235,4299038,16762,6540780,0,172,0,17,1,-49.0,72.2,72.2,77,0,2.1,48.0,,26,0
2572.8,17:03:42,9325835442,1093310877,4376502,11642,6543633,0,172,0,17,1,-42.0,72.2,72.2,60,0,2.3,48.0,,26,0
2573.8,17:03:43,9330554026,1093322765,4718584,11888,6546709,0,172,0,17,1,-40.0,65.0,72.2,59,0,2.5,48.0,,26,0
2574.8,17:03:44,9335298688,1093333397,4744662,10632,6549802,0,172,0,17,1,-41.0,72.2,72.2,52,0,2.3,49.0,,26,0
2575.8,17:03:45,9339936044,1093345597,4637356,12200,6552826,0,172,0,17,1,-40.0,72.2,72.2,64,0,2.5,48.0,,26,0
2576.8,17:03:46,9344596336,1093356193,4660292,10596,6555864,0,172,0,17,1,-40.0,65.0,72.2,65,0,2.4,49.0,,26,0
2577.8,17:03:47,9349517408,1093366411,4921072,10218,6559072,0,172,0,17,1,-40.0,72.2,72.2,61,0,2.0,48.0,,25,0
2578.9,17:03:48,9354374052,1093377787,4856644,11376,6562238,0,172,0,17,1,-39.0,72.2,72.2,63,0,2.6,48.0,,26,0
2579.9,17:03:49,9358626300,1093387399,4252248,9612,6565010,0,172,0,17,1,-40.0,72.2,72.2,84,0,1.9,48.0,,25,0
2580.9,17:03:50,9363475274,1093397833,4848974,10434,6568171,0,172,0,17,1,-40.0,72.2,72.2,72,0,2.4,48.0,,26,0
2581.9,17:03:51,9367962224,1093411399,4486950,13566,6571096,0,172,0,17,1,-39.0,72.2,72.2,71,0,2.1,49.0,,26,0
2582.9,17:03:52,9372771314,1093421023,4809090,9624,6574231,0,172,0,17,1,-41.0,65.0,65.0,64,0,2.3,49.0,,26,0
2583.9,17:03:53,9377264400,1093431199,4493086,10176,6577160,0,172,0,17,1,-40.0,72.2,72.2,72,0,2.0,48.0,,25,0
2584.9,17:03:54,9382131782,1093441459,4867382,10260,6580333,0,172,0,17,1,-40.0,72.2,72.2,62,0,1.6,48.0,,26,0
2585.9,17:03:55,9387150118,1093452877,5018336,11418,6583605,0,172,0,17,1,-41.0,65.0,72.2,55,0,2.3,48.0,,25,0
2586.9,17:03:56,9391959208,1093463875,4809090,10998,6586740,0,172,0,17,1,-40.0,65.0,72.2,65,0,2.1,49.0,,26,0
2588.0,17:03:57,9396725346,1093473931,4766138,10056,6589847,0,172,0,17,1,-42.0,65.0,72.2,60,0,2.1,48.0,,25,0
2589.0,17:03:58,9401316608,1093484191,4591262,10260,6592840,0,172,0,17,1,-40.0,58.5,72.2,57,0,2.4,48.0,,26,0
2590.0,17:03:59,9405981148,1093495739,4664540,11548,6595892,0,172,0,17,1,-40.0,65.0,72.2,55,0,2.3,49.0,,26,0
2591.0,17:04:00,9410893016,1093505999,4911868,10260,6599094,0,172,0,17,1,-41.0,72.2,72.2,43,0,2.3,48.0,,26,0
2592.0,17:04:01,9415525696,1093518809,4632680,12810,6602114,0,172,0,17,1,-40.0,65.0,72.2,54,0,2.1,48.0,,25,0
2593.0,17:04:02,9420672888,1093530377,5147192,11568,6605470,0,172,0,17,1,-41.0,72.2,72.2,53,0,2.1,48.0,,26,0
2594.0,17:04:03,9425437492,1093545077,4764604,14700,6608620,0,172,0,17,1,-40.0,65.0,72.2,59,0,2.1,49.0,,25,0
2595.0,17:04:04,9430541184,1093557757,5103692,12680,6611904,0,172,0,17,1,-40.0,72.2,72.2,67,0,1.9,48.0,,26,0
2596.1,17:04:05,9435594180,1093570227,5052996,12470,6615198,0,172,0,17,1,-40.0,72.2,72.2,58,0,2.6,49.0,,26,0
2597.1,17:04:06,9440248336,1093579917,4654156,9690,6618232,0,172,0,17,1,-40.0,72.2,72.2,58,0,2.3,48.0,,26,0
2598.1,17:04:07,9445486946,1093592507,5238610,12590,6621647,0,172,0,17,1,-42.0,72.2,72.2,60,0,1.9,49.0,,25,0
2599.1,17:04:08,9450909636,1093603697,5422690,11190,6625182,0,172,0,17,1,-41.0,72.2,72.2,47,0,2.4,49.0,,26,0
2600.1,17:04:09,9455747872,1093614983,4838236,11286,6628336,0,172,0,17,1,-43.0,72.2,72.2,46,0,2.4,49.0,,25,0
2601.1,17:04:10,9460700219,1093625615,4952347,10632,6631566,0,172,0,17,1,-42.0,65.0,72.2,53,0,2.1,51.0,,26,0
2602.1,17:04:11,9465153421,1093637909,4453202,12294,6634469,0,172,0,17,1,-43.0,65.0,72.2,53,0,2.5,49.0,,27,0
2603.1,17:04:12,9469999327,1093648343,4845906,10434,6637628,0,172,0,17,1,-41.0,72.2,72.2,62,0,2.1,48.0,,26,0
2604.1,17:04:13,9474948011,1093658573,4948684,10230,6640854,0,172,0,17,1,-40.0,72.2,72.2,52,0,2.4,48.0,,26,0
2605.2,17:04:14,9480003489,1093669753,5055478,11180,6644152,0,172,0,17,1,-41.0,65.0,72.2,49,0,2.4,49.0,,26,0
2606.2,17:04:15,9484660713,1093680673,4657224,10920,6647188,0,172,0,17,1,-41.0,65.0,72.2,80,0,2.3,49.0,,25,0
2607.2,17:04:16,9487490943,1093687507,2830230,6834,6649033,0,172,0,17,1,-42.0,72.2,72.2,47,0,1.9,50.0,,26,0
2608.2,17:04:17,9490627973,1093696519,3137030,9012,6651078,0,172,0,17,1,-43.0,72.2,72.2,66,0,2.1,49.0,,26,0
2609.2,17:04:18,9495219235,1093707409,4591262,10890,6654071,0,172,0,17,1,-40.0,72.2,72.2,60,0,2.0,50.0,,26,0
2610.2,17:04:19,9500143375,1093719721,4924140,12312,6657281,0,172,0,17,1,-42.0,72.2,72.2,59,0,1.9,50.0,,26,0
2611.2,17:04:20,9505447947,1093733761,5304572,14040,6660739,0,172,0,17,1,-40.0,52.0,72.2,66,0,2.4,49.0,,26,0
2612.2,17:04:21,9508978303,1093745017,3530356,11256,6663041,0,172,0,17,1,-41.0,65.0,72.2,43,0,1.8,48.0,,25,0
2613.3,17:04:23,9513908579,1093756585,4930276,11568,6666255,0,172,0,17,1,-42.0,72.2,72.2,65,0,2.1,49.0,,26,0
2614.3,17:04:24,9518294907,1093767127,4386328,10542,6669116,0,172,0,17,1,-41.0,65.0,72.2,63,0,2.1,49.0,,25,0
2615.3,17:04:25,9523329495,1093778629,5034588,11502,6672397,0,172,0,17,1,-43.0,72.2,72.2,58,0,2.4,49.0,,26,0
2616.3,17:04:26,9528083983,1093789693,4754488,11064,6675497,0,172,0,17,1,-40.0,58.5,72.2,70,0,2.0,49.0,,25,0
2617.3,17:04:27,9532616953,1093799803,4532970,10110,6678452,0,172,0,17,1,-41.0,65.0,72.2,66,0,2.1,48.0,,26,0
2618.3,17:04:28,9537341673,1093810711,4724720,10908,6681532,0,172,0,17,1,-42.0,65.0,72.2,73,0,2.1,48.0,,26,0
2619.3,17:04:29,9542236667,1093822375,4894994,11664,6684723,0,172,0,17,1,-42.0,65.0,72.2,66,0,2.1,48.0,,26,0
2620.3,17:04:30,9547172725,1093834745,4936058,12370,6687952,0,172,0,17,1,-41.0,72.2,72.2,59,0,2.3,48.0,,26,0
2621.3,17:04:31,9551905115,1093845449,4732390,10704,6691037,0,172,0,17,1,-41.0,72.2,72.2,74,0,2.4,49.0,,26,0
2622.4,17:04:32,9556141149,1093863027,4236034,17578,6693800,0,172,0,17,1,-42.0,65.0,72.2,102,0,2.1,49.0,,25,0
2623.4,17:04:33,9561384361,1093878121,5243212,15094,6697218,0,172,0,17,1,-41.0,72.2,72.2,63,0,1.9,48.0,,26,0
2624.4,17:04:34,9566601495,1093891587,5217134,13466,6700619,0,172,0,17,1,-41.0,65.0,72.2,61,0,2.1,50.0,,25,0
2625.4,17:04:35,9571297069,1093902237,4695574,10650,6703680,0,172,0,17,1,-42.0,65.0,72.2,53,0,2.1,48.0,,26,0
2626.4,17:04:36,9576092353,1093914353,4795284,12116,6706806,0,172,0,17,1,-41.0,72.2,72.2,45,0,2.0,48.0,,26,0
2627.4,17:04:37,9580919851,1093924073,4827498,9720,6709953,0,172,0,17,1,-41.0,65.0,72.2,53,0,2.5,48.0,,25,0
2628.4,17:04:38,9585899215,1093934615,4979364,10542,6713199,0,172,0,17,1,-43.0,65.0,72.2,55,0,2.3,48.0,,26,0
2629.4,17:04:39,9590956887,1093946507,5057672,11892,6716497,0,172,0,17,1,-42.0,65.0,72.2,53,0,2.5,48.0,,26,0
2630.5,17:04:40,9595971243,1093958033,5014356,11526,6719767,0,172,0,17,1,-42.0,65.0,72.2,61,0,2.3,49.0,,25,0
2631.5,17:04:41,9601136221,1093968239,5164978,10206,6723134,0,172,0,17,1,-41.0,72.2,72.2,53,0,2.1,48.0,,26,0
2632.5,17:04:42,9605589894,1093985473,4453673,17234,6726039,0,172,0,17,1,-41.0,72.2,72.2,68,0,2.3,49.0,,26,0
2633.5,17:04:43,9610542268,1093997871,4952374,12398,6729268,0,172,0,17,1,-40.0,65.0,72.2,62,0,2.0,48.0,,26,0
2634.5,17:04:44,9615280794,1094009489,4738526,11618,6732357,0,172,0,17,1,-41.0,72.2,72.2,55,0,2.3,48.0,,25,0
2635.5,17:04:45,9619811940,1094019569,4531146,10080,6735312,0,172,0,17,1,-42.0,72.2,72.2,49,0,2.9,49.0,,26,0
2636.5,17:04:46,9624683012,1094031307,4871072,11738,6738488,0,172,0,17,1,-42.0,65.0,72.2,64,0,2.3,48.0,,26,0
2637.5,17:04:47,9629345460,1094041537,4662448,10230,6741528,0,172,0,17,1,-41.0,72.2,72.2,65,0,2.1,48.0,,25,0
2638.5,17:04:48,9634261930,1094052511,4916470,10974,6744733,0,172,0,17,1,-41.0,65.0,72.2,54,0,2.3,49.0,,26,0
2639.6,17:04:49,9639416170,1094064199,5154240,11688,6748093,0,172,0,17,1,-41.0,72.2,72.2,53,0,2.0,48.0,,25,0
2640.6,17:04:50,9643873974,1094074363,4457804,10164,6750999,0,172,0,17,1,-41.0,72.2,72.2,63,0,1.8,49.0,,26,0
2641.6,17:04:51,9648627840,1094085217,4753866,10854,6754099,0,172,0,17,1,-41.0,65.0,72.2,69,0,2.3,49.0,,26,0
2642.6,17:04:52,9653221258,1094098717,4593418,13500,6757095,0,172,0,17,1,-40.0,72.2,72.2,72,0,2.0,49.0,,25,0
2643.6,17:04:53,9658231302,1094110783,5010044,12066,6760359,0,172,0,17,1,-41.0,72.2,72.2,67,0,2.3,49.0,,26,0
2644.6,17:04:54,9663621778,1094123089,5390476,12306,6763873,0,172,0,17,1,-42.0,65.0,72.2,56,0,2.0,48.0,,25,0
2645.6,17:04:55,9668591938,1094133739,4970160,10650,6767113,0,172,0,17,1,-44.0,65.0,72.2,56,0,2.4,49.0,,26,0
2646.6,17:04:56,9673639420,1094144725,5047482,10986,6770404,0,172,0,17,1,-42.0,72.2,72.2,61,0,2.3,49.0,,25,0
2647.6,17:04:57,9678476744,1094156533,4837324,11808,6773558,0,172,0,17,1,-41.0,72.2,72.2,78,0,2.3,48.0,,26,0
2648.7,17:04:58,9683157600,1094167561,4680856,11028,6776610,0,172,0,17,1,-42.0,65.0,72.2,70,0,2.1,49.0,,25,0
2649.7,17:04:59,9687544840,1094177929,4387240,10368,6779470,0,172,0,17,1,-42.0,72.2,72.2,75,0,2.0,49.0,,26,0
2650.7,17:05:00,9692168036,1094190083,4623196,12154,6782496,0,172,0,17,1,-40.0,72.2,72.2,85,0,2.4,48.0,,25,0
2651.7,17:05:01,9697127458,1094200895,4959422,10812,6785729,0,172,0,17,1,-41.0,65.0,72.2,63,0,2.1,48.0,,26,0
2652.7,17:05:02,9701522368,1094211317,4394910,10422,6788596,0,172,0,17,1,-40.0,72.2,72.2,61,0,2.4,50.0,,26,0
2653.7,17:05:03,9706092154,1094224247,4569786,12930,6791573,0,172,0,17,1,-40.0,57.8,72.2,68,0,2.0,49.0,,25,0
2654.7,17:05:04,9710798466,1094234813,4706312,10566,6794641,0,172,0,17,1,-39.0,65.0,72.2,58,0,1.9,48.0,,26,0
2655.7,17:05:05,9715502332,1094245895,4703866,11082,6797708,0,172,0,17,1,-40.0,65.0,72.2,65,0,2.0,49.0,,25,0
2656.8,17:05:06,9720266936,1094255585,4764604,9690,6800814,0,172,0,17,1,-40.0,72.2,72.2,68,0,2.3,48.0,,26,0
2657.8,17:05:07,9725096590,1094265857,4829654,10272,6803963,0,172,0,17,1,-40.0,72.2,72.2,65,0,2.5,50.0,,26,0
2658.8,17:05:08,9730187936,1094277491,5091346,11634,6807282,0,172,0,17,1,-40.0,65.0,72.2,48,0,2.1,49.0,,25,0
2659.8,17:05:09,9734961744,1094287925,4773808,10434,6810394,0,172,0,17,1,-41.0,72.2,72.2,61,0,2.0,49.0,,26,0
2660.8,17:05:10,9740057692,1094298425,5095948,10500,6813716,0,172,0,17,1,-40.0,65.0,72.2,39,0,2.9,48.0,,25,0
2661.8,17:05:11,9745308574,1094310317,5250882,11892,6817139,0,172,0,17,1,-40.0,72.2,72.2,57,0,2.3,48.0,,26,0
2662.8,17:05:12,9750191296,1094320847,4882722,10530,6820322,0,172,0,17,1,-40.0,65.0,72.2,55,0,2.4,47.0,,25,0
2663.8,17:05:13,9754454282,1094333591,4262986,12744,6823101,0,172,0,17,1,-41.0,65.0,72.2,64,0,2.5,48.0,,26,0
2664.9,17:05:14,9759685222,1094345075,5230940,11484,6826511,0,172,0,17,1,-41.0,72.2,72.2,48,0,2.1,48.0,,25,0
2665.9,17:05:15,9764770432,1094356127,5085210,11052,6829826,0,172,0,17,1,-41.0,65.0,72.2,53,0,2.3,48.0,,26,0
2666.9,17:05:16,9769563270,1094366819,4792838,10692,6832951,0,172,0,17,1,-41.0,72.2,72.2,57,0,2.1,50.0,,25,0
2667.9,17:05:17,9774504284,1094377223,4941014,10404,6836172,0,172,0,17,1,-41.0,72.2,72.2,49,0,2.4,48.0,,26,0
2668.9,17:05:18,9779644718,1094388641,5140434,11418,6839523,0,172,0,17,1,-42.0,72.2,72.2,56,0,2.4,49.0,,25,0
2669.9,17:05:19,9784382332,1094399615,4737614,10974,6842612,0,172,0,17,1,-44.0,58.5,72.2,58,0,1.9,49.0,,26,0
2670.9,17:05:20,9789257384,1094410415,4875052,10800,6845790,0,172,0,17,1,-42.0,65.0,72.2,65,0,2.1,49.0,,26,0
2671.9,17:05:21,9794135504,1094421467,4878120,11052,6848970,0,172,0,17,1,-42.0,72.2,72.2,56,0,2.0,48.0,,26,0
2673.0,17:05:22,9798751310,1094431349,4615806,9882,6851979,0,172,0,17,1,-42.0,72.2,72.2,65,0,2.1,49.0,,25,0
2674.0,17:05:23,9802799536,1094443121,4048226,11772,6854618,0,172,0,17,1,-42.0,72.2,72.2,74,0,2.0,48.0,,26,0
2675.0,17:05:24,9807650044,1094453975,4850508,10854,6857780,0,172,0,17,1,-41.0,72.2,72.2,61,0,2.3,48.0,,26,0
2676.0,17:05:25,9812603404,1094465381,4953360,11406,6861010,0,172,0,17,1,-41.0,72.2,72.2,63,0,2.3,48.0,,25,0
2677.0,17:05:26,9817403290,1094476085,4799886,10704,6864139,0,172,0,17,1,-41.0,72.2,72.2,69,0,2.3,49.0,,26,0
2678.0,17:05:27,9822121584,1094486723,4718294,10638,6867216,0,172,0,17,1,-41.0,72.2,150.0,73,0,2.1,49.0,,26,0
2679.0,17:05:28,9826800284,1094497319,4678700,10596,6870266,0,172,0,17,1,-40.0,65.0,72.2,71,0,2.0,48.0,,25,0
2680.0,17:05:29,9831669200,1094507993,4868916,10674,6873440,0,172,0,17,1,-39.0,65.0,72.2,61,0,2.1,48.0,,26,0
2681.1,17:05:30,9836387549,1094519774,4718349,11781,6876528,0,172,0,17,1,-39.0,65.0,72.2,70,0,2.3,48.0,,26,0
2682.1,17:05:31,9840802401,1094529872,4414852,10098,6879406,0,172,0,17,1,-40.0,72.2,72.2,73,0,2.4,48.0,,26,0
2683.1,17:05:32,9845054649,1094540306,4252248,10434,6882178,0,172,0,17,1,-38.0,65.0,72.2,68,0,1.9,48.0,,25,0
2684.1,17:05:33,9849404161,1094552456,4349512,12150,6885014,0,172,0,17,1,-39.0,72.2,72.2,75,0,2.1,49.0,,26,0
2685.1,17:05:34,9854311427,1094563202,4907266,10746,6888213,0,172,0,17,1,-40.0,72.2,72.2,66,0,1.9,48.0,,25,0
2686.1,17:05:35,9859269315,1094573864,4957888,10662,6891445,0,172,0,17,1,-40.0,72.2,72.2,65,0,2.3,49.0,,26,0
2687.1,17:05:36,9863659884,1094584380,4390569,10516,6894308,0,172,0,17,1,-39.0,72.2,72.2,61,0,2.0,49.0,,25,0
2688.1,17:05:37,9868295632,1094595204,4635748,10824,6897331,0,172,0,17,1,-40.0,65.0,72.2,63,0,2.1,49.0,,26,0
2689.2,17:05:38,9872442656,1094605002,4147024,9798,6900034,0,172,0,17,1,-40.0,65.0,72.2,71,0,2.1,48.0,,26,0
2690.2,17:05:39,9877151746,1094615190,4709090,10188,6903105,0,172,0,17,1,-40.0,65.0,72.2,70,0,2.1,49.0,,25,0
2691.2,17:05:40,9881332518,1094625894,4180772,10704,6905831,0,172,0,17,1,-39.0,65.0,72.2,75,0,2.4,48.0,,26,0
2692.2,17:05:41,9886066558,1094641080,4734040,15186,6908921,0,172,0,17,1,-39.0,72.2,72.2,69,0,2.4,48.0,,25,0
2693.2,17:05:42,9891246876,1094652390,5180318,11310,6912298,0,172,0,17,1,-40.0,72.2,72.2,49,0,2.3,48.0,,26,0
2694.2,17:05:43,9895273626,1094664498,4026750,12108,6914923,0,172,0,17,1,-39.0,65.0,72.2,95,0,2.4,49.0,,25,0
2695.2,17:05:44,9899871024,1094675082,4597398,10584,6917920,0,172,0,17,1,-39.0,72.2,72.2,67,0,2.5,48.0,,25,0
2696.2,17:05:45,9904310420,1094685396,4439396,10314,6920814,0,172,0,17,1,-40.0,72.2,72.2,87,0,2.3,48.0,,26,0
2697.3,17:05:47,9909199352,1094696142,4888932,10746,6924002,0,172,0,17,1,-40.0,72.2,72.2,76,0,2.4,48.0,,26,0
2698.3,17:05:48,9913999238,1094707158,4799886,11016,6927131,0,172,0,17,1,-39.0,72.2,72.2,83,0,1.8,48.0,,25,0
2699.3,17:05:49,9918897300,1094718336,4898062,11178,6930324,0,172,0,17,1,-39.0,72.2,72.2,69,0,1.5,48.0,,26,0
2700.3,17:05:50,9924180396,1094731080,5283096,12744,6933768,0,172,0,17,1,-40.0,72.2,72.2,63,0,2.4,48.0,,25,0
2701.3,17:05:51,9929253334,1094743524,5072938,12444,6937075,0,172,0,17,1,-39.0,72.2,72.2,62,0,2.4,48.0,,26,0
2702.3,17:05:52,9934467400,1094755806,5214066,12282,6940474,0,172,0,17,1,-39.0,65.0,72.2,70,0,2.1,49.0,,26,0
2703.3,17:05:53,9939390080,1094767254,4922680,11448,6943684,0,172,0,17,1,-39.0,65.0,72.2,65,0,2.3,48.0,,26,0
2704.3,17:05:54,9944041168,1094781078,4651088,13824,6946716,0,172,0,17,1,-39.0,72.2,72.2,57,0,2.3,48.0,,25,0
2705.3,17:05:55,9949005192,1094791500,4964024,10422,6949952,0,172,0,17,1,-40.0,72.2,72.2,47,0,2.1,49.0,,26,0
2706.3,17:05:56,9953923196,1094801760,4918004,10260,6953158,0,172,0,17,1,-39.0,72.2,72.2,67,0,2.0,48.0,,26,0
2707.4,17:05:57,9955561886,1094805672,1638690,3912,6954229,0,172,0,17,1,-39.0,72.2,72.2,20,0,2.1,48.0,,26,0
2708.4,17:05:58,9955562408,1094806036,522,364,6954231,0,172,0,17,1,-39.0,72.2,72.2,0,0,1.5,49.0,,26,0
2709.4,17:05:59,9955562408,1094806102,0,66,6954231,0,172,0,17,1,-39.0,72.2,72.2,0,0,1.5,49.0,,26,0
2710.4,17:06:00,9955562408,1094806320,0,218,6954231,0,172,0,17,1,-38.0,72.2,72.2,0,0,1.7,48.0,,25,0
2711.4,17:06:01,9955563975,1094807556,1567,1236,6954244,0,172,0,17,1,-39.0,72.2,72.2,1,0,1.5,48.0,,26,0
2712.4,17:06:02,9955563975,1094807688,0,132,6954244,0,172,0,17,1,-39.0,72.2,72.2,0,0,1.6,47.0,,25,0
2713.4,17:06:03,9955563975,1094807688,0,0,6954244,0,172,0,17,1,-39.0,72.2,72.2,0,0,1.5,48.0,,26,0
2714.4,17:06:04,9955563975,1094807952,0,264,6954244,0,172,0,17,1,-39.0,72.2,72.2,0,0,1.6,47.0,,25,0
2715.5,17:06:05,9955563975,1094808018,0,66,6954244,0,172,0,17,1,-38.0,72.2,72.2,0,0,1.4,48.0,,26,0
2716.5,17:06:06,9955563975,1094808018,0,0,6954244,0,172,0,17,1,-38.0,72.2,72.2,0,0,1.6,48.0,,25,0
2717.5,17:06:07,9955563975,1094808150,0,132,6954244,0,172,0,17,1,-39.0,72.2,65.0,0,0,2.0,48.0,,26,0
2718.5,17:06:08,9955564037,1094808324,62,174,6954245,0,172,0,17,1,-39.0,72.2,65.0,0,0,1.6,48.0,,26,0
2719.5,17:06:09,9955564037,1094808324,0,0,6954245,0,172,0,17,1,-39.0,72.2,65.0,0,0,1.2,48.0,,25,0
2720.5,17:06:10,9955564037,1094808456,0,132,6954245,0,172,0,17,1,-38.0,72.2,72.2,0,0,1.9,48.0,,26,0
2721.5,17:06:11,9955564037,1094808456,0,0,6954245,0,172,0,17,1,-38.0,72.2,72.2,0,0,1.9,47.0,,26,0
2722.5,17:06:12,9955564037,1094808588,0,132,6954245,0,172,0,17,1,-38.0,72.2,72.2,0,0,1.7,48.0,,26,0
2723.5,17:06:13,9955564037,1094808654,0,66,6954245,0,172,0,17,1,-39.0,72.2,72.2,0,0,1.4,49.0,,26,0
2724.6,17:06:14,9955564037,1094808786,0,132,6954245,0,172,0,17,1,-39.0,72.2,150.0,0,0,1.4,51.0,,25,0
2725.6,17:06:15,9955564099,1094808960,62,174,6954246,0,172,0,17,1,-39.0,72.2,150.0,0,0,1.4,48.0,,26,0
2726.6,17:06:16,9955564099,1094808960,0,0,6954246,0,172,0,17,1,-39.0,72.2,150.0,0,0,1.6,48.0,,26,0
2727.6,17:06:17,9955564099,1094809092,0,132,6954246,0,172,0,17,1,-39.0,72.2,65.0,0,0,1.4,47.0,,25,0
2728.6,17:06:18,9955564099,1094809224,0,132,6954246,0,172,0,17,1,-38.0,72.2,72.2,0,0,1.6,47.0,,26,0
2729.6,17:06:19,9955564099,1094809356,0,132,6954246,0,172,0,17,1,-39.0,72.2,72.2,0,0,1.4,47.0,,25,0
2730.6,17:06:20,9955564099,1094809356,0,0,6954246,0,172,0,17,1,-39.0,72.2,72.2,0,0,1.7,47.0,,26,0
2731.6,17:06:21,9955564099,1094809620,0,264,6954246,0,172,0,17,1,-39.0,72.2,72.2,0,0,1.7,48.0,,25,0
2732.6,17:06:22,9955564161,1094809794,62,174,6954247,0,172,0,17,1,-39.0,72.2,65.0,0,0,1.5,47.0,,25,0
2733.7,17:06:23,9955564161,1094809794,0,0,6954247,0,172,0,17,1,-39.0,72.2,65.0,0,0,1.5,47.0,,26,0
2734.7,17:06:24,9955564161,1094809992,0,198,6954247,0,172,0,17,1,-39.0,72.2,72.2,0,0,1.6,48.0,,26,0
2735.7,17:06:25,9955564161,1094810058,0,66,6954247,0,172,0,17,1,-38.0,72.2,72.2,0,0,1.7,48.0,,26,0
2736.7,17:06:26,9955564161,1094810058,0,0,6954247,0,172,0,17,1,-38.0,72.2,72.2,0,0,1.6,47.0,,26,0
2737.7,17:06:27,9955564161,1094810058,0,0,6954247,0,172,0,17,1,-38.0,72.2,72.2,0,0,1.5,47.0,,26,0
2738.7,17:06:28,9955564504,1094810273,343,215,6954248,0,172,0,17,1,-38.0,72.2,72.2,0,0,1.7,48.0,,26,0
2739.7,17:06:29,9955564566,1094810447,62,174,6954249,0,172,0,17,1,-38.0,72.2,65.0,0,0,1.4,48.0,,25,0
2740.7,17:06:30,9955564566,1094810447,0,0,6954249,0,172,0,17,1,-38.0,72.2,65.0,0,0,1.6,47.0,,26,0
2741.8,17:06:31,9955565746,1094811531,1180,1084,6954261,0,172,0,17,1,-38.0,72.2,135.0,0,0,1.6,48.0,,26,0
2742.8,17:06:32,9955565746,1094811597,0,66,6954261,0,172,0,17,1,-39.0,72.2,72.2,0,0,1.5,47.0,,25,0
2743.8,17:06:33,9955565746,1094811663,0,66,6954261,0,172,0,17,1,-39.0,72.2,72.2,0,0,1.7,48.0,,26,0
2744.8,17:06:34,9955565746,1094811663,0,0,6954261,0,172,0,17,1,-39.0,72.2,72.2,0,0,1.5,48.0,,26,0
2745.8,17:06:35,9955565746,1094811795,0,132,6954261,0,172,0,17,1,-38.0,72.2,65.0,0,0,1.5,47.0,,26,0
2746.8,17:06:36,9955565746,1094811927,0,132,6954261,0,172,0,17,1,-38.0,72.2,72.2,0,0,1.6,47.0,,26,0
2747.8,17:06:37,9955565746,1094811927,0,0,6954261,0,172,0,17,1,-38.0,72.2,72.2,0,0,1.5,47.0,,26,0
2748.8,17:06:38,9955565746,1094812125,0,198,6954261,0,172,0,17,1,-39.0,72.2,72.2,0,0,1.2,48.0,,25,0
2749.9,17:06:39,9955565746,1094812257,0,132,6954261,0,172,0,17,1,-38.0,72.2,72.2,0,0,1.5,47.0,,26,0
2750.9,17:06:40,9955565746,1094812323,0,66,6954261,0,172,0,17,1,-39.0,72.2,72.2,0,0,1.4,47.0,,25,0
2751.9,17:06:41,9955565746,1094812389,0,66,6954261,0,172,0,17,1,-39.0,72.2,72.2,0,0,1.4,47.0,,26,0
2752.9,17:06:42,9955565746,1094812587,0,198,6954261,0,172,0,17,1,-39.0,72.2,72.2,0,0,1.6,48.0,,26,0
2753.9,17:06:43,9955565808,1094812761,62,174,6954262,0,172,0,17,1,-38.0,72.2,135.0,0,0,1.4,48.0,,26,0
2754.9,17:06:44,9955565808,1094812761,0,0,6954262,0,172,0,17,1,-38.0,72.2,135.0,0,0,2.0,47.0,,26,0
2755.9,17:06:45,9955565808,1094812959,0,198,6954262,0,172,0,17,1,-40.0,72.2,72.2,0,0,1.2,47.0,,25,0
2756.9,17:06:46,9955565808,1094813025,0,66,6954262,0,172,0,17,1,-39.0,72.2,72.2,0,0,1.4,48.0,,26,0
2757.9,17:06:47,9955565808,1094813025,0,0,6954262,0,172,0,17,1,-39.0,72.2,72.2,0,0,1.7,47.0,,25,0
2759.0,17:06:48,9955565808,1094813025,0,0,6954262,0,172,0,17,1,-39.0,72.2,72.2,0,0,1.4,48.0,,26,0
2760.0,17:06:49,9955565808,1094813157,0,132,6954262,0,172,0,17,1,-39.0,72.2,72.2,0,0,1.5,48.0,,25,0
2761.0,17:06:50,9955565870,1094813331,62,174,6954263,0,172,0,17,1,-39.0,72.2,65.0,0,0,1.9,47.0,,26,0
2762.0,17:06:51,9955565870,1094813331,0,0,6954263,0,172,0,17,1,-39.0,72.2,65.0,0,0,1.4,47.0,,25,0
2763.0,17:06:52,9955565870,1094813463,0,132,6954263,0,172,0,17,1,-39.0,72.2,135.0,0,0,1.6,47.0,,26,0
2764.0,17:06:53,9955565870,1094813595,0,132,6954263,0,172,0,17,1,-38.0,72.2,72.2,0,0,1.5,47.0,,25,0
2765.0,17:06:54,9955565870,1094813595,0,0,6954263,0,172,0,17,1,-38.0,72.2,72.2,0,0,1.6,48.0,,26,0
2766.0,17:06:55,9955565870,1094813595,0,0,6954263,0,172,0,17,1,-38.0,72.2,72.2,0,0,1.6,47.0,,26,0
2767.0,17:06:56,9955565870,1094813727,0,132,6954263,0,172,0,17,1,-39.0,72.2,72.2,0,0,1.6,48.0,,26,0
2768.1,17:06:57,9955565932,1094813901,62,174,6954264,0,172,0,17,1,-38.0,72.2,72.2,0,0,1.5,48.0,,26,0
2769.1,17:06:58,9955565932,1094813901,0,0,6954264,0,172,0,17,1,-38.0,72.2,72.2,0,0,1.5,47.0,,25,0
2770.1,17:06:59,9955565932,1094814165,0,264,6954264,0,172,0,17,1,-39.0,72.2,72.2,0,0,1.9,47.0,,26,0
2771.1,17:07:00,9955565932,1094814297,0,132,6954264,0,172,0,17,1,-38.0,72.2,72.2,0,0,1.6,47.0,,26,0
2772.1,17:07:01,9955567112,1094815249,1180,952,6954276,0,172,0,17,1,-38.0,72.2,72.2,1,0,1.6,47.0,,25,0
2773.1,17:07:02,9955567112,1094815381,0,132,6954276,0,172,0,17,1,-38.0,72.2,72.2,0,0,1.7,48.0,,26,0
2774.1,17:07:03,9955567112,1094815513,0,132,6954276,0,172,0,17,1,-38.0,72.2,72.2,0,0,1.7,47.0,,26,0
2775.1,17:07:04,9955567112,1094815645,0,132,6954276,0,172,0,17,1,-38.0,72.2,72.2,0,0,1.9,47.0,,26,0
2776.2,17:07:05,9955567112,1094815645,0,0,6954276,0,172,0,17,1,-38.0,72.2,72.2,0,0,1.5,47.0,,26,0
2777.2,17:07:06,9955567112,1094815909,0,264,6954276,0,172,0,17,1,-39.0,72.2,72.2,0,0,1.6,47.0,,25,0
2778.2,17:07:07,9955567112,1094815909,0,0,6954276,0,172,0,17,1,-39.0,72.2,72.2,0,0,1.5,48.0,,26,0
2779.2,17:07:08,9955567112,1094815909,0,0,6954276,0,172,0,17,1,-39.0,72.2,72.2,0,0,1.5,47.0,,26,0
2780.2,17:07:09,9955567174,1094815951,62,42,6954277,0,172,0,17,1,-39.0,72.2,72.2,0,0,1.6,48.0,,26,0
2781.2,17:07:10,9955567174,1094816083,0,132,6954277,0,172,0,17,1,-39.0,72.2,65.0,0,0,2.0,47.0,,25,0
2782.2,17:07:11,9955567174,1094816215,0,132,6954277,0,172,0,17,1,-39.0,72.2,72.2,0,0,1.5,48.0,,26,0
2783.2,17:07:12,9955567174,1094816215,0,0,6954277,0,172,0,17,1,-39.0,72.2,72.2,0,0,1.5,49.0,,25,0
2784.3,17:07:14,9955567174,1094816347,0,132,6954277,0,172,0,17,1,-39.0,72.2,72.2,0,0,1.7,47.0,,26,0
2785.3,17:07:15,9955567174,1094816479,0,132,6954277,0,172,0,17,1,-39.0,72.2,72.2,0,0,2.0,47.0,,26,0
2786.3,17:07:16,9955567174,1094816479,0,0,6954277,0,172,0,17,1,-39.0,72.2,72.2,0,0,1.9,47.0,,25,0
2787.3,17:07:17,9955567236,1094816521,62,42,6954278,0,172,0,17,1,-39.0,72.2,72.2,0,0,1.5,48.0,,26,0
2788.3,17:07:18,9955567236,1094816653,0,132,6954278,0,172,0,17,1,-38.0,72.2,72.2,0,0,1.6,47.0,,25,0
2789.3,17:07:19,9955567236,1094816785,0,132,6954278,0,172,0,17,1,-39.0,72.2,65.0,0,0,1.6,47.0,,26,0
2790.3,17:07:20,9955567236,1094816785,0,0,6954278,0,172,0,17,1,-39.0,72.2,65.0,0,0,1.2,47.0,,26,0
2791.3,17:07:21,9955567236,1094817049,0,264,6954278,0,172,0,17,1,-39.0,72.2,72.2,0,0,1.6,47.0,,26,0
2792.3,17:07:22,9955567236,1094817181,0,132,6954278,0,172,0,17,1,-38.0,72.2,72.2,0,0,1.5,47.0,,25,0
2793.4,17:07:23,9955567236,1094817181,0,0,6954278,0,172,0,17,1,-38.0,72.2,72.2,0,0,1.7,47.0,,26,0
2794.4,17:07:24,9955567236,1094817313,0,132,6954278,0,172,0,17,1,-38.0,72.2,72.2,0,0,1.6,47.0,,25,0
2795.4,17:07:25,9955567236,1094817379,0,66,6954278,0,172,0,17,1,-38.0,72.2,72.2,0,0,1.6,47.0,,26,0
2796.4,17:07:26,9955567298,1094817487,62,108,6954279,0,172,0,17,1,-38.0,72.2,72.2,1,0,1.7,48.0,,26,0
2797.4,17:07:27,9955567298,1094817487,0,0,6954279,0,172,0,17,1,-38.0,72.2,72.2,0,0,1.5,48.0,,25,0
2798.4,17:07:28,9955567298,1094817685,0,198,6954279,0,172,0,17,1,-39.0,72.2,72.2,0,0,1.5,47.0,,26,0
2799.4,17:07:29,9955567298,1094817685,0,0,6954279,0,172,0,17,1,-39.0,72.2,72.2,0,0,1.5,47.0,,25,0
2800.4,17:07:30,9955567298,1094817685,0,0,6954279,0,172,0,17,1,-39.0,72.2,72.2,0,0,1.6,47.0,,26,0
2801.5,17:07:31,9955567298,1094817751,0,66,6954279,0,172,0,17,1,-39.0,72.2,72.2,0,0,1.5,47.0,,26,0
2802.5,17:07:32,9955568478,1094818835,1180,1084,6954291,0,172,0,17,1,-39.0,72.2,72.2,0,0,1.6,47.0,,26,0
2803.5,17:07:33,9955568478,1094818901,0,66,6954291,0,172,0,17,1,-38.0,72.2,72.2,0,0,1.4,47.0,,25,0
2804.5,17:07:34,9955568478,1094818967,0,66,6954291,0,172,0,17,1,-38.0,72.2,72.2,0,0,1.6,47.0,,26,0
2805.5,17:07:35,9955568478,1094819033,0,66,6954291,0,172,0,17,1,-38.0,72.2,72.2,0,0,1.6,47.0,,25,0
2806.5,17:07:36,9955568478,1094819165,0,132,6954291,0,172,0,17,1,-38.0,72.2,72.2,0,0,1.4,47.0,,26,0
2807.5,17:07:37,9955568540,1094819207,62,42,6954292,0,172,0,17,1,-38.0,72.2,72.2,0,0,1.7,47.0,,25,0
2808.5,17:07:38,9955568540,1094819273,0,66,6954292,0,172,0,17,1,-38.0,72.2,72.2,0,0,1.6,47.0,,26,0
2809.6,17:07:39,9955568540,1094819273,0,0,6954292,0,172,0,17,1,-38.0,72.2,72.2,0,0,2.0,47.0,,26,0
2810.6,17:07:40,9955568540,1094819273,0,0,6954292,0,172,0,17,1,-38.0,72.2,72.2,0,0,1.6,47.0,,25,0
2811.6,17:07:41,9955568540,1094819273,0,0,6954292,0,172,0,17,1,-38.0,72.2,72.2,0,0,1.9,48.0,,26,0
2812.6,17:07:42,9955568540,1094819273,0,0,6954292,0,172,0,17,1,-38.0,72.2,72.2,0,0,1.4,47.0,,26,0
2813.6,17:07:43,9955568540,1094819273,0,0,6954292,0,172,0,17,1,-38.0,72.2,72.2,0,0,1.2,47.0,,26,0
2814.6,17:07:44,9955568540,1094819273,0,0,6954292,0,172,0,17,1,-38.0,72.2,72.2,0,0,1.4,47.0,,26,0
2815.6,17:07:45,9955568540,1094819273,0,0,6954292,0,172,0,17,1,-38.0,72.2,72.2,0,0,2.0,48.0,,26,0
2816.6,17:07:46,9955568540,1094819339,0,66,6954292,0,172,0,17,1,-39.0,72.2,72.2,0,0,1.5,47.0,,26,0
2817.6,17:07:47,9955568540,1094819339,0,0,6954292,0,172,0,17,1,-39.0,72.2,72.2,0,0,1.5,47.0,,26,0
2818.7,17:07:48,9955568540,1094819339,0,0,6954292,0,172,0,17,1,-39.0,72.2,72.2,0,0,1.6,47.0,,26,0
2819.7,17:07:49,9955568540,1094819339,0,0,6954292,0,172,0,17,1,-39.0,72.2,72.2,0,0,2.0,47.0,,26,0
2820.7,17:07:50,9955568540,1094819339,0,0,6954292,0,172,0,17,1,-39.0,72.2,72.2,0,0,1.4,47.0,,26,0
2821.7,17:07:51,9955568540,1094819339,0,0,6954292,0,172,0,17,1,-39.0,72.2,72.2,0,0,1.9,48.0,,26,0
2822.7,17:07:52,9955568540,1094819405,0,66,6954292,0,172,0,17,1,-40.0,72.2,72.2,0,0,1.5,47.0,,26,0
2823.7,17:07:53,9955568540,1094819471,0,66,6954292,0,172,0,17,1,-39.0,72.2,72.2,0,0,1.7,47.0,,26,0
2824.7,17:07:54,9955568540,1094819471,0,0,6954292,0,172,0,17,1,-39.0,72.2,72.2,0,0,1.6,47.0,,26,0
2825.7,17:07:55,9955568540,1094819537,0,66,6954292,0,172,0,17,1,-39.0,72.2,72.2,0,0,1.6,47.0,,25,0
2826.8,17:07:56,9955568540,1094819537,0,0,6954292,0,172,0,17,1,-39.0,72.2,72.2,0,0,1.9,48.0,,26,0
2827.8,17:07:57,9955568540,1094819537,0,0,6954292,0,172,0,17,1,-39.0,72.2,72.2,0,0,1.6,47.0,,25,0
2828.8,17:07:58,9955568540,1094819537,0,0,6954292,0,172,0,17,1,-39.0,72.2,72.2,0,0,1.5,47.0,,25,0
2829.8,17:07:59,9955568540,1094819603,0,66,6954292,0,172,0,17,1,-39.0,72.2,72.2,0,0,1.4,47.0,,26,0
2830.8,17:08:00,9955568602,1094819645,62,42,6954293,0,172,0,17,1,-39.0,72.2,72.2,0,0,1.6,47.0,,26,0
2831.8,17:08:01,9955568602,1094819645,0,0,6954293,0,172,0,17,1,-39.0,72.2,72.2,0,0,1.5,47.0,,26,0
2832.8,17:08:02,9955569782,1094820597,1180,952,6954305,0,172,0,17,1,-40.0,72.2,72.2,1,0,1.5,47.0,,26,0
2833.8,17:08:03,9955569782,1094820597,0,0,6954305,0,172,0,17,1,-40.0,72.2,72.2,0,0,2.0,48.0,,26,0
2834.8,17:08:04,9955569782,1094820597,0,0,6954305,0,172,0,17,1,-40.0,72.2,72.2,0,0,1.6,47.0,,26,0
2835.9,17:08:05,9955569782,1094820597,0,0,6954305,0,172,0,17,1,-40.0,72.2,72.2,0,0,1.5,47.0,,26,0
2836.9,17:08:06,9955569782,1094820597,0,0,6954305,0,172,0,17,1,-40.0,72.2,72.2,0,0,1.6,47.0,,26,0
2837.9,17:08:07,9955569782,1094820663,0,66,6954305,0,172,0,17,1,-39.0,72.2,72.2,0,0,1.5,47.0,,26,0
2838.9,17:08:08,9955569782,1094820663,0,0,6954305,0,172,0,17,1,-39.0,72.2,72.2,0,0,1.5,47.0,,26,0
2839.9,17:08:09,9955569782,1094820663,0,0,6954305,0,172,0,17,1,-39.0,72.2,72.2,0,0,1.7,47.0,,25,0
2840.9,17:08:10,9955569782,1094820663,0,0,6954305,0,172,0,17,1,-39.0,72.2,72.2,0,0,3.0,50.0,,26,0
2841.9,17:08:11,9955569782,1094820663,0,0,6954305,0,172,0,17,1,-39.0,72.2,72.2,0,0,2.7,47.0,,25,0
2842.9,17:08:12,9955569782,1094820663,0,0,6954305,0,172,0,17,1,-39.0,72.2,72.2,0,0,9.2,47.0,,26,0
2844.0,17:08:13,9955569782,1094820663,0,0,6954305,0,172,0,17,1,-39.0,72.2,72.2,0,0,2.4,47.0,,26,0
2845.0,17:08:14,9955569782,1094820663,0,0,6954305,0,172,0,17,1,-39.0,72.2,72.2,0,0,3.0,47.0,,26,0
2846.0,17:08:15,9955569782,1094820663,0,0,6954305,0,172,0,17,1,-39.0,72.2,72.2,0,0,2.1,47.0,,26,0
2847.0,17:08:16,9955569782,1094820663,0,0,6954305,0,172,0,17,1,-39.0,72.2,72.2,0,0,2.9,48.0,,26,0
2848.0,17:08:17,9955569782,1094820663,0,0,6954305,0,172,0,17,1,-39.0,72.2,72.2,0,0,3.4,47.0,,26,0
2849.0,17:08:18,9955569782,1094820663,0,0,6954305,0,172,0,17,1,-39.0,72.2,72.2,0,0,3.9,48.0,,26,0
2850.0,17:08:19,9955569782,1094820663,0,0,6954305,0,172,0,17,1,-39.0,72.2,72.2,0,0,6.4,48.0,,26,0
2851.0,17:08:20,9955569782,1094820663,0,0,6954305,0,172,0,17,1,-39.0,72.2,72.2,0,0,17.7,49.0,,26,0
2852.0,17:08:21,9955569782,1094820663,0,0,6954305,0,172,0,17,1,-39.0,72.2,72.2,0,0,1.9,48.0,,27,0
2853.1,17:08:22,9955569782,1094820663,0,0,6954305,0,172,0,17,1,-39.0,72.2,72.2,0,0,2.2,47.0,,26,0
2854.1,17:08:23,9955569782,1094820663,0,0,6954305,0,172,0,17,1,-39.0,72.2,72.2,0,0,1.7,47.0,,25,0
2855.1,17:08:24,9955569782,1094820663,0,0,6954305,0,172,0,17,1,-39.0,72.2,72.2,0,0,1.7,48.0,,26,0
2856.1,17:08:25,9955569782,1094820663,0,0,6954305,0,172,0,17,1,-39.0,72.2,72.2,0,0,5.3,48.0,,26,0
2857.1,17:08:26,9955569782,1094820663,0,0,6954305,0,172,0,17,1,-39.0,72.2,72.2,0,0,5.6,48.0,,26,0
2858.1,17:08:27,9955569782,1094820663,0,0,6954305,0,172,0,17,1,-39.0,72.2,72.2,0,0,7.3,49.0,,26,0
2859.1,17:08:28,9955569782,1094820663,0,0,6954305,0,172,0,17,1,-39.0,72.2,72.2,0,0,1.4,47.0,,26,0
2860.1,17:08:29,9955569782,1094820663,0,0,6954305,0,172,0,17,1,-39.0,72.2,72.2,0,0,4.5,47.0,,26,0
2861.1,17:08:30,9955569782,1094820663,0,0,6954305,0,172,0,17,1,-39.0,72.2,72.2,0,0,3.0,48.0,,26,0
2862.2,17:08:31,9955569782,1094820663,0,0,6954305,0,172,0,17,1,-39.0,72.2,72.2,0,0,2.2,48.0,,26,0
2863.2,17:08:32,9955570962,1094821615,1180,952,6954317,0,172,0,17,1,-41.0,72.2,72.2,1,0,1.7,48.0,,25,0
2864.2,17:08:33,9955570962,1094821615,0,0,6954317,0,172,0,17,1,-41.0,72.2,72.2,0,0,1.9,48.0,,26,0
2865.2,17:08:34,9955570962,1094821615,0,0,6954317,0,172,0,17,1,-41.0,72.2,72.2,0,0,2.2,48.0,,25,0
2866.2,17:08:35,9955570962,1094821615,0,0,6954317,0,172,0,17,1,-41.0,72.2,72.2,0,0,3.7,48.0,,26,0
2867.2,17:08:36,9955570962,1094821615,0,0,6954317,0,172,0,17,1,-41.0,72.2,72.2,0,0,1.5,47.0,,25,0
2868.2,17:08:37,9955570962,1094821615,0,0,6954317,0,172,0,17,1,-41.0,72.2,72.2,0,0,2.5,47.0,,26,0
2869.2,17:08:38,9955570962,1094821615,0,0,6954317,0,172,0,17,1,-41.0,72.2,72.2,0,0,1.6,48.0,,26,0
2870.3,17:08:40,9955570962,1094821615,0,0,6954317,0,172,0,17,1,-41.0,72.2,72.2,0,0,4.6,47.0,,26,0
2871.3,17:08:41,9955570962,1094821615,0,0,6954317,0,172,0,17,1,-41.0,72.2,72.2,0,0,1.1,47.0,,26,0
2872.3,17:08:42,9955570962,1094821615,0,0,6954317,0,172,0,17,1,-41.0,72.2,72.2,0,0,2.2,48.0,,26,0
2873.3,17:08:43,9955570962,1094821615,0,0,6954317,0,172,0,17,1,-41.0,72.2,72.2,0,0,2.0,47.0,,26,0
2874.3,17:08:44,9955570962,1094821615,0,0,6954317,0,172,0,17,1,-41.0,72.2,72.2,0,0,1.5,47.0,,25,0
2875.3,17:08:45,9955570962,1094821615,0,0,6954317,0,172,0,17,1,-41.0,72.2,72.2,0,0,3.0,47.0,,26,0
2876.3,17:08:46,9955570962,1094821615,0,0,6954317,0,172,0,17,1,-41.0,72.2,72.2,0,0,1.5,47.0,,25,0
2877.3,17:08:47,9955570962,1094821615,0,0,6954317,0,172,0,17,1,-41.0,72.2,72.2,0,0,3.6,47.0,,26,0
2878.3,17:08:48,9955570962,1094821615,0,0,6954317,0,172,0,17,1,-41.0,72.2,72.2,0,0,2.7,48.0,,25,0
2879.4,17:08:49,9955570962,1094821615,0,0,6954317,0,172,0,17,1,-41.0,72.2,72.2,0,0,1.4,47.0,,26,0
2880.4,17:08:50,9955570962,1094821615,0,0,6954317,0,172,0,17,1,-41.0,72.2,72.2,0,0,1.7,48.0,,25,0
2881.4,17:08:51,9955570962,1094821615,0,0,6954317,0,172,0,17,1,-41.0,72.2,72.2,0,0,1.6,47.0,,26,0
2882.4,17:08:52,9955570962,1094821615,0,0,6954317,0,172,0,17,1,-41.0,72.2,72.2,0,0,1.5,47.0,,26,0
2883.4,17:08:53,9955570962,1094821615,0,0,6954317,0,172,0,17,1,-41.0,72.2,72.2,0,0,1.6,48.0,,26,0
2884.4,17:08:54,9955570962,1094821615,0,0,6954317,0,172,0,17,1,-41.0,72.2,72.2,0,0,4.1,48.0,,26,0
2885.4,17:08:55,9955570962,1094821615,0,0,6954317,0,172,0,17,1,-41.0,72.2,72.2,0,0,4.3,48.0,,26,0
2886.4,17:08:56,9955570962,1094821615,0,0,6954317,0,172,0,17,1,-41.0,72.2,72.2,0,0,1.7,48.0,,25,0
2887.5,17:08:57,9955570962,1094821615,0,0,6954317,0,172,0,17,1,-41.0,72.2,72.2,0,0,2.2,47.0,,26,0
2888.5,17:08:58,9955570962,1094821615,0,0,6954317,0,172,0,17,1,-40.0,72.2,72.2,0,0,3.1,47.0,,26,0
2889.5,17:08:59,9955570962,1094821615,0,0,6954317,0,172,0,17,1,-40.0,72.2,72.2,0,0,1.7,48.0,,26,0
2890.5,17:09:00,9955570962,1094821615,0,0,6954317,0,172,0,17,1,-40.0,72.2,72.2,0,0,1.9,48.0,,26,0
2891.5,17:09:01,9955570962,1094821615,0,0,6954317,0,172,0,17,1,-40.0,72.2,72.2,0,0,1.5,47.0,,26,0
2892.5,17:09:02,9955570962,1094821615,0,0,6954317,0,172,0,17,1,-40.0,72.2,72.2,0,0,3.2,48.0,,25,0
2893.5,17:09:03,9955572142,1094822567,1180,952,6954329,0,172,0,17,1,-41.0,72.2,72.2,1,0,1.7,47.0,,25,0
2894.5,17:09:04,9955572142,1094822567,0,0,6954329,0,172,0,17,1,-41.0,72.2,72.2,0,0,2.0,49.0,,26,0
2895.5,17:09:05,9955572142,1094822567,0,0,6954329,0,172,0,17,1,-41.0,72.2,72.2,0,0,1.4,48.0,,25,0
2896.6,17:09:06,9955572142,1094822567,0,0,6954329,0,172,0,17,1,-41.0,72.2,72.2,0,0,1.2,48.0,,26,0
2897.6,17:09:07,9955572142,1094822567,0,0,6954329,0,172,0,17,1,-41.0,72.2,72.2,0,0,1.5,48.0,,26,0
2898.6,17:09:08,9955572142,1094822567,0,0,6954329,0,172,0,17,1,-41.0,72.2,72.2,0,0,1.5,47.0,,26,0
2899.6,17:09:09,9955572142,1094822567,0,0,6954329,0,172,0,17,1,-41.0,72.2,72.2,0,0,1.6,47.0,,26,0
2900.6,17:09:10,9955572142,1094822567,0,0,6954329,0,172,0,17,1,-41.0,72.2,72.2,0,0,4.5,48.0,,26,0
2901.6,17:09:11,9955572932,1094822861,790,294,6954331,0,172,0,17,1,-41.0,72.2,72.2,0,0,3.0,47.0,,26,0
2902.6,17:09:12,9955572932,1094822993,0,132,6954331,0,172,0,17,1,-40.0,72.2,72.2,0,0,3.1,47.0,,26,0
2903.6,17:09:13,9955572932,1094822993,0,0,6954331,0,172,0,17,1,-40.0,72.2,72.2,0,0,4.0,47.0,,25,0
2904.7,17:09:14,9955572932,1094823125,0,132,6954331,0,172,0,17,1,-40.0,72.2,72.2,0,0,2.2,48.0,,26,0
2905.7,17:09:15,9955572932,1094823125,0,0,6954331,0,172,0,17,1,-40.0,72.2,72.2,0,0,1.7,48.0,,26,0
2906.7,17:09:16,9955572932,1094823125,0,0,6954331,0,172,0,17,1,-40.0,72.2,72.2,0,0,1.6,47.0,,26,0
2907.7,17:09:17,9955572994,1094823167,62,42,6954332,0,172,0,17,1,-41.0,72.2,72.2,0,0,1.5,47.0,,26,0
2908.7,17:09:18,9955574697,1094824717,1703,1550,6954347,0,172,0,17,1,-40.0,72.2,72.2,0,0,1.6,48.0,,26,0
2909.7,17:09:19,9955574697,1094824717,0,0,6954347,0,172,0,17,1,-40.0,72.2,72.2,0,0,1.5,47.0,,25,0
2910.7,17:09:20,9955574697,1094824717,0,0,6954347,0,172,0,17,1,-40.0,72.2,72.2,0,0,1.5,47.0,,26,0
2911.7,17:09:21,9955574697,1094824717,0,0,6954347,0,172,0,17,1,-40.0,72.2,72.2,0,0,2.0,47.0,,25,0
2912.8,17:09:22,9955574697,1094824717,0,0,6954347,0,172,0,17,1,-40.0,72.2,72.2,0,0,3.0,47.0,,26,0
2913.8,17:09:23,9955574697,1094824717,0,0,6954347,0,172,0,17,1,-40.0,72.2,72.2,0,0,4.7,47.0,,25,0
2914.8,17:09:24,9955574697,1094824717,0,0,6954347,0,172,0,17,1,-40.0,72.2,72.2,0,0,4.7,47.0,,26,0
2915.8,17:09:25,9955574697,1094824717,0,0,6954347,0,172,0,17,1,-40.0,72.2,72.2,0,0,2.0,47.0,,26,0
2916.8,17:09:26,9955574697,1094824849,0,132,6954347,0,172,0,17,1,-41.0,72.2,72.2,0,0,1.6,48.0,,26,0
2917.8,17:09:27,9955574697,1094824849,0,0,6954347,0,172,0,17,1,-41.0,72.2,72.2,0,0,5.6,48.0,,25,0
2918.8,17:09:28,9955574697,1094824849,0,0,6954347,0,172,0,17,1,-41.0,72.2,72.2,0,0,1.5,47.0,,26,0
2919.8,17:09:29,9955574697,1094824849,0,0,6954347,0,172,0,17,1,-41.0,72.2,72.2,0,0,1.6,48.0,,26,0
2920.8,17:09:30,9955574697,1094824849,0,0,6954347,0,172,0,17,1,-41.0,72.2,72.2,0,0,1.5,47.0,,26,0
2921.9,17:09:31,9955574697,1094824849,0,0,6954347,0,172,0,17,1,-41.0,72.2,72.2,0,0,1.6,47.0,,26,0
2922.9,17:09:32,9955574697,1094824981,0,132,6954347,0,172,0,17,1,-41.0,72.2,72.2,0,0,2.6,47.0,,26,0
2923.9,17:09:33,9955575877,1094826011,1180,1030,6954359,0,172,0,17,1,-41.0,72.2,72.2,3,0,1.9,48.0,,26,0
2924.9,17:09:34,9955575877,1094826011,0,0,6954359,0,172,0,17,1,-41.0,72.2,72.2,0,0,2.4,47.0,,26,0
2925.9,17:09:35,9955575877,1094826143,0,132,6954359,0,172,0,17,1,-41.0,72.2,72.2,0,0,2.6,48.0,,26,0
2926.9,17:09:36,9955575877,1094826143,0,0,6954359,0,172,0,17,1,-41.0,72.2,72.2,0,0,4.4,47.0,,26,0
2927.9,17:09:37,9955575877,1094826143,0,0,6954359,0,172,0,17,1,-41.0,72.2,72.2,0,0,1.1,47.0,,26,0
2928.9,17:09:38,9955575877,1094826143,0,0,6954359,0,172,0,17,1,-41.0,72.2,72.2,0,0,1.4,47.0,,26,0
2930.0,17:09:39,9955575877,1094826275,0,132,6954359,0,172,0,17,1,-40.0,72.2,72.2,0,0,2.5,47.0,,26,0
2931.0,17:09:40,9955575877,1094826275,0,0,6954359,0,172,0,17,1,-40.0,72.2,72.2,0,0,1.5,48.0,,26,0
2932.0,17:09:41,9955575877,1094826275,0,0,6954359,0,172,0,17,1,-40.0,72.2,72.2,0,0,1.6,47.0,,26,0
2933.0,17:09:42,9955575877,1094826275,0,0,6954359,0,172,0,17,1,-40.0,72.2,72.2,0,0,1.6,48.0,,26,0
2934.0,17:09:43,9955575877,1094826275,0,0,6954359,0,172,0,17,1,-40.0,72.2,72.2,0,0,4.2,47.0,,25,0
2935.0,17:09:44,9955575877,1094826275,0,0,6954359,0,172,0,17,1,-40.0,72.2,72.2,0,0,3.9,47.0,,26,0
2936.0,17:09:45,9955575877,1094826275,0,0,6954359,0,172,0,17,1,-40.0,72.2,72.2,0,0,2.0,47.0,,26,0
2937.0,17:09:46,9955575877,1094826275,0,0,6954359,0,172,0,17,1,-40.0,72.2,72.2,0,0,1.4,47.0,,25,0
2938.0,17:09:47,9955575877,1094826407,0,132,6954359,0,172,0,17,1,-40.0,72.2,72.2,0,0,3.9,48.0,,26,0
2939.1,17:09:48,9955575877,1094826407,0,0,6954359,0,172,0,17,1,-40.0,72.2,72.2,0,0,4.0,47.0,,26,0
2940.1,17:09:49,9955575877,1094826407,0,0,6954359,0,172,0,17,1,-40.0,72.2,72.2,0,0,1.5,48.0,,26,0
2941.1,17:09:50,9955575877,1094826407,0,0,6954359,0,172,0,17,1,-40.0,72.2,72.2,0,0,3.0,47.0,,26,0
2942.1,17:09:51,9955575877,1094826407,0,0,6954359,0,172,0,17,1,-40.0,72.2,72.2,0,0,3.2,47.0,,26,0
2943.1,17:09:52,9955575877,1094826407,0,0,6954359,0,172,0,17,1,-40.0,72.2,72.2,0,0,3.2,47.0,,26,0
2944.1,17:09:53,9955575877,1094826539,0,132,6954359,0,172,0,17,1,-40.0,72.2,72.2,0,0,1.7,47.0,,26,0
2945.1,17:09:54,9955575877,1094826671,0,132,6954359,0,172,0,17,1,-40.0,72.2,72.2,0,0,2.5,47.0,,26,0
2946.1,17:09:55,9955575877,1094826671,0,0,6954359,0,172,0,17,1,-40.0,72.2,72.2,0,0,4.7,47.0,,26,0
2947.2,17:09:56,9955575877,1094826803,0,132,6954359,0,172,0,17,1,-40.0,72.2,72.2,0,0,1.5,47.0,,26,0
2948.2,17:09:57,9955575877,1094826803,0,0,6954359,0,172,0,17,1,-40.0,72.2,72.2,0,0,1.5,47.0,,26,0
2949.2,17:09:58,9955575939,1094826845,62,42,6954360,0,172,0,17,1,-40.0,72.2,72.2,0,0,1.5,49.0,,26,0
2950.2,17:09:59,9955575939,1094826911,0,66,6954360,0,172,0,17,1,-40.0,72.2,72.2,0,0,1.5,47.0,,26,0
2951.2,17:10:00,9955575939,1094826977,0,66,6954360,0,172,0,17,1,-40.0,72.2,72.2,0,0,2.2,47.0,,26,0
2952.2,17:10:01,9955575939,1094826977,0,0,6954360,0,172,0,17,1,-40.0,72.2,72.2,0,0,4.0,48.0,,26,0
2953.2,17:10:02,9955576599,1094832421,660,5444,6954362,0,172,0,17,1,-40.0,72.2,72.2,0,0,12.3,48.0,,26,0
2954.2,17:10:03,9955577779,1094833505,1180,1084,6954374,0,172,0,17,1,-40.0,72.2,72.2,0,0,3.1,48.0,,26,0
2955.2,17:10:04,9955577779,1094834797,0,1292,6954374,0,172,0,17,1,-40.0,72.2,72.2,0,0,3.6,48.0,,25,0
2956.3,17:10:06,9955577779,1094834929,0,132,6954374,0,172,0,17,1,-40.0,72.2,72.2,0,0,1.6,48.0,,26,0
2957.3,17:10:07,9955577779,1094836221,0,1292,6954374,0,172,0,17,1,-40.0,72.2,72.2,0,0,4.8,47.0,,26,0
2958.3,17:10:08,9955577779,1094836287,0,66,6954374,0,172,0,17,1,-40.0,72.2,72.2,0,0,5.3,49.0,,25,0
2959.3,17:10:09,9955577779,1094836353,0,66,6954374,0,172,0,17,1,-40.0,72.2,72.2,0,0,6.0,47.0,,26,0
2960.3,17:10:10,9955577841,1094836527,62,174,6954375,0,172,0,17,1,-40.0,72.2,72.2,0,0,2.2,47.0,,26,0
2961.3,17:10:11,9955577841,1094836527,0,0,6954375,0,172,0,17,1,-40.0,72.2,72.2,0,0,2.0,48.0,,25,0
2962.3,17:10:12,9955577841,1094836527,0,0,6954375,0,172,0,17,1,-40.0,72.2,72.2,0,0,3.1,49.0,,26,0
2963.3,17:10:13,9955577841,1094836527,0,0,6954375,0,172,0,17,1,-40.0,72.2,72.2,0,0,2.4,47.0,,26,0
2964.4,17:10:14,9955577841,1094836593,0,66,6954375,0,172,0,17,1,-40.0,72.2,72.2,0,0,2.0,49.0,,26,0
2965.4,17:10:15,9955577841,1094836725,0,132,6954375,0,172,0,17,1,-40.0,72.2,72.2,0,0,2.2,47.0,,26,0
2966.4,17:10:16,9955577841,1094836791,0,66,6954375,0,172,0,17,1,-40.0,72.2,72.2,0,0,2.0,47.0,,26,0
2967.4,17:10:17,9955577841,1094836857,0,66,6954375,0,172,0,17,1,-40.0,72.2,72.2,0,0,2.1,47.0,,26,0
2968.4,17:10:18,9955577841,1094837055,0,198,6954375,0,172,0,17,1,-40.0,72.2,72.2,0,0,1.9,47.0,,26,0
2969.4,17:10:19,9955577841,1094837055,0,0,6954375,0,172,0,17,1,-40.0,72.2,72.2,0,0,2.2,47.0,,26,0
2970.4,17:10:20,9955577903,1094837097,62,42,6954376,0,172,0,17,1,-40.0,72.2,72.2,0,0,2.1,48.0,,26,0
2971.4,17:10:21,9955577903,1094837163,0,66,6954376,0,172,0,17,1,-40.0,72.2,72.2,0,0,2.0,47.0,,25,0
2972.5,17:10:22,9955577903,1094837229,0,66,6954376,0,172,0,17,1,-40.0,72.2,72.2,0,0,2.0,48.0,,25,0
2973.5,17:10:23,9955577903,1094837229,0,0,6954376,0,172,0,17,1,-40.0,72.2,72.2,0,0,2.2,48.0,,26,0
2974.5,17:10:24,9955577903,1094837361,0,132,6954376,0,172,0,17,1,-40.0,72.2,72.2,0,0,3.6,47.0,,25,0
2975.5,17:10:25,9955577903,1094837493,0,132,6954376,0,172,0,17,1,-40.0,72.2,72.2,0,0,16.7,56.0,,25,0
2976.5,17:10:26,9955577903,1094837493,0,0,6954376,0,172,0,17,1,-40.0,72.2,72.2,0,0,13.5,56.0,,26,0
2977.5,17:10:27,9955577903,1094837625,0,132,6954376,0,172,0,17,1,-40.0,72.2,72.2,0,0,13.6,56.0,,27,0
2978.5,17:10:28,9955577903,1094837625,0,0,6954376,0,172,0,17,1,-40.0,72.2,72.2,0,0,13.6,53.0,,28,0
2979.5,17:10:29,9955577903,1094837757,0,132,6954376,0,172,0,17,1,-40.0,72.2,72.2,0,0,13.7,54.0,,30,0
2980.5,17:10:30,9955577965,1094837799,62,42,6954377,0,172,0,17,1,-41.0,72.2,72.2,0,0,13.7,54.0,,30,0
2981.5,17:10:31,9955577965,1094837931,0,132,6954377,0,172,0,17,1,-40.0,72.2,72.2,0,0,13.8,53.0,,29,0
2982.5,17:10:32,9955577965,1094837931,0,0,6954377,0,172,0,17,1,-40.0,72.2,72.2,0,0,13.7,54.0,,30,0
2983.5,17:10:33,9955577965,1094837931,0,0,6954377,0,172,0,17,1,-40.0,72.2,72.2,0,0,13.4,55.0,,31,0
2984.5,17:10:34,9955579145,1094838883,1180,952,6954389,0,172,0,17,1,-40.0,72.2,72.2,0,0,14.2,55.0,,31,0
2985.6,17:10:35,9955579145,1094838883,0,0,6954389,0,172,0,17,1,-40.0,72.2,72.2,0,0,13.4,56.0,,31,0
2986.6,17:10:36,9955579145,1094838883,0,0,6954389,0,172,0,17,1,-40.0,72.2,72.2,0,0,14.0,54.0,,32,0
2987.6,17:10:37,9955579145,1094838883,0,0,6954389,0,172,0,17,1,-40.0,72.2,72.2,0,0,13.6,56.0,,32,0
2988.6,17:10:38,9955579145,1094838883,0,0,6954389,0,172,0,17,1,-40.0,72.2,72.2,0,0,13.7,56.0,,32,0
2989.6,17:10:39,9955579145,1094839015,0,132,6954389,0,172,0,17,1,-40.0,72.2,72.2,0,0,13.3,57.0,,32,0
2990.6,17:10:40,9955579145,1094839015,0,0,6954389,0,172,0,17,1,-40.0,72.2,72.2,0,0,13.2,58.0,,32,0
2991.6,17:10:41,9955579145,1094839015,0,0,6954389,0,172,0,17,1,-40.0,72.2,72.2,0,0,13.4,57.0,,32,0
2992.6,17:10:42,9955579145,1094839015,0,0,6954389,0,172,0,17,1,-40.0,72.2,72.2,0,0,13.7,58.0,,32,0
2993.6,17:10:43,9955579145,1094839015,0,0,6954389,0,172,0,17,1,-40.0,72.2,72.2,0,0,13.6,57.0,,33,0
2994.6,17:10:44,9955579145,1094839015,0,0,6954389,0,172,0,17,1,-40.0,72.2,72.2,0,0,14.1,56.0,,34,0
2995.6,17:10:45,9955579145,1094839147,0,132,6954389,0,172,0,17,1,-40.0,72.2,72.2,0,0,14.0,57.0,,33,0
2996.6,17:10:46,9955579145,1094839279,0,132,6954389,0,172,0,17,1,-39.0,72.2,72.2,0,0,13.8,56.0,,34,0
2997.6,17:10:47,9955579145,1094839279,0,0,6954389,0,172,0,17,1,-39.0,72.2,72.2,0,0,14.0,57.0,,34,0
2998.6,17:10:48,9955579145,1094839411,0,132,6954389,0,172,0,17,1,-40.0,72.2,72.2,0,0,13.6,57.0,,34,0
2999.7,17:10:49,9955579145,1094839411,0,0,6954389,0,172,0,17,1,-40.0,72.2,72.2,0,0,14.1,57.0,,33,0
3000.7,17:10:50,9955579145,1094839411,0,0,6954389,0,172,0,17,1,-40.0,72.2,72.2,0,0,13.6,56.0,,34,0
3001.7,17:10:51,9955579207,1094839453,62,42,6954390,0,172,0,17,1,-40.0,72.2,72.2,0,0,13.6,57.0,,33,0
3002.7,17:10:52,9955579207,1094839585,0,132,6954390,0,172,0,17,1,-39.0,72.2,72.2,0,0,13.6,57.0,,33,0
3003.7,17:10:53,9955579207,1094839585,0,0,6954390,0,172,0,17,1,-39.0,72.2,72.2,0,0,13.4,57.0,,34,0
3004.7,17:10:54,9955579207,1094839585,0,0,6954390,0,172,0,17,1,-39.0,72.2,72.2,0,0,13.4,57.0,,33,0
3005.7,17:10:55,9955579207,1094839585,0,0,6954390,0,172,0,17,1,-39.0,72.2,72.2,0,0,13.6,59.0,,34,0
3006.7,17:10:56,9955579207,1094839585,0,0,6954390,0,172,0,17,1,-39.0,72.2,72.2,0,0,13.6,56.0,,34,0
3007.7,17:10:57,9955579207,1094839585,0,0,6954390,0,172,0,17,1,-39.0,72.2,72.2,0,0,13.9,57.0,,34,0
3008.7,17:10:58,9955579207,1094839585,0,0,6954390,0,172,0,17,1,-39.0,72.2,72.2,0,0,13.6,58.0,,33,0
3009.7,17:10:59,9955579207,1094839585,0,0,6954390,0,172,0,17,1,-39.0,72.2,72.2,0,0,13.9,58.0,,34,0
3010.7,17:11:00,9955579207,1094839717,0,132,6954390,0,172,0,17,1,-39.0,72.2,72.2,0,0,13.8,58.0,,34,0
3011.7,17:11:01,9955579207,1094839717,0,0,6954390,0,172,0,17,1,-39.0,72.2,72.2,0,0,13.4,58.0,,34,0
3012.7,17:11:02,9955579207,1094839717,0,0,6954390,0,172,0,17,1,-39.0,72.2,72.2,0,0,13.6,58.0,,35,0
3013.8,17:11:03,9955579207,1094839717,0,0,6954390,0,172,0,17,1,-39.0,72.2,72.2,0,0,13.5,58.0,,35,0
3014.8,17:11:04,9955580387,1094840669,1180,952,6954402,0,172,0,17,1,-40.0,72.2,72.2,0,0,13.7,59.0,,35,0
3015.8,17:11:05,9955580387,1094840669,0,0,6954402,0,172,0,17,1,-40.0,72.2,72.2,0,0,13.6,58.0,,35,0
3016.8,17:11:06,9955580387,1094840801,0,132,6954402,0,172,0,17,1,-39.0,72.2,72.2,0,0,13.6,58.0,,35,0
3017.8,17:11:07,9955580387,1094840933,0,132,6954402,0,172,0,17,1,-40.0,72.2,72.2,0,0,14.1,58.0,,36,0
3018.8,17:11:08,9955580387,1094840933,0,0,6954402,0,172,0,17,1,-40.0,72.2,72.2,0,0,13.6,58.0,,35,0
3019.8,17:11:09,9955580387,1094841065,0,132,6954402,0,172,0,17,1,-40.0,72.2,72.2,0,0,13.4,58.0,,34,0
3020.8,17:11:10,9955580387,1094841065,0,0,6954402,0,172,0,17,1,-40.0,72.2,72.2,0,0,13.8,59.0,,35,0
3021.8,17:11:11,9955580387,1094841065,0,0,6954402,0,172,0,17,1,-40.0,72.2,72.2,0,0,13.8,59.0,,36,0
3022.8,17:11:12,9955580449,1094841173,62,108,6954403,0,172,0,17,1,-40.0,72.2,72.2,0,0,13.5,57.0,,35,0
3023.8,17:11:13,9955580449,1094841239,0,66,6954403,0,172,0,17,1,-40.0,72.2,72.2,0,0,2.2,56.0,,36,0
3024.8,17:11:14,9955580449,1094841239,0,0,6954403,0,172,0,17,1,-40.0,72.2,72.2,0,0,5.4,54.0,,35,0
3025.9,17:11:15,9955580449,1094841239,0,0,6954403,0,172,0,17,1,-40.0,72.2,72.2,0,0,2.1,54.0,,33,0
3026.9,17:11:16,9955580449,1094841239,0,0,6954403,0,172,0,17,1,-40.0,72.2,72.2,0,0,1.4,53.0,,32,0
3027.9,17:11:17,9955580449,1094841239,0,0,6954403,0,172,0,17,1,-40.0,72.2,72.2,0,0,1.9,52.0,,31,0
3028.9,17:11:18,9955580449,1094841239,0,0,6954403,0,172,0,17,1,-40.0,72.2,72.2,0,0,1.4,53.0,,30,0
3029.9,17:11:19,9955580449,1094841239,0,0,6954403,0,172,0,17,1,-40.0,72.2,72.2,0,0,1.4,52.0,,28,0
3030.9,17:11:20,9955580449,1094841305,0,66,6954403,0,172,0,17,1,-40.0,72.2,72.2,0,0,3.0,52.0,,27,0
3031.9,17:11:21,9955580449,1094841371,0,66,6954403,0,172,0,17,1,-39.0,72.2,72.2,0,0,1.2,51.0,,28,0
3032.9,17:11:22,9955580449,1094841371,0,0,6954403,0,172,0,17,1,-39.0,72.2,72.2,0,0,1.4,51.0,,27,0
3033.9,17:11:23,9955580449,1094841371,0,0,6954403,0,172,0,17,1,-39.0,72.2,72.2,0,0,2.5,52.0,,26,0
3035.0,17:11:24,9955580449,1094841371,0,0,6954403,0,172,0,17,1,-39.0,72.2,72.2,0,0,3.7,51.0,,27,0
3036.0,17:11:25,9955580449,1094841371,0,0,6954403,0,172,0,17,1,-39.0,72.2,72.2,0,0,1.4,51.0,,28,0
3037.0,17:11:26,9955580449,1094841437,0,66,6954403,0,172,0,17,1,-41.0,72.2,72.2,0,0,1.7,51.0,,27,0
3038.0,17:11:27,9955580690,1094841827,241,390,6954404,0,172,0,17,1,-40.0,72.2,72.2,0,0,1.4,51.0,,26,0
3039.0,17:11:28,9955580690,1094841967,0,140,6954404,0,172,0,17,1,-40.0,72.2,72.2,0,0,1.9,50.0,,26,0
3040.0,17:11:29,9955580690,1094842033,0,66,6954404,0,172,0,17,1,-41.0,72.2,72.2,0,0,1.6,51.0,,26,0
3041.0,17:11:30,9955580690,1094842173,0,140,6954404,0,172,0,17,1,-40.0,72.2,72.2,0,0,4.0,51.0,,26,0
3042.0,17:11:31,9955580690,1094842173,0,0,6954404,0,172,0,17,1,-40.0,72.2,72.2,0,0,5.2,50.0,,27,0
3043.0,17:11:32,9955580752,1094842215,62,42,6954405,0,172,0,17,1,-40.0,72.2,72.2,0,0,4.6,50.0,,27,0
3044.1,17:11:33,9955580752,1094842281,0,66,6954405,0,172,0,17,1,-40.0,72.2,72.2,0,0,2.4,51.0,,26,0
3045.1,17:11:34,9955581932,1094843373,1180,1092,6954417,0,172,0,17,1,-40.0,72.2,72.2,4,0,5.0,51.0,,26,0
3046.1,17:11:35,9955581932,1094843373,0,0,6954417,0,172,0,17,1,-40.0,72.2,72.2,0,0,1.6,50.0,,27,0
3047.1,17:11:36,9955581932,1094843373,0,0,6954417,0,172,0,17,1,-40.0,72.2,72.2,0,0,6.0,61.0,,27,0
