t,wall,tx_bytes,rx_bytes,tx_Bps,rx_Bps,tx_packets,tx_errors,tx_dropped,rx_errors,rx_dropped,clients,signal_dbm,tx_mbps,rx_mbps,tx_retries,tx_failed,cpu_pct,temp_c,watts,fan_pct,throttles
1.0,16:20:40,2395409414,1076328656,0,0,2017955,0,168,0,17,0,,,,0,0,8.1,52.0,,29,0
2.0,16:20:41,2395409414,1076328656,0,0,2017955,0,168,0,17,0,,,,0,0,5.8,51.0,,28,0
3.0,16:20:42,2395409414,1076328656,0,0,2017955,0,168,0,17,0,,,,0,0,8.6,53.0,,29,0
4.0,16:20:43,2395409414,1076328656,0,0,2017955,0,168,0,17,0,,,,0,0,7.3,52.0,,28,0
5.0,16:20:44,2395409414,1076328656,0,0,2017955,0,168,0,17,0,,,,0,0,10.3,55.0,,28,0
6.0,16:20:45,2395409414,1076328656,0,0,2017955,0,168,0,17,0,,,,0,0,35.0,54.0,,29,0
7.1,16:20:46,2395409414,1076328656,0,0,2017955,0,168,0,17,0,,,,0,0,7.8,52.0,,30,0
8.1,16:20:47,2395409414,1076328656,0,0,2017955,0,168,0,17,0,,,,0,0,6.9,53.0,,31,0
9.1,16:20:48,2395409414,1076328656,0,0,2017955,0,168,0,17,0,,,,0,0,4.3,52.0,,29,0
10.1,16:20:49,2395409502,1076328656,88,0,2017956,0,168,0,17,0,,,,0,0,6.8,51.0,,28,0
11.1,16:20:50,2395409502,1076328656,0,0,2017956,0,168,0,17,0,,,,0,0,4.5,51.0,,28,0
12.1,16:20:51,2395409502,1076328656,0,0,2017956,0,168,0,17,0,,,,0,0,4.6,51.0,,28,0
13.1,16:20:52,2395409703,1076328656,201,0,2017957,0,168,0,17,0,,,,0,0,5.2,51.0,,28,0
14.1,16:20:53,2395409924,1076328656,221,0,2017958,0,168,0,17,0,,,,0,0,5.5,52.0,,28,0
15.1,16:20:54,2395409924,1076328656,0,0,2017958,0,168,0,17,0,,,,0,0,5.2,51.0,,28,0
16.1,16:20:55,2395409924,1076328656,0,0,2017958,0,168,0,17,0,,,,0,0,4.1,51.0,,28,0
17.2,16:20:56,2395409924,1076328656,0,0,2017958,0,168,0,17,0,,,,0,0,4.5,50.0,,29,0
18.2,16:20:57,2395409924,1076328656,0,0,2017958,0,168,0,17,0,,,,0,0,10.1,51.0,,27,0
19.2,16:20:58,2395409924,1076328656,0,0,2017958,0,168,0,17,0,,,,0,0,3.3,51.0,,28,0
20.2,16:20:59,2395409924,1076328656,0,0,2017958,0,168,0,17,0,,,,0,0,3.6,51.0,,28,0
21.2,16:21:00,2395409924,1076328656,0,0,2017958,0,168,0,17,0,,,,0,0,3.5,50.0,,27,0
22.2,16:21:01,2395409924,1076328656,0,0,2017958,0,168,0,17,0,,,,0,0,2.9,50.0,,28,0
23.2,16:21:02,2395409924,1076328656,0,0,2017958,0,168,0,17,0,,,,0,0,3.5,51.0,,28,0
24.2,16:21:03,2395409924,1076328656,0,0,2017958,0,168,0,17,0,,,,0,0,3.6,50.0,,28,0
25.2,16:21:04,2395409924,1076328656,0,0,2017958,0,168,0,17,0,,,,0,0,5.3,51.0,,27,0
26.2,16:21:05,2395409924,1076328656,0,0,2017958,0,168,0,17,0,,,,0,0,3.4,51.0,,27,0
27.3,16:21:06,2395409924,1076328656,0,0,2017958,0,168,0,17,0,,,,0,0,3.0,50.0,,27,0
28.3,16:21:07,2395409924,1076328656,0,0,2017958,0,168,0,17,0,,,,0,0,4.8,50.0,,28,0
29.3,16:21:08,2395409924,1076328656,0,0,2017958,0,168,0,17,0,,,,0,0,3.6,51.0,,28,0
30.3,16:21:09,2395409924,1076328656,0,0,2017958,0,168,0,17,0,,,,0,0,3.0,50.0,,27,0
31.3,16:21:10,2395409924,1076328656,0,0,2017958,0,168,0,17,0,,,,0,0,3.6,50.0,,27,0
32.3,16:21:11,2395409924,1076328656,0,0,2017958,0,168,0,17,0,,,,0,0,3.0,51.0,,28,0
33.3,16:21:12,2395409924,1076328656,0,0,2017958,0,168,0,17,0,,,,0,0,3.8,51.0,,27,0
34.3,16:21:13,2395409924,1076328656,0,0,2017958,0,168,0,17,0,,,,0,0,3.6,50.0,,27,0
35.3,16:21:14,2395409924,1076328656,0,0,2017958,0,168,0,17,0,,,,0,0,3.0,50.0,,27,0
36.3,16:21:15,2395409924,1076328656,0,0,2017958,0,168,0,17,0,,,,0,0,3.3,51.0,,27,0
37.4,16:21:16,2395409924,1076328656,0,0,2017958,0,168,0,17,0,,,,0,0,2.8,49.0,,27,0
38.4,16:21:17,2395409924,1076328656,0,0,2017958,0,168,0,17,0,,,,0,0,4.1,50.0,,26,0
39.4,16:21:18,2395409924,1076328656,0,0,2017958,0,168,0,17,0,,,,0,0,3.4,49.0,,27,0
40.4,16:21:19,2395409924,1076328656,0,0,2017958,0,168,0,17,0,,,,0,0,3.2,50.0,,26,0
41.4,16:21:20,2395410012,1076328656,88,0,2017959,0,168,0,17,0,,,,0,0,3.2,49.0,,27,0
42.4,16:21:21,2395410012,1076328656,0,0,2017959,0,168,0,17,0,,,,0,0,3.1,50.0,,27,0
43.4,16:21:22,2395410012,1076328656,0,0,2017959,0,168,0,17,0,,,,0,0,3.9,49.0,,26,0
44.4,16:21:23,2395410012,1076328656,0,0,2017959,0,168,0,17,0,,,,0,0,3.6,50.0,,27,0
45.4,16:21:24,2395410213,1076328656,201,0,2017960,0,168,0,17,0,,,,0,0,3.4,50.0,,26,0
46.5,16:21:25,2395410434,1076328656,221,0,2017961,0,168,0,17,0,,,,0,0,3.2,50.0,,27,0
47.5,16:21:26,2395410434,1076328656,0,0,2017961,0,168,0,17,0,,,,0,0,3.2,50.0,,27,0
48.5,16:21:27,2395412250,1076330106,1816,1450,2017974,0,168,0,17,1,-44.0,1.0,26.0,0,0,3.6,49.0,,26,0
49.5,16:21:28,2395413318,1076330952,1068,846,2017984,0,168,0,17,1,-44.0,1.0,26.0,0,0,3.2,50.0,,27,0
50.5,16:21:29,2395413466,1076331022,148,70,2017986,0,168,0,17,1,-45.0,1.0,26.0,0,0,3.0,50.0,,26,0
51.5,16:21:30,2395421697,1076335603,8231,4581,2018041,0,168,0,17,1,-44.0,72.2,58.5,0,0,2.9,50.0,,27,0
52.5,16:21:31,2395423112,1076336912,1415,1309,2018053,0,168,0,17,1,-43.0,72.2,65.0,2,0,3.4,51.0,,26,0
53.5,16:21:32,2395430144,1076345330,7032,8418,2018084,0,168,0,17,1,-43.0,72.2,65.0,1,0,3.4,49.0,,27,0
54.5,16:21:33,2395431167,1076348035,1023,2705,2018091,0,168,0,17,1,-43.0,72.2,72.2,0,0,3.6,50.0,,26,0
55.6,16:21:34,2395431717,1076349851,550,1816,2018095,0,168,0,17,1,-46.0,72.2,72.2,0,0,3.5,49.0,,27,0
56.6,16:21:35,2395434461,1076355663,2744,5812,2018106,0,168,0,17,1,-45.0,72.2,72.2,1,0,3.6,50.0,,26,0
57.6,16:21:36,2395435052,1076359840,591,4177,2018109,0,168,0,17,1,-45.0,72.2,65.0,0,0,3.4,50.0,,27,0
58.6,16:21:37,2395435311,1076361617,259,1777,2018111,0,168,0,17,1,-46.0,72.2,72.2,0,0,3.1,50.0,,26,0
59.6,16:21:38,2395556036,1076366184,120725,4567,2018205,0,168,0,17,1,-44.0,72.2,72.2,2,0,6.5,50.0,,27,0
60.6,16:21:39,2395556673,1076368551,637,2367,2018210,0,168,0,17,1,-45.0,72.2,72.2,0,0,3.5,50.0,,27,0
61.6,16:21:40,2395558082,1076373477,1409,4926,2018217,0,168,0,17,1,-45.0,72.2,72.2,0,0,4.4,50.0,,27,0
62.6,16:21:41,2395558422,1076375847,340,2370,2018220,0,168,0,17,1,-45.0,72.2,72.2,0,0,3.0,50.0,,27,0
63.6,16:21:42,2395559194,1076378502,772,2655,2018223,0,168,0,17,1,-43.0,72.2,72.2,0,0,3.3,49.0,,26,0
64.6,16:21:43,2395559256,1076379138,62,636,2018224,0,168,0,17,1,-44.0,72.2,72.2,0,0,3.1,49.0,,27,0
65.7,16:21:44,2395559330,1076380550,74,1412,2018225,0,168,0,17,1,-44.0,72.2,72.2,0,0,3.2,50.0,,27,0
66.7,16:21:45,2395559330,1076381078,0,528,2018225,0,168,0,17,1,-44.0,72.2,72.2,0,0,3.2,50.0,,26,0
67.7,16:21:46,2395559330,1076381144,0,66,2018225,0,168,0,17,1,-44.0,72.2,72.2,0,0,3.0,49.0,,27,0
68.7,16:21:47,2395559557,1076381832,227,688,2018226,0,168,0,17,1,-45.0,72.2,72.2,0,0,3.2,50.0,,26,0
69.7,16:21:48,2395672609,1076383159,113052,1327,2018303,0,168,0,17,1,-44.0,72.2,72.2,0,0,6.4,51.0,,27,0
70.7,16:21:49,2395672609,1076383357,0,198,2018303,0,168,0,17,1,-44.0,72.2,72.2,0,0,4.0,51.0,,26,0
71.7,16:21:50,2395672609,1076384479,0,1122,2018303,0,168,0,17,1,-44.0,72.2,72.2,0,0,4.5,49.0,,27,0
72.7,16:21:51,2395672609,1076384545,0,66,2018303,0,168,0,17,1,-44.0,72.2,72.2,0,0,3.2,50.0,,27,0
73.8,16:21:52,2395672861,1076384702,252,157,2018304,0,168,0,17,1,-46.0,72.2,72.2,0,0,3.7,50.0,,27,0
74.8,16:21:53,2395673212,1076385316,351,614,2018306,0,168,0,17,1,-44.0,72.2,72.2,0,0,6.1,51.0,,26,0
75.8,16:21:54,2395673286,1076385568,74,252,2018307,0,168,0,17,1,-44.0,72.2,72.2,0,0,3.5,50.0,,27,0
76.8,16:21:55,2395673625,1076386459,339,891,2018309,0,168,0,17,1,-44.0,72.2,72.2,0,0,3.1,50.0,,26,0
77.8,16:21:56,2395673625,1076387515,0,1056,2018309,0,168,0,17,1,-45.0,72.2,65.0,0,0,2.9,50.0,,27,0
78.8,16:21:57,2395673763,1076388625,138,1110,2018310,0,168,0,17,1,-46.0,72.2,72.2,0,0,3.3,49.0,,26,0
79.8,16:21:58,2395673997,1076389640,234,1015,2018313,0,168,0,17,1,-43.0,72.2,72.2,0,0,5.1,53.0,,27,0
80.8,16:21:59,2395789883,1076391218,115886,1578,2018389,0,168,0,17,1,-44.0,72.2,72.2,1,0,3.9,50.0,,26,0
81.8,16:22:00,2395790734,1076395983,851,4765,2018396,0,168,0,17,1,-43.0,72.2,72.2,0,0,3.5,50.0,,27,0
82.8,16:22:01,2395791324,1076398345,590,2362,2018402,0,168,0,17,1,-45.0,72.2,72.2,0,0,3.0,50.0,,27,0
83.9,16:22:02,2395791324,1076400297,0,1952,2018402,0,168,0,17,1,-44.0,72.2,72.2,0,0,3.0,50.0,,26,0
84.9,16:22:03,2395791324,1076401485,0,1188,2018402,0,168,0,17,1,-44.0,72.2,72.2,0,0,3.0,49.0,,27,0
85.9,16:22:05,2395791398,1076403293,74,1808,2018403,0,168,0,17,1,-43.0,72.2,72.2,0,0,3.2,50.0,,26,0
86.9,16:22:06,2395792038,1076403687,640,394,2018406,0,168,0,17,1,-43.0,72.2,72.2,0,0,2.8,49.0,,27,0
87.9,16:22:07,2395792038,1076404083,0,396,2018406,0,168,0,17,1,-45.0,72.2,72.2,0,0,3.1,51.0,,27,0
88.9,16:22:08,2395792038,1076404281,0,198,2018406,0,168,0,17,1,-49.0,72.2,72.2,0,0,4.1,51.0,,26,0
89.9,16:22:09,2395792038,1076404875,0,594,2018406,0,168,0,17,1,-47.0,72.2,72.2,0,0,5.1,50.0,,26,0
90.9,16:22:10,2395906272,1076405974,114234,1099,2018483,0,168,0,17,1,-45.0,72.2,72.2,3,0,6.4,52.0,,27,0
91.9,16:22:11,2395906696,1076406592,424,618,2018485,0,168,0,17,1,-40.0,72.2,72.2,0,0,2.6,51.0,,27,0
93.0,16:22:12,2395906696,1076407582,0,990,2018485,0,168,0,17,1,-42.0,72.2,72.2,0,0,2.8,50.0,,27,0
94.0,16:22:13,2395906844,1076407946,148,364,2018486,0,168,0,17,1,-42.0,72.2,72.2,0,0,3.4,50.0,,27,0
95.0,16:22:14,2395906844,1076408210,0,264,2018486,0,168,0,17,1,-43.0,72.2,72.2,0,0,3.2,50.0,,26,0
96.0,16:22:15,2395906918,1076408462,74,252,2018487,0,168,0,17,1,-42.0,72.2,72.2,0,0,8.6,52.0,,27,0
97.0,16:22:16,2395906918,1076408660,0,198,2018487,0,168,0,17,1,-42.0,72.2,72.2,0,0,6.6,50.0,,27,0
98.0,16:22:17,2395906918,1076409056,0,396,2018487,0,168,0,17,1,-42.0,72.2,72.2,0,0,3.4,49.0,,28,0
99.0,16:22:18,2395906918,1076409518,0,462,2018487,0,168,0,17,1,-42.0,72.2,72.2,0,0,4.7,50.0,,27,0
100.0,16:22:19,2395906992,1076410364,74,846,2018488,0,168,0,17,1,-44.0,72.2,72.2,0,0,5.3,50.0,,27,0
101.0,16:22:20,2395907152,1076411457,160,1093,2018490,0,168,0,17,1,-43.0,72.2,72.2,0,0,7.1,56.0,,27,0
102.0,16:22:21,2396019970,1076412375,112818,918,2018564,0,168,0,17,1,-44.0,72.2,72.2,3,0,7.0,50.0,,27,0
103.1,16:22:22,2396019970,1076412705,0,330,2018564,0,168,0,17,1,-42.0,72.2,72.2,0,0,4.0,50.0,,28,0
104.1,16:22:23,2396019970,1076412969,0,264,2018564,0,168,0,17,1,-42.0,72.2,72.2,0,0,14.9,50.0,,27,0
105.1,16:22:24,2396019970,1076413233,0,264,2018564,0,168,0,17,1,-43.0,72.2,72.2,0,0,3.5,51.0,,28,0
106.1,16:22:25,2396019970,1076413695,0,462,2018564,0,168,0,17,1,-43.0,72.2,72.2,0,0,5.0,50.0,,27,0
107.1,16:22:26,2396020132,1076414541,162,846,2018566,0,168,0,17,1,-42.0,72.2,72.2,0,0,5.4,50.0,,28,0
108.1,16:22:27,2396020132,1076414739,0,198,2018566,0,168,0,17,1,-43.0,72.2,72.2,0,0,5.1,50.0,,28,0
109.1,16:22:28,2396020333,1076415003,201,264,2018567,0,168,0,17,1,-41.0,72.2,72.2,0,0,4.2,50.0,,27,0
110.1,16:22:29,2396020628,1076415255,295,252,2018569,0,168,0,17,1,-42.0,72.2,72.2,0,0,4.3,51.0,,27,0
111.1,16:22:30,2396020766,1076415837,138,582,2018570,0,168,0,17,1,-43.0,72.2,72.2,0,0,4.0,50.0,,26,0
112.2,16:22:31,2396135868,1076417412,115102,1575,2018653,0,168,0,17,1,-43.0,72.2,72.2,1,0,7.1,50.0,,27,0
113.2,16:22:32,2396136458,1076418350,590,938,2018659,0,168,0,17,1,-44.0,72.2,72.2,0,0,5.2,51.0,,28,0
114.2,16:22:33,2396136458,1076418878,0,528,2018659,0,168,0,17,1,-43.0,72.2,72.2,0,0,5.9,50.0,,27,0
115.2,16:22:34,2396136458,1076419340,0,462,2018659,0,168,0,17,1,-42.0,72.2,72.2,0,0,3.4,50.0,,27,0
116.2,16:22:35,2396136458,1076419538,0,198,2018659,0,168,0,17,1,-42.0,72.2,72.2,0,0,4.1,50.0,,26,0
117.2,16:22:36,2396136784,1076419881,326,343,2018661,0,168,0,17,1,-43.0,72.2,72.2,0,0,3.8,49.0,,26,0
118.2,16:22:37,2396136784,1076419947,0,66,2018661,0,168,0,17,1,-43.0,72.2,72.2,0,0,3.5,49.0,,27,0
119.2,16:22:38,2396136784,1076420211,0,264,2018661,0,168,0,17,1,-43.0,72.2,72.2,0,0,5.4,50.0,,27,0
120.2,16:22:39,2396136784,1076420607,0,396,2018661,0,168,0,17,1,-41.0,72.2,72.2,0,0,4.1,49.0,,26,0
121.2,16:22:40,2396136784,1076421135,0,528,2018661,0,168,0,17,1,-43.0,72.2,72.2,0,0,3.0,49.0,,27,0
122.3,16:22:41,2396250366,1076422728,113582,1593,2018740,0,168,0,17,1,-43.0,72.2,72.2,2,0,6.5,50.0,,26,0
123.3,16:22:42,2396250366,1076423190,0,462,2018740,0,168,0,17,1,-41.0,72.2,72.2,0,0,4.7,49.0,,26,0
124.3,16:22:43,2396250366,1076423520,0,330,2018740,0,168,0,17,1,-41.0,72.2,72.2,0,0,4.0,50.0,,27,0
125.3,16:22:44,2396250366,1076424048,0,528,2018740,0,168,0,17,1,-42.0,72.2,72.2,0,0,3.2,50.0,,26,0
126.3,16:22:45,2396250366,1076424246,0,198,2018740,0,168,0,17,1,-41.0,72.2,72.2,0,0,4.1,50.0,,27,0
127.3,16:22:46,2396250440,1076424762,74,516,2018741,0,168,0,17,1,-43.0,72.2,72.2,0,0,5.2,51.0,,26,0
128.3,16:22:47,2396250440,1076425290,0,528,2018741,0,168,0,17,1,-43.0,72.2,72.2,0,0,2.9,50.0,,27,0
129.3,16:22:48,2396250982,1076425832,542,542,2018744,0,168,0,17,1,-42.0,72.2,72.2,1,0,3.1,50.0,,26,0
130.3,16:22:49,2396250982,1076426228,0,396,2018744,0,168,0,17,1,-40.0,72.2,72.2,0,0,3.1,50.0,,27,0
131.4,16:22:50,2396250982,1076426558,0,330,2018744,0,168,0,17,1,-40.0,72.2,72.2,0,0,2.6,50.0,,26,0
132.4,16:22:51,2396363960,1076428107,112978,1549,2018820,0,168,0,17,1,-50.0,72.2,72.2,1,0,5.4,50.0,,26,0
133.4,16:22:52,2396363960,1076428305,0,198,2018820,0,168,0,17,1,-46.0,72.2,72.2,0,0,2.9,50.0,,27,0
134.4,16:22:53,2396363960,1076428437,0,132,2018820,0,168,0,17,1,-45.0,72.2,72.2,0,0,3.1,50.0,,28,0
135.4,16:22:54,2396363960,1076428833,0,396,2018820,0,168,0,17,1,-43.0,72.2,72.2,0,0,3.1,50.0,,27,0
136.4,16:22:55,2396363960,1076429097,0,264,2018820,0,168,0,17,1,-42.0,72.2,72.2,0,0,3.1,49.0,,26,0
137.4,16:22:56,2396363960,1076429361,0,264,2018820,0,168,0,17,1,-42.0,72.2,72.2,0,0,2.9,50.0,,27,0
138.4,16:22:57,2396367516,1076431084,3556,1723,2018829,0,168,0,17,1,-43.0,72.2,72.2,0,0,5.0,52.0,,27,0
139.4,16:22:58,2396481868,1076431948,114352,864,2018904,0,168,0,17,1,-43.0,72.2,72.2,0,0,3.0,50.0,,26,0
140.4,16:22:59,2396481868,1076432146,0,198,2018904,0,168,0,17,1,-42.0,72.2,72.2,0,0,2.9,50.0,,27,0
141.5,16:23:00,2396481868,1076432476,0,330,2018904,0,168,0,17,1,-43.0,72.2,135.0,0,0,2.9,50.0,,26,0
142.5,16:23:01,2396482458,1076433414,590,938,2018910,0,168,0,17,1,-43.0,72.2,72.2,0,0,2.6,50.0,,27,0
143.5,16:23:02,2396483048,1076434088,590,674,2018916,0,168,0,17,1,-43.0,72.2,72.2,0,0,3.0,50.0,,27,0
144.5,16:23:03,2396483122,1076434406,74,318,2018917,0,168,0,17,1,-43.0,72.2,72.2,0,0,3.0,50.0,,26,0
145.5,16:23:04,2396483122,1076434802,0,396,2018917,0,168,0,17,1,-42.0,72.2,72.2,0,0,3.0,50.0,,26,0
146.5,16:23:05,2396483122,1076435132,0,330,2018917,0,168,0,17,1,-43.0,72.2,72.2,0,0,3.0,50.0,,27,0
147.5,16:23:06,2396598998,1076436969,115876,1837,2018997,0,168,0,17,1,-43.0,72.2,72.2,2,0,6.0,51.0,,27,0
148.5,16:23:07,2396599688,1076437748,690,779,2019001,0,168,0,17,1,-42.0,72.2,72.2,0,0,2.6,50.0,,27,0
149.5,16:23:08,2396599688,1076438144,0,396,2019001,0,168,0,17,1,-43.0,72.2,72.2,0,0,3.4,49.0,,26,0
150.5,16:23:09,2396599688,1076438408,0,264,2019001,0,168,0,17,1,-43.0,72.2,72.2,0,0,3.1,50.0,,27,0
151.6,16:23:10,2396599688,1076438672,0,264,2019001,0,168,0,17,1,-43.0,72.2,72.2,0,0,3.7,50.0,,26,0
152.6,16:23:11,2396600074,1076439083,386,411,2019002,0,168,0,17,1,-42.0,72.2,72.2,0,0,2.5,50.0,,27,0
153.6,16:23:12,2396600148,1076439533,74,450,2019003,0,168,0,17,1,-43.0,72.2,72.2,0,0,2.6,49.0,,26,0
154.6,16:23:13,2396600148,1076439797,0,264,2019003,0,168,0,17,1,-42.0,72.2,72.2,0,0,3.2,49.0,,27,0
155.6,16:23:14,2396600148,1076439929,0,132,2019003,0,168,0,17,1,-43.0,72.2,72.2,0,0,3.1,49.0,,26,0
156.6,16:23:15,2396600148,1076440325,0,396,2019003,0,168,0,17,1,-43.0,72.2,72.2,0,0,3.4,49.0,,26,0
157.6,16:23:16,2396714734,1076441316,114586,991,2019081,0,168,0,17,1,-42.0,72.2,72.2,1,0,5.6,53.0,,27,0
158.6,16:23:17,2396714734,1076441622,0,306,2019081,0,168,0,17,1,-43.0,72.2,72.2,0,0,3.1,50.0,,26,0
159.7,16:23:18,2396714734,1076441820,0,198,2019081,0,168,0,17,1,-43.0,72.2,72.2,0,0,2.7,50.0,,27,0
160.7,16:23:19,2396714734,1076442084,0,264,2019081,0,168,0,17,1,-42.0,72.2,72.2,0,0,3.6,50.0,,26,0
161.7,16:23:20,2396714734,1076442216,0,132,2019081,0,168,0,17,1,-43.0,72.2,72.2,0,0,3.1,50.0,,27,0
162.7,16:23:21,2396714995,1076442761,261,545,2019082,0,168,0,17,1,-43.0,72.2,72.2,0,0,3.4,50.0,,26,0
163.7,16:23:22,2396715729,1076443347,734,586,2019086,0,168,0,17,1,-43.0,72.2,72.2,0,0,3.2,49.0,,26,0
164.7,16:23:23,2396715729,1076443809,0,462,2019086,0,168,0,17,1,-43.0,72.2,72.2,0,0,3.0,48.0,,26,0
165.7,16:23:24,2396715979,1076444098,250,289,2019087,0,168,0,17,1,-44.0,72.2,72.2,0,0,2.8,49.0,,27,0
166.7,16:23:25,2396716403,1076444914,424,816,2019089,0,168,0,17,1,-45.0,72.2,72.2,0,0,2.9,49.0,,26,0
167.7,16:23:26,2396716563,1076446073,160,1159,2019091,0,168,0,17,1,-44.0,72.2,72.2,0,0,3.6,52.0,,27,0
168.8,16:23:27,2396830495,1076446781,113932,708,2019166,0,168,0,17,1,-45.0,72.2,72.2,3,0,5.4,49.0,,26,0
169.8,16:23:28,2396830495,1076447177,0,396,2019166,0,168,0,17,1,-40.0,72.2,72.2,0,0,3.0,49.0,,27,0
170.8,16:23:29,2396830495,1076447441,0,264,2019166,0,168,0,17,1,-41.0,72.2,72.2,0,0,3.0,49.0,,26,0
171.8,16:23:30,2396830495,1076447441,0,0,2019166,0,168,0,17,1,-41.0,72.2,72.2,0,0,3.1,50.0,,26,0
172.8,16:23:31,2396831085,1076448247,590,806,2019172,0,168,0,17,1,-43.0,72.2,72.2,0,0,3.6,50.0,,27,0
173.8,16:23:32,2396831749,1076449173,664,926,2019179,0,168,0,17,1,-43.0,72.2,72.2,0,0,6.4,51.0,,27,0
174.8,16:23:33,2396831749,1076449569,0,396,2019179,0,168,0,17,1,-42.0,72.2,72.2,0,0,5.0,50.0,,26,0
175.8,16:23:34,2396831749,1076449635,0,66,2019179,0,168,0,17,1,-41.0,72.2,72.2,0,0,4.9,49.0,,27,0
176.8,16:23:35,2396831749,1076449767,0,132,2019179,0,168,0,17,1,-42.0,72.2,72.2,0,0,5.1,50.0,,26,0
177.9,16:23:36,2396831749,1076449899,0,132,2019179,0,168,0,17,1,-43.0,72.2,72.2,0,0,3.9,50.0,,27,0
178.9,16:23:37,2396946335,1076451304,114586,1405,2019257,0,168,0,17,1,-41.0,72.2,72.2,1,0,7.0,50.0,,27,0
179.9,16:23:39,2396946780,1076451724,445,420,2019259,0,168,0,17,1,-42.0,72.2,72.2,0,0,3.8,50.0,,27,0
180.9,16:23:40,2396946780,1076451988,0,264,2019259,0,168,0,17,1,-43.0,72.2,72.2,0,0,3.0,50.0,,26,0
181.9,16:23:41,2396946780,1076452318,0,330,2019259,0,168,0,17,1,-41.0,72.2,72.2,0,0,3.7,49.0,,26,0
182.9,16:23:42,2396946780,1076452648,0,330,2019259,0,168,0,17,1,-41.0,72.2,72.2,0,0,3.5,50.0,,25,0
183.9,16:23:43,2396946854,1076452900,74,252,2019260,0,168,0,17,1,-41.0,72.2,72.2,0,0,4.1,49.0,,26,0
184.9,16:23:44,2396946854,1076453032,0,132,2019260,0,168,0,17,1,-43.0,72.2,72.2,0,0,3.1,49.0,,26,0
185.9,16:23:45,2396946854,1076453362,0,330,2019260,0,168,0,17,1,-42.0,72.2,72.2,0,0,3.8,48.0,,26,0
187.0,16:23:46,2396947104,1076453717,250,355,2019261,0,168,0,17,1,-42.0,72.2,72.2,0,0,2.5,48.0,,26,0
188.0,16:23:47,2396947104,1076454113,0,396,2019261,0,168,0,17,1,-42.0,72.2,72.2,0,0,3.5,48.0,,25,0
189.0,16:23:48,2397065010,1076455796,117906,1683,2019343,0,168,0,17,1,-41.0,72.2,65.0,2,0,5.9,49.0,,26,0
190.0,16:23:49,2397065010,1076456126,0,330,2019343,0,168,0,17,1,-42.0,72.2,72.2,0,0,3.4,50.0,,26,0
191.0,16:23:50,2397065010,1076456258,0,132,2019343,0,168,0,17,1,-43.0,72.2,72.2,0,0,3.8,50.0,,27,0
192.0,16:23:51,2397065010,1076456522,0,264,2019343,0,168,0,17,1,-42.0,72.2,72.2,0,0,4.0,50.0,,27,0
193.0,16:23:52,2397065010,1076456522,0,0,2019343,0,168,0,17,1,-42.0,72.2,72.2,0,0,4.1,48.0,,26,0
194.0,16:23:53,2397065084,1076456708,74,186,2019344,0,168,0,17,1,-41.0,72.2,72.2,0,0,4.4,49.0,,27,0
195.0,16:23:54,2397065724,1076457366,640,658,2019347,0,168,0,17,1,-41.0,65.0,72.2,0,0,4.1,50.0,,27,0
196.0,16:23:55,2397065724,1076457696,0,330,2019347,0,168,0,17,1,-42.0,65.0,72.2,0,0,4.2,50.0,,26,0
197.1,16:23:56,2397065724,1076457696,0,0,2019347,0,168,0,17,1,-42.0,65.0,72.2,0,0,4.0,49.0,,27,0
198.1,16:23:57,2397065724,1076458158,0,462,2019347,0,168,0,17,1,-42.0,65.0,72.2,0,0,5.0,50.0,,26,0
199.1,16:23:58,2397179816,1076459497,114092,1339,2019424,0,168,0,17,1,-42.0,72.2,72.2,0,0,8.1,51.0,,27,0
200.1,16:23:59,2397179816,1076459695,0,198,2019424,0,168,0,17,1,-42.0,72.2,72.2,0,0,4.9,50.0,,27,0
201.1,16:24:00,2397179816,1076459959,0,264,2019424,0,168,0,17,1,-41.0,72.2,72.2,0,0,4.2,49.0,,28,0
202.1,16:24:01,2397179816,1076460421,0,462,2019424,0,168,0,17,1,-42.0,72.2,72.2,0,0,4.1,50.0,,27,0
203.1,16:24:02,2397180406,1076461095,590,674,2019430,0,168,0,17,1,-43.0,72.2,72.2,2,0,4.5,49.0,,26,0
204.1,16:24:03,2397181070,1076461955,664,860,2019437,0,168,0,17,1,-42.0,72.2,72.2,0,0,4.9,49.0,,27,0
205.1,16:24:04,2397181070,1076462219,0,264,2019437,0,168,0,17,1,-42.0,72.2,72.2,0,0,6.0,50.0,,26,0
206.2,16:24:05,2397181070,1076462285,0,66,2019437,0,168,0,17,1,-43.0,72.2,72.2,0,0,4.3,50.0,,27,0
207.2,16:24:06,2397181144,1076462669,74,384,2019438,0,168,0,17,1,-43.0,72.2,72.2,0,0,7.5,50.0,,27,0
208.2,16:24:07,2397181144,1076462933,0,264,2019438,0,168,0,17,1,-42.0,72.2,72.2,0,0,3.1,50.0,,26,0
209.2,16:24:08,2397181304,1076463828,160,895,2019440,0,168,0,17,1,-43.0,72.2,72.2,0,0,5.0,52.0,,26,0
210.2,16:24:09,2397295656,1076464548,114352,720,2019515,0,168,0,17,1,-42.0,72.2,72.2,1,0,4.3,49.0,,26,0
211.2,16:24:10,2397295656,1076464746,0,198,2019515,0,168,0,17,1,-42.0,72.2,72.2,0,0,3.1,50.0,,27,0
212.2,16:24:11,2397295656,1076464812,0,66,2019515,0,168,0,17,1,-41.0,72.2,72.2,0,0,3.6,48.0,,27,0
213.2,16:24:12,2397295656,1076464944,0,132,2019515,0,168,0,17,1,-41.0,72.2,72.2,0,0,4.9,50.0,,27,0
214.2,16:24:13,2397295656,1076465142,0,198,2019515,0,168,0,17,1,-42.0,72.2,72.2,0,0,4.6,50.0,,26,0
215.2,16:24:14,2397295730,1076465394,74,252,2019516,0,168,0,17,1,-42.0,72.2,72.2,0,0,4.7,50.0,,27,0
216.3,16:24:15,2397295730,1076465724,0,330,2019516,0,168,0,17,1,-42.0,72.2,72.2,0,0,4.6,50.0,,28,0
217.3,16:24:16,2397295730,1076465856,0,132,2019516,0,168,0,17,1,-42.0,72.2,72.2,0,0,4.9,50.0,,27,0
218.3,16:24:17,2397295730,1076465922,0,66,2019516,0,168,0,17,1,-42.0,72.2,72.2,0,0,5.1,50.0,,27,0
219.3,16:24:18,2397295730,1076466186,0,264,2019516,0,168,0,17,1,-43.0,72.2,72.2,0,0,5.2,50.0,,26,0
220.3,16:24:19,2397413303,1076467648,117573,1462,2019598,0,168,0,17,1,-41.0,72.2,72.2,0,0,8.1,49.0,,27,0
221.3,16:24:20,2397413654,1076468064,351,416,2019600,0,168,0,17,1,-42.0,72.2,72.2,0,0,3.9,48.0,,27,0
222.3,16:24:21,2397413654,1076468262,0,198,2019600,0,168,0,17,1,-42.0,72.2,72.2,0,0,5.2,50.0,,26,0
223.3,16:24:22,2397413654,1076468592,0,330,2019600,0,168,0,17,1,-42.0,72.2,72.2,0,0,6.4,50.0,,27,0
224.3,16:24:23,2397413654,1076468724,0,132,2019600,0,168,0,17,1,-41.0,72.2,72.2,0,0,4.3,49.0,,26,0
225.3,16:24:24,2397413728,1076468910,74,186,2019601,0,168,0,17,1,-41.0,72.2,72.2,0,0,3.6,50.0,,27,0
226.4,16:24:25,2397413728,1076469042,0,132,2019601,0,168,0,17,1,-42.0,72.2,72.2,0,0,3.6,50.0,,26,0
227.4,16:24:26,2397413728,1076469240,0,198,2019601,0,168,0,17,1,-43.0,72.2,72.2,0,0,3.5,50.0,,27,0
228.4,16:24:27,2397413728,1076469570,0,330,2019601,0,168,0,17,1,-42.0,72.2,72.2,0,0,4.2,50.0,,26,0
229.4,16:24:28,2397413978,1076469793,250,223,2019602,0,168,0,17,1,-41.0,72.2,72.2,0,0,3.2,49.0,,27,0
230.4,16:24:29,2397532468,1076471246,118490,1453,2019683,0,168,0,17,1,-41.0,72.2,72.2,4,0,5.9,49.0,,26,0
231.4,16:24:30,2397532468,1076471444,0,198,2019683,0,168,0,17,1,-42.0,72.2,72.2,0,0,3.1,50.0,,27,0
232.4,16:24:31,2397532468,1076471642,0,198,2019683,0,168,0,17,1,-42.0,72.2,72.2,0,0,5.8,50.0,,26,0
233.4,16:24:32,2397533058,1076472184,590,542,2019689,0,168,0,17,1,-42.0,72.2,72.2,1,0,4.6,50.0,,26,0
234.4,16:24:33,2397533736,1076472726,678,542,2019696,0,168,0,17,1,-42.0,65.0,72.2,0,0,5.2,50.0,,27,0
235.5,16:24:34,2397533810,1076472978,74,252,2019697,0,168,0,17,1,-42.0,72.2,72.2,0,0,4.0,49.0,,26,0
236.5,16:24:35,2397534265,1076473257,455,279,2019698,0,168,0,17,1,-43.0,72.2,72.2,0,0,5.4,50.0,,27,0
237.5,16:24:36,2397534540,1076473509,275,252,2019700,0,168,0,17,1,-42.0,72.2,72.2,0,0,3.5,49.0,,27,0
238.5,16:24:37,2397534761,1076473707,221,198,2019701,0,168,0,17,1,-40.0,72.2,72.2,0,0,3.7,48.0,,26,0
239.5,16:24:38,2397534761,1076473773,0,66,2019701,0,168,0,17,1,-42.0,72.2,72.2,0,0,5.2,49.0,,25,0
240.5,16:24:39,2397650109,1076475202,115348,1429,2019779,0,168,0,17,1,-42.0,72.2,72.2,4,0,6.4,50.0,,25,0
241.5,16:24:40,2397650109,1076475268,0,66,2019779,0,168,0,17,1,-40.0,72.2,72.2,0,0,4.4,50.0,,26,0
242.5,16:24:41,2397650109,1076475400,0,132,2019779,0,168,0,17,1,-41.0,72.2,72.2,0,0,5.1,49.0,,27,0
243.5,16:24:42,2397650109,1076475532,0,132,2019779,0,168,0,17,1,-41.0,72.2,72.2,0,0,5.4,49.0,,26,0
244.6,16:24:43,2397650109,1076475730,0,198,2019779,0,168,0,17,1,-42.0,72.2,72.2,0,0,5.1,50.0,,25,0
245.6,16:24:44,2397650183,1076475916,74,186,2019780,0,168,0,17,1,-42.0,72.2,72.2,0,0,5.2,49.0,,26,0
246.6,16:24:45,2397650183,1076475982,0,66,2019780,0,168,0,17,1,-42.0,72.2,72.2,0,0,4.8,48.0,,26,0
247.6,16:24:46,2397650183,1076476114,0,132,2019780,0,168,0,17,1,-42.0,72.2,72.2,0,0,3.7,50.0,,26,0
248.6,16:24:47,2397650725,1076476524,542,410,2019783,0,168,0,17,1,-42.0,65.0,72.2,0,0,5.2,50.0,,25,0
249.6,16:24:48,2397651343,1076476936,618,412,2019785,0,168,0,17,1,-41.0,65.0,72.2,0,0,5.5,50.0,,27,0
250.6,16:24:49,2397652033,1076478217,690,1281,2019789,0,168,0,17,1,-42.0,72.2,72.2,1,0,8.0,52.0,,26,0
251.6,16:24:50,2397765965,1076478817,113932,600,2019864,0,168,0,17,1,-42.0,72.2,72.2,1,0,4.4,50.0,,27,0
252.6,16:24:51,2397765965,1076479213,0,396,2019864,0,168,0,17,1,-42.0,72.2,72.2,0,0,3.2,50.0,,28,0
253.7,16:24:52,2397765965,1076479411,0,198,2019864,0,168,0,17,1,-42.0,72.2,72.2,0,0,4.2,49.0,,27,0
254.7,16:24:53,2397765965,1076479411,0,0,2019864,0,168,0,17,1,-42.0,72.2,72.2,0,0,3.9,50.0,,26,0
255.7,16:24:54,2397765965,1076479543,0,132,2019864,0,168,0,17,1,-41.0,72.2,72.2,0,0,4.5,50.0,,27,0
256.7,16:24:55,2397766039,1076479795,74,252,2019865,0,168,0,17,1,-41.0,72.2,72.2,0,0,4.6,51.0,,27,0
257.7,16:24:56,2397766039,1076479993,0,198,2019865,0,168,0,17,1,-42.0,72.2,72.2,0,0,4.4,49.0,,26,0
258.7,16:24:57,2397766039,1076480191,0,198,2019865,0,168,0,17,1,-42.0,72.2,72.2,0,0,5.1,50.0,,27,0
259.7,16:24:58,2397766039,1076480389,0,198,2019865,0,168,0,17,1,-42.0,72.2,72.2,0,0,6.1,50.0,,27,0
260.7,16:24:59,2397766273,1076481206,234,817,2019868,0,168,0,17,1,-40.0,72.2,72.2,0,0,3.5,50.0,,26,0
261.7,16:25:00,2397879091,1076481686,112818,480,2019942,0,168,0,17,1,-42.0,72.2,72.2,2,0,6.9,49.0,,27,0
262.8,16:25:01,2397879091,1076481752,0,66,2019942,0,168,0,17,1,-42.0,72.2,72.2,0,0,5.1,50.0,,27,0
263.8,16:25:02,2397879681,1076482360,590,608,2019948,0,168,0,17,1,-42.0,72.2,72.2,0,0,5.3,49.0,,27,0
264.8,16:25:03,2397880271,1076483100,590,740,2019954,0,168,0,17,1,-41.0,72.2,72.2,0,0,4.2,51.0,,26,0
265.8,16:25:04,2397880271,1076483364,0,264,2019954,0,168,0,17,1,-41.0,72.2,72.2,0,0,4.9,51.0,,26,0
266.8,16:25:05,2397880345,1076483418,74,54,2019955,0,168,0,17,1,-42.0,72.2,72.2,0,0,4.3,50.0,,26,0
267.8,16:25:06,2397880345,1076483550,0,132,2019955,0,168,0,17,1,-43.0,72.2,72.2,0,0,6.3,56.0,,27,0
268.8,16:25:07,2397880345,1076483682,0,132,2019955,0,168,0,17,1,-42.0,72.2,72.2,0,0,11.3,51.0,,27,0
269.8,16:25:08,2397880345,1076483880,0,198,2019955,0,168,0,17,1,-42.0,72.2,72.2,0,0,5.1,50.0,,28,0
270.8,16:25:09,2397880345,1076484210,0,330,2019955,0,168,0,17,1,-42.0,72.2,72.2,0,0,3.7,50.0,,27,0
271.9,16:25:10,2397994931,1076485561,114586,1351,2020033,0,168,0,17,1,-42.0,72.2,72.2,2,0,6.4,49.0,,26,0
272.9,16:25:11,2397995181,1076485982,250,421,2020034,0,168,0,17,1,-42.0,72.2,72.2,0,0,4.9,51.0,,27,0
273.9,16:25:13,2397995181,1076486312,0,330,2020034,0,168,0,17,1,-42.0,72.2,72.2,0,0,3.5,49.0,,27,0
274.9,16:25:14,2397995181,1076486444,0,132,2020034,0,168,0,17,1,-41.0,72.2,72.2,0,0,3.9,49.0,,27,0
275.9,16:25:15,2397995181,1076486642,0,198,2020034,0,168,0,17,1,-41.0,72.2,72.2,0,0,3.4,49.0,,26,0
276.9,16:25:16,2397995317,1076486870,136,228,2020036,0,168,0,17,1,-42.0,72.2,72.2,0,0,5.2,50.0,,27,0
277.9,16:25:17,2397995317,1076487002,0,132,2020036,0,168,0,17,1,-42.0,72.2,72.2,0,0,4.5,50.0,,26,0
278.9,16:25:18,2397995317,1076487200,0,198,2020036,0,168,0,17,1,-42.0,72.2,72.2,0,0,3.9,49.0,,26,0
279.9,16:25:19,2397995317,1076487266,0,66,2020036,0,168,0,17,1,-42.0,72.2,72.2,0,0,4.6,49.0,,27,0
281.0,16:25:20,2397995957,1076487594,640,328,2020039,0,168,0,17,1,-41.0,72.2,72.2,0,0,5.1,50.0,,26,0
282.0,16:25:21,2398111725,1076488903,115768,1309,2020117,0,168,0,17,1,-42.0,72.2,72.2,0,0,8.0,51.0,,26,0
283.0,16:25:22,2398111725,1076489101,0,198,2020117,0,168,0,17,1,-42.0,72.2,72.2,0,0,4.1,50.0,,27,0
284.0,16:25:23,2398111725,1076489233,0,132,2020117,0,168,0,17,1,-41.0,72.2,72.2,0,0,5.2,49.0,,27,0
285.0,16:25:24,2398111725,1076489431,0,198,2020117,0,168,0,17,1,-42.0,72.2,72.2,0,0,3.7,49.0,,26,0
286.0,16:25:25,2398111725,1076489629,0,198,2020117,0,168,0,17,1,-40.0,72.2,65.0,0,0,4.1,49.0,,27,0
287.0,16:25:26,2398111799,1076489815,74,186,2020118,0,168,0,17,1,-41.0,72.2,72.2,0,0,5.8,49.0,,26,0
288.0,16:25:27,2398111799,1076489947,0,132,2020118,0,168,0,17,1,-42.0,72.2,72.2,0,0,5.1,49.0,,27,0
289.0,16:25:28,2398111799,1076490013,0,66,2020118,0,168,0,17,1,-42.0,72.2,72.2,0,0,4.9,49.0,,27,0
290.1,16:25:29,2398112489,1076490462,690,449,2020122,0,168,0,17,1,-41.0,72.2,72.2,0,0,3.5,49.0,,26,0
291.1,16:25:30,2398112489,1076490594,0,132,2020122,0,168,0,17,1,-42.0,72.2,72.2,0,0,5.4,49.0,,26,0
292.1,16:25:31,2398225541,1076491867,113052,1273,2020199,0,168,0,17,1,-42.0,72.2,72.2,0,0,8.4,50.0,,27,0
293.1,16:25:32,2398225541,1076492197,0,330,2020199,0,168,0,17,1,-42.0,72.2,72.2,0,0,3.7,49.0,,26,0
294.1,16:25:33,2398226381,1076492896,840,699,2020206,0,168,0,17,1,-41.0,72.2,72.2,1,0,5.2,49.0,,27,0
295.1,16:25:34,2398226971,1076493636,590,740,2020212,0,168,0,17,1,-42.0,72.2,72.2,0,0,5.1,50.0,,27,0
296.1,16:25:35,2398226971,1076493768,0,132,2020212,0,168,0,17,1,-41.0,72.2,65.0,0,0,4.1,48.0,,26,0
297.1,16:25:36,2398226971,1076494032,0,264,2020212,0,168,0,17,1,-41.0,72.2,72.2,0,0,4.0,49.0,,26,0
298.2,16:25:37,2398227045,1076494086,74,54,2020213,0,168,0,17,1,-40.0,72.2,72.2,0,0,4.2,49.0,,26,0
299.2,16:25:38,2398227045,1076494284,0,198,2020213,0,168,0,17,1,-42.0,72.2,72.2,0,0,5.6,49.0,,27,0
300.2,16:25:39,2398227045,1076494350,0,66,2020213,0,168,0,17,1,-42.0,72.2,72.2,0,0,4.6,49.0,,27,0
301.2,16:25:40,2398227045,1076494482,0,132,2020213,0,168,0,17,1,-43.0,72.2,72.2,0,0,4.5,50.0,,26,0
302.2,16:25:41,2398227279,1076495431,234,949,2020216,0,168,0,17,1,-41.0,72.2,72.2,0,0,6.6,56.0,,26,0
303.2,16:25:42,2398341631,1076496085,114352,654,2020291,0,168,0,17,1,-42.0,72.2,72.2,0,0,4.9,49.0,,27,0
304.2,16:25:43,2398341631,1076496085,0,0,2020291,0,168,0,17,1,-42.0,72.2,72.2,0,0,6.1,49.0,,28,0
305.2,16:25:44,2398341631,1076496415,0,330,2020291,0,168,0,17,1,-41.0,72.2,72.2,0,0,2.5,48.0,,27,0
306.2,16:25:45,2398342055,1076496703,424,288,2020293,0,168,0,17,1,-42.0,72.2,72.2,0,0,5.2,50.0,,26,0
307.2,16:25:46,2398342055,1076497099,0,396,2020293,0,168,0,17,1,-42.0,72.2,72.2,0,0,5.2,49.0,,26,0
308.3,16:25:47,2398342129,1076497219,74,120,2020294,0,168,0,17,1,-41.0,72.2,72.2,0,0,5.2,50.0,,26,0
309.3,16:25:48,2398342129,1076497549,0,330,2020294,0,168,0,17,1,-41.0,72.2,72.2,0,0,4.8,50.0,,27,0
310.3,16:25:49,2398342129,1076497549,0,0,2020294,0,168,0,17,1,-41.0,72.2,72.2,0,0,8.9,55.0,,26,0
311.3,16:25:50,2398342129,1076497549,0,0,2020294,0,168,0,17,1,-41.0,72.2,72.2,0,0,19.4,50.0,,27,0
312.3,16:25:51,2398342129,1076497615,0,66,2020294,0,168,0,17,1,-41.0,72.2,72.2,0,0,3.2,50.0,,28,0
313.3,16:25:52,2398457245,1076499394,115116,1779,2020374,0,168,0,17,1,-41.0,65.0,72.2,3,0,6.2,49.0,,27,0
314.3,16:25:53,2398457245,1076499592,0,198,2020374,0,168,0,17,1,-40.0,65.0,72.2,0,0,3.6,50.0,,28,0
315.3,16:25:54,2398457495,1076499881,250,289,2020375,0,168,0,17,1,-42.0,65.0,72.2,0,0,5.0,50.0,,27,0
316.3,16:25:55,2398457495,1076500211,0,330,2020375,0,168,0,17,1,-41.0,65.0,72.2,0,0,3.0,50.0,,27,0
317.4,16:25:56,2398457495,1076500475,0,264,2020375,0,168,0,17,1,-42.0,65.0,72.2,0,0,3.1,50.0,,27,0
318.4,16:25:57,2398457569,1076500595,74,120,2020376,0,168,0,17,1,-41.0,72.2,72.2,0,0,4.0,50.0,,26,0
319.4,16:25:58,2398457569,1076500727,0,132,2020376,0,168,0,17,1,-41.0,72.2,72.2,0,0,4.2,50.0,,26,0
320.4,16:25:59,2398457569,1076500925,0,198,2020376,0,168,0,17,1,-42.0,72.2,72.2,0,0,4.1,50.0,,27,0
321.4,16:26:00,2398457804,1076501335,235,410,2020377,0,168,0,17,1,-41.0,72.2,72.2,0,0,3.9,49.0,,27,0
322.4,16:26:01,2398459306,1076515036,1502,13701,2020383,0,168,0,17,1,-41.0,72.2,72.2,0,0,2.9,50.0,,26,0
323.4,16:26:02,2398572358,1076521839,113052,6803,2020460,0,168,0,17,1,-41.0,72.2,72.2,1,0,6.2,49.0,,26,0
324.4,16:26:03,2398572948,1076534071,590,12232,2020466,0,168,0,17,1,-40.0,72.2,65.0,0,0,3.4,49.0,,27,0
325.4,16:26:04,2398573538,1076534811,590,740,2020472,0,168,0,17,1,-40.0,72.2,72.2,1,0,3.8,49.0,,26,0
326.5,16:26:05,2398573538,1076546369,0,11558,2020472,0,168,0,17,1,-40.0,72.2,72.2,0,0,3.2,50.0,,27,0
327.5,16:26:06,2398573538,1076546633,0,264,2020472,0,168,0,17,1,-41.0,72.2,72.2,0,0,4.8,49.0,,26,0
328.5,16:26:07,2398573612,1076547149,74,516,2020473,0,168,0,17,1,-41.0,72.2,72.2,0,0,4.3,51.0,,27,0
329.5,16:26:08,2398573612,1076547413,0,264,2020473,0,168,0,17,1,-41.0,72.2,72.2,0,0,3.6,48.0,,26,0
330.5,16:26:09,2398573612,1076557811,0,10398,2020473,0,168,0,17,1,-41.0,72.2,72.2,0,0,4.2,50.0,,27,0
331.5,16:26:10,2398573612,1076557877,0,66,2020473,0,168,0,17,1,-41.0,72.2,72.2,0,0,3.4,50.0,,25,0
332.5,16:26:11,2398573612,1076562845,0,4968,2020473,0,168,0,17,1,-41.0,72.2,72.2,0,0,2.8,48.0,,26,0
333.5,16:26:12,2398686664,1076563878,113052,1033,2020550,0,168,0,17,1,-41.0,72.2,72.2,0,0,6.8,49.0,,26,0
334.5,16:26:13,2398686664,1076564076,0,198,2020550,0,168,0,17,1,-41.0,72.2,72.2,0,0,4.7,50.0,,25,0
335.6,16:26:14,2398686664,1076564142,0,66,2020550,0,168,0,17,1,-41.0,72.2,72.2,0,0,5.9,50.0,,27,0
336.6,16:26:15,2398686914,1076564497,250,355,2020551,0,168,0,17,1,-41.0,72.2,72.2,0,0,6.6,50.0,,27,0
337.6,16:26:16,2398687157,1076565038,243,541,2020552,0,168,0,17,1,-41.0,72.2,72.2,0,0,4.1,50.0,,27,0
338.6,16:26:17,2398687157,1076565302,0,264,2020552,0,168,0,17,1,-41.0,72.2,72.2,0,0,3.4,50.0,,26,0
339.6,16:26:18,2398687231,1076565488,74,186,2020553,0,168,0,17,1,-41.0,72.2,72.2,0,0,3.7,49.0,,27,0
340.6,16:26:19,2398687231,1076565752,0,264,2020553,0,168,0,17,1,-40.0,72.2,72.2,0,0,4.9,50.0,,26,0
341.6,16:26:20,2398687231,1076565950,0,198,2020553,0,168,0,17,1,-41.0,72.2,72.2,0,0,4.9,50.0,,27,0
342.6,16:26:21,2398687231,1076566148,0,198,2020553,0,168,0,17,1,-41.0,72.2,72.2,0,0,3.5,50.0,,27,0
343.6,16:26:22,2398801817,1076567565,114586,1417,2020631,0,168,0,17,1,-41.0,72.2,72.2,1,0,6.4,50.0,,26,0
344.7,16:26:23,2398802029,1076568114,212,549,2020632,0,168,0,17,1,-41.0,72.2,72.2,0,0,5.4,49.0,,26,0
345.7,16:26:24,2398802029,1076568246,0,132,2020632,0,168,0,17,1,-41.0,72.2,72.2,0,0,4.3,49.0,,26,0
346.7,16:26:25,2398802029,1076568510,0,264,2020632,0,168,0,17,1,-41.0,72.2,72.2,0,0,3.2,49.0,,26,0
347.7,16:26:26,2398802029,1076568708,0,198,2020632,0,168,0,17,1,-41.0,72.2,72.2,0,0,3.0,50.0,,25,0
348.7,16:26:27,2398802029,1076568840,0,132,2020632,0,168,0,17,1,-40.0,72.2,72.2,0,0,3.9,49.0,,26,0
349.7,16:26:28,2398802103,1076568894,74,54,2020633,0,168,0,17,1,-40.0,72.2,72.2,0,0,5.4,49.0,,26,0
350.7,16:26:29,2398802103,1076569092,0,198,2020633,0,168,0,17,1,-41.0,72.2,72.2,0,0,3.5,49.0,,26,0
351.7,16:26:30,2398802103,1076569290,0,198,2020633,0,168,0,17,1,-41.0,72.2,72.2,0,0,2.9,50.0,,26,0
352.7,16:26:31,2398802103,1076569356,0,66,2020633,0,168,0,17,1,-41.0,72.2,72.2,0,0,3.6,49.0,,27,0
353.8,16:26:32,2398802915,1076570489,812,1133,2020638,0,168,0,17,1,-39.0,72.2,72.2,0,0,6.5,51.0,,26,0
354.8,16:26:33,2398918452,1076571913,115537,1424,2020721,0,168,0,17,1,-41.0,72.2,72.2,1,0,6.0,50.0,,27,0
355.8,16:26:34,2398919042,1076572587,590,674,2020727,0,168,0,17,1,-40.0,72.2,72.2,1,0,3.2,50.0,,27,0
356.8,16:26:35,2398919042,1076572851,0,264,2020727,0,168,0,17,1,-41.0,72.2,72.2,0,0,3.4,49.0,,26,0
357.8,16:26:36,2398919042,1076572983,0,132,2020727,0,168,0,17,1,-41.0,72.2,72.2,0,0,4.2,49.0,,27,0
358.8,16:26:37,2398919292,1076573495,250,512,2020728,0,168,0,17,1,-40.0,72.2,65.0,1,0,4.4,49.0,,26,0
359.8,16:26:38,2398919366,1076573813,74,318,2020729,0,168,0,17,1,-41.0,72.2,72.2,0,0,3.0,48.0,,26,0
360.8,16:26:39,2398919366,1076574077,0,264,2020729,0,168,0,17,1,-40.0,72.2,72.2,0,0,4.9,50.0,,25,0
361.8,16:26:40,2398919366,1076574275,0,198,2020729,0,168,0,17,1,-41.0,72.2,72.2,0,0,4.8,50.0,,26,0
362.9,16:26:41,2398919717,1076574493,351,218,2020731,0,168,0,17,1,-41.0,72.2,72.2,0,0,4.6,49.0,,26,0
363.9,16:26:42,2398920056,1076574790,339,297,2020733,0,168,0,17,1,-42.0,72.2,72.2,0,0,5.4,49.0,,27,0
364.9,16:26:44,2399033108,1076576129,113052,1339,2020810,0,168,0,17,1,-40.0,72.2,72.2,2,0,6.0,49.0,,26,0
365.9,16:26:45,2399033108,1076576657,0,528,2020810,0,168,0,17,1,-40.0,72.2,72.2,0,0,3.0,50.0,,27,0
366.9,16:26:46,2399033108,1076576855,0,198,2020810,0,168,0,17,1,-41.0,72.2,72.2,0,0,4.8,49.0,,27,0
367.9,16:26:47,2399033108,1076577053,0,198,2020810,0,168,0,17,1,-42.0,72.2,72.2,0,0,4.6,48.0,,26,0
368.9,16:26:48,2399033108,1076577449,0,396,2020810,0,168,0,17,1,-40.0,72.2,72.2,0,0,5.0,50.0,,26,0
369.9,16:26:49,2399033182,1076577635,74,186,2020811,0,168,0,17,1,-40.0,72.2,72.2,0,0,3.4,49.0,,26,0
370.9,16:26:50,2399033182,1076577767,0,132,2020811,0,168,0,17,1,-41.0,72.2,72.2,0,0,5.6,50.0,,26,0
371.9,16:26:51,2399033182,1076578097,0,330,2020811,0,168,0,17,1,-41.0,72.2,72.2,0,0,6.2,50.0,,26,0
373.0,16:26:52,2399033182,1076578229,0,132,2020811,0,168,0,17,1,-40.0,72.2,72.2,0,0,6.6,49.0,,27,0
374.0,16:26:53,2399033182,1076578361,0,132,2020811,0,168,0,17,1,-41.0,72.2,72.2,0,0,4.1,50.0,,27,0
375.0,16:26:54,2399146764,1076579690,113582,1329,2020890,0,168,0,17,1,-40.0,65.0,72.2,1,0,8.3,50.0,,26,0
376.0,16:26:55,2399146764,1076579756,0,66,2020890,0,168,0,17,1,-40.0,65.0,72.2,0,0,4.4,50.0,,27,0
377.0,16:26:56,2399146764,1076579756,0,0,2020890,0,168,0,17,1,-40.0,65.0,72.2,0,0,3.2,50.0,,27,0
378.0,16:26:57,2399146764,1076579954,0,198,2020890,0,168,0,17,1,-40.0,65.0,72.2,0,0,3.2,50.0,,25,0
379.0,16:26:58,2399146764,1076580020,0,66,2020890,0,168,0,17,1,-40.0,65.0,72.2,0,0,3.0,51.0,,26,0
380.0,16:26:59,2399147088,1076580652,324,632,2020892,0,168,0,17,1,-39.0,65.0,72.2,0,0,2.9,49.0,,26,0
381.0,16:27:00,2399147088,1076580850,0,198,2020892,0,168,0,17,1,-38.0,65.0,65.0,0,0,3.5,48.0,,26,0
382.0,16:27:01,2399147088,1076580916,0,66,2020892,0,168,0,17,1,-40.0,65.0,72.2,0,0,5.2,49.0,,26,0
383.1,16:27:02,2399147088,1076581048,0,132,2020892,0,168,0,17,1,-40.0,65.0,72.2,0,0,3.0,50.0,,27,0
384.1,16:27:03,2399147088,1076581048,0,0,2020892,0,168,0,17,1,-40.0,65.0,72.2,0,0,3.2,49.0,,26,0
385.1,16:27:04,2399262264,1076582809,115176,1761,2020976,0,168,0,17,1,-41.0,72.2,72.2,1,0,6.2,50.0,,27,0
386.1,16:27:05,2399262854,1076583813,590,1004,2020982,0,168,0,17,1,-40.0,72.2,72.2,1,0,3.1,49.0,,27,0
387.1,16:27:06,2399262854,1076584077,0,264,2020982,0,168,0,17,1,-40.0,72.2,72.2,0,0,3.6,49.0,,27,0
388.1,16:27:07,2399262854,1076584275,0,198,2020982,0,168,0,17,1,-40.0,72.2,72.2,0,0,4.5,49.0,,26,0
389.1,16:27:08,2399262854,1076584473,0,198,2020982,0,168,0,17,1,-40.0,72.2,72.2,0,0,4.3,50.0,,26,0
390.1,16:27:09,2399262854,1076584539,0,66,2020982,0,168,0,17,1,-40.0,72.2,72.2,0,0,3.2,50.0,,27,0
391.1,16:27:10,2399262928,1076584593,74,54,2020983,0,168,0,17,1,-39.0,72.2,72.2,0,0,2.9,49.0,,27,0
392.1,16:27:11,2399263254,1076585089,326,496,2020984,0,168,0,17,1,-40.0,72.2,72.2,0,0,3.1,50.0,,26,0
393.1,16:27:12,2399263254,1076585419,0,330,2020984,0,168,0,17,1,-40.0,72.2,72.2,0,0,5.5,50.0,,27,0
394.2,16:27:13,2399263254,1076585485,0,66,2020984,0,168,0,17,1,-41.0,72.2,72.2,0,0,3.6,49.0,,26,0
395.2,16:27:14,2399263488,1076586500,234,1015,2020987,0,168,0,17,1,-41.0,72.2,72.2,0,0,6.4,51.0,,27,0
396.2,16:27:15,2399377840,1076586902,114352,402,2021062,0,168,0,17,1,-41.0,72.2,72.2,1,0,6.3,51.0,,27,0
397.2,16:27:16,2399377840,1076586902,0,0,2021062,0,168,0,17,1,-41.0,72.2,72.2,0,0,5.9,51.0,,27,0
398.2,16:27:17,2399377840,1076586968,0,66,2021062,0,168,0,17,1,-42.0,72.2,72.2,0,0,6.8,49.0,,26,0
399.2,16:27:18,2399377840,1076587100,0,132,2021062,0,168,0,17,1,-41.0,72.2,72.2,0,0,5.8,50.0,,27,0
400.2,16:27:19,2399377840,1076587298,0,198,2021062,0,168,0,17,1,-42.0,72.2,72.2,0,0,4.1,49.0,,26,0
401.2,16:27:20,2399378164,1076587798,324,500,2021064,0,168,0,17,1,-41.0,72.2,72.2,0,0,4.8,49.0,,26,0
402.2,16:27:21,2399378164,1076587930,0,132,2021064,0,168,0,17,1,-42.0,72.2,72.2,0,0,16.4,55.0,,27,0
403.2,16:27:22,2399378164,1076587930,0,0,2021064,0,168,0,17,1,-42.0,72.2,72.2,0,0,8.1,51.0,,26,0
404.3,16:27:23,2399378164,1076587996,0,66,2021064,0,168,0,17,1,-41.0,72.2,72.2,0,0,7.0,49.0,,27,0
405.3,16:27:24,2399378164,1076587996,0,0,2021064,0,168,0,17,1,-41.0,72.2,72.2,0,0,5.6,50.0,,28,0
406.3,16:27:25,2399491216,1076589083,113052,1087,2021141,0,168,0,17,1,-41.0,72.2,72.2,0,0,11.0,51.0,,27,0
407.3,16:27:26,2399491216,1076589545,0,462,2021141,0,168,0,17,1,-42.0,72.2,72.2,0,0,6.1,50.0,,28,0
408.3,16:27:27,2399491696,1076590256,480,711,2021143,0,168,0,17,1,-41.0,72.2,72.2,0,0,6.3,51.0,,27,0
409.3,16:27:28,2399491696,1076590520,0,264,2021143,0,168,0,17,1,-42.0,72.2,72.2,0,0,5.5,50.0,,26,0
410.3,16:27:29,2399491696,1076590916,0,396,2021143,0,168,0,17,1,-41.0,72.2,72.2,0,0,5.7,50.0,,27,0
411.3,16:27:30,2399491770,1076591102,74,186,2021144,0,168,0,17,1,-41.0,72.2,72.2,0,0,5.6,50.0,,26,0
412.3,16:27:31,2399491770,1076591168,0,66,2021144,0,168,0,17,1,-41.0,72.2,72.2,0,0,6.3,51.0,,27,0
413.3,16:27:32,2399492225,1076591528,455,360,2021145,0,168,0,17,1,-42.0,72.2,72.2,0,0,6.2,50.0,,26,0
414.4,16:27:33,2399492225,1076591924,0,396,2021145,0,168,0,17,1,-41.0,72.2,65.0,0,0,5.0,49.0,,27,0
415.4,16:27:34,2399492815,1076592532,590,608,2021151,0,168,0,17,1,-41.0,72.2,72.2,0,0,5.9,50.0,,26,0
416.4,16:27:35,2399609247,1076594437,116432,1905,2021236,0,168,0,17,1,-41.0,72.2,72.2,4,0,8.4,50.0,,26,0
417.4,16:27:36,2399609247,1076594503,0,66,2021236,0,168,0,17,1,-41.0,72.2,72.2,0,0,4.4,49.0,,27,0
418.4,16:27:37,2399609247,1076594503,0,0,2021236,0,168,0,17,1,-41.0,72.2,72.2,0,0,5.6,50.0,,27,0
419.4,16:27:38,2399609247,1076594569,0,66,2021236,0,168,0,17,1,-42.0,72.2,72.2,0,0,3.6,49.0,,26,0
420.4,16:27:39,2399609247,1076594767,0,198,2021236,0,168,0,17,1,-42.0,72.2,72.2,0,0,6.0,50.0,,26,0
421.4,16:27:40,2399609321,1076594887,74,120,2021237,0,168,0,17,1,-42.0,72.2,72.2,0,0,6.0,49.0,,26,0
422.4,16:27:41,2399609571,1076595242,250,355,2021238,0,168,0,17,1,-40.0,72.2,72.2,0,0,6.0,49.0,,26,0
423.5,16:27:42,2399609571,1076595572,0,330,2021238,0,168,0,17,1,-42.0,72.2,72.2,0,0,5.4,50.0,,26,0
424.5,16:27:43,2399609571,1076595572,0,0,2021238,0,168,0,17,1,-42.0,72.2,72.2,0,0,6.0,49.0,,26,0
425.5,16:27:44,2399609571,1076595638,0,66,2021238,0,168,0,17,1,-41.0,72.2,72.2,0,0,6.1,49.0,,27,0
426.5,16:27:45,2399722623,1076596899,113052,1261,2021315,0,168,0,17,1,-42.0,72.2,72.2,0,0,8.2,49.0,,26,0
427.5,16:27:46,2399722623,1076597097,0,198,2021315,0,168,0,17,1,-42.0,72.2,72.2,0,0,4.9,49.0,,27,0
428.5,16:27:47,2399723091,1076597585,468,488,2021317,0,168,0,17,1,-42.0,72.2,72.2,0,0,6.1,49.0,,27,0
429.5,16:27:48,2399723091,1076598047,0,462,2021317,0,168,0,17,1,-42.0,72.2,72.2,0,0,5.8,49.0,,26,0
430.5,16:27:49,2399723341,1076598493,250,446,2021318,0,168,0,17,1,-42.0,72.2,72.2,0,0,6.6,49.0,,27,0
431.5,16:27:50,2399723766,1076599029,425,536,2021321,0,168,0,17,1,-42.0,72.2,72.2,2,0,6.1,49.0,,27,0
432.6,16:27:51,2399723766,1076599227,0,198,2021321,0,168,0,17,1,-42.0,72.2,72.2,0,0,4.9,50.0,,26,0
433.6,16:27:52,2399724105,1076599656,339,429,2021323,0,168,0,17,1,-42.0,65.0,72.2,1,0,4.7,48.0,,25,0
434.6,16:27:53,2399724431,1076600152,326,496,2021324,0,168,0,17,1,-41.0,65.0,150.0,0,0,5.2,49.0,,26,0
435.6,16:27:54,2399724431,1076600416,0,264,2021324,0,168,0,17,1,-42.0,65.0,72.2,0,0,5.6,48.0,,26,0
436.6,16:27:55,2399792691,1076601619,68260,1203,2021373,0,168,0,17,1,-41.0,72.2,72.2,2,0,9.0,54.0,,26,0
437.6,16:27:56,2399839547,1076602285,46856,666,2021404,0,168,0,17,1,-42.0,72.2,72.2,2,0,6.6,50.0,,25,0
438.6,16:27:57,2399839547,1076602351,0,66,2021404,0,168,0,17,1,-42.0,72.2,72.2,0,0,5.4,50.0,,26,0
439.6,16:27:58,2399839547,1076602417,0,66,2021404,0,168,0,17,1,-42.0,72.2,72.2,0,0,6.5,50.0,,26,0
440.6,16:27:59,2399839547,1076602483,0,66,2021404,0,168,0,17,1,-41.0,72.2,72.2,0,0,4.2,50.0,,27,0
441.7,16:28:00,2399839547,1076602747,0,264,2021404,0,168,0,17,1,-41.0,72.2,72.2,0,0,4.6,50.0,,26,0
442.7,16:28:01,2399839621,1076602867,74,120,2021405,0,168,0,17,1,-41.0,72.2,72.2,0,0,5.3,49.0,,26,0
443.7,16:28:02,2399839871,1076603313,250,446,2021406,0,168,0,17,1,-42.0,72.2,72.2,0,0,5.1,49.0,,25,0
444.7,16:28:03,2399839871,1076603511,0,198,2021406,0,168,0,17,1,-41.0,72.2,72.2,0,0,5.7,49.0,,26,0
445.7,16:28:04,2399840461,1076604053,590,542,2021412,0,168,0,17,1,-41.0,72.2,72.2,0,0,6.1,49.0,,27,0
446.7,16:28:05,2399841285,1076605412,824,1359,2021421,0,168,0,17,1,-41.0,72.2,72.2,0,0,6.1,50.0,,26,0
447.7,16:28:06,2399954103,1076605922,112818,510,2021495,0,168,0,17,1,-42.0,72.2,72.2,0,0,6.8,49.0,,27,0
448.7,16:28:07,2399954103,1076606252,0,330,2021495,0,168,0,17,1,-41.0,72.2,72.2,0,0,6.1,49.0,,27,0
449.7,16:28:08,2399954103,1076606648,0,396,2021495,0,168,0,17,1,-42.0,72.2,72.2,0,0,6.8,49.0,,26,0
450.7,16:28:09,2399954103,1076607044,0,396,2021495,0,168,0,17,1,-42.0,72.2,72.2,0,0,5.3,50.0,,26,0
451.8,16:28:10,2399954353,1076607465,250,421,2021496,0,168,0,17,1,-41.0,65.0,72.2,0,0,17.1,52.0,,27,0
452.8,16:28:11,2399954427,1076607717,74,252,2021497,0,168,0,17,1,-41.0,72.2,72.2,0,0,8.0,50.0,,27,0
453.8,16:28:12,2399954427,1076607849,0,132,2021497,0,168,0,17,1,-41.0,72.2,72.2,0,0,6.5,50.0,,27,0
454.8,16:28:13,2399954427,1076607981,0,132,2021497,0,168,0,17,1,-41.0,72.2,72.2,0,0,5.5,49.0,,26,0
455.8,16:28:14,2399954427,1076608245,0,264,2021497,0,168,0,17,1,-42.0,72.2,72.2,0,0,6.9,50.0,,27,0
456.8,16:28:15,2399954427,1076608509,0,264,2021497,0,168,0,17,1,-42.0,72.2,72.2,0,0,8.0,49.0,,26,0
457.8,16:28:16,2400069013,1076609794,114586,1285,2021575,0,168,0,17,1,-42.0,72.2,72.2,0,0,7.9,50.0,,27,0
458.8,16:28:17,2400069013,1076610256,0,462,2021575,0,168,0,17,1,-42.0,72.2,72.2,0,0,5.4,50.0,,27,0
459.8,16:28:18,2400069013,1076610322,0,66,2021575,0,168,0,17,1,-41.0,72.2,72.2,0,0,3.7,50.0,,26,0
460.8,16:28:19,2400069013,1076610454,0,132,2021575,0,168,0,17,1,-41.0,72.2,72.2,0,0,5.1,50.0,,27,0
461.9,16:28:20,2400069013,1076610718,0,264,2021575,0,168,0,17,1,-42.0,72.2,72.2,0,0,5.5,49.0,,26,0
462.9,16:28:22,2400069087,1076610838,74,120,2021576,0,168,0,17,1,-42.0,72.2,72.2,0,0,4.1,50.0,,27,0
463.9,16:28:23,2400069087,1076610970,0,132,2021576,0,168,0,17,1,-41.0,72.2,72.2,0,0,5.9,50.0,,26,0
464.9,16:28:24,2400069339,1076611482,252,512,2021577,0,168,0,17,1,-42.0,72.2,72.2,0,0,7.7,49.0,,27,0
465.9,16:28:25,2400069339,1076611680,0,198,2021577,0,168,0,17,1,-40.0,72.2,72.2,0,0,4.8,50.0,,28,0
466.9,16:28:26,2400069339,1076611746,0,66,2021577,0,168,0,17,1,-41.0,72.2,72.2,0,0,4.4,50.0,,27,0
467.9,16:28:27,2400182391,1076612953,113052,1207,2021654,0,168,0,17,1,-42.0,72.2,72.2,0,0,21.2,57.0,,26,0
468.9,16:28:28,2400182391,1076613085,0,132,2021654,0,168,0,17,1,-41.0,72.2,72.2,0,0,42.5,57.0,,27,0
469.9,16:28:29,2400182391,1076613415,0,330,2021654,0,168,0,17,1,-42.0,72.2,72.2,0,0,16.2,55.0,,29,0
471.0,16:28:30,2400182391,1076613613,0,198,2021654,0,168,0,17,1,-41.0,72.2,72.2,0,0,15.9,56.0,,30,0
472.0,16:28:31,2400182391,1076613745,0,132,2021654,0,168,0,17,1,-41.0,72.2,72.2,0,0,15.5,56.0,,31,0
473.0,16:28:32,2400182465,1076614129,74,384,2021655,0,168,0,17,1,-42.0,72.2,72.2,0,0,9.9,52.0,,33,0
474.0,16:28:33,2400182969,1076614443,504,314,2021657,0,168,0,17,1,-42.0,72.2,72.2,1,0,5.9,52.0,,33,0
475.0,16:28:34,2400182969,1076614641,0,198,2021657,0,168,0,17,1,-41.0,72.2,72.2,0,0,13.0,52.0,,32,0
476.0,16:28:35,2400183559,1076615249,590,608,2021663,0,168,0,17,1,-41.0,65.0,72.2,1,0,9.9,52.0,,31,0
477.0,16:28:36,2400184149,1076615989,590,740,2021669,0,168,0,17,1,-41.0,65.0,72.2,0,0,4.5,52.0,,30,0
478.0,16:28:37,2400298735,1076617196,114586,1207,2021747,0,168,0,17,1,-43.0,65.0,72.2,2,0,12.9,53.0,,28,0
479.0,16:28:38,2400298735,1076617394,0,198,2021747,0,168,0,17,1,-42.0,65.0,72.2,0,0,5.8,51.0,,28,0
480.0,16:28:39,2400298735,1076617394,0,0,2021747,0,168,0,17,1,-43.0,65.0,72.2,0,0,6.0,51.0,,29,0
481.1,16:28:40,2400298735,1076617526,0,132,2021747,0,168,0,17,1,-41.0,65.0,72.2,0,0,5.9,52.0,,29,0
482.1,16:28:41,2400298735,1076617526,0,0,2021747,0,168,0,17,1,-39.0,65.0,72.2,0,0,5.4,51.0,,27,0
483.1,16:28:42,2400298809,1076617778,74,252,2021748,0,168,0,17,1,-43.0,65.0,72.2,0,0,5.9,51.0,,28,0
484.1,16:28:43,2400299135,1076618208,326,430,2021749,0,168,0,17,1,-42.0,65.0,72.2,0,0,3.8,51.0,,27,0
485.1,16:28:44,2400299135,1076618538,0,330,2021749,0,168,0,17,1,-42.0,65.0,72.2,0,0,4.4,51.0,,28,0
486.1,16:28:45,2400299135,1076618604,0,66,2021749,0,168,0,17,1,-42.0,65.0,72.2,0,0,7.2,51.0,,28,0
487.1,16:28:46,2400299135,1076618802,0,198,2021749,0,168,0,17,1,-42.0,65.0,72.2,0,0,6.0,51.0,,28,0
488.1,16:28:47,2400299457,1076619619,322,817,2021753,0,168,0,17,1,-41.0,65.0,72.2,0,0,18.2,58.0,,27,0
489.1,16:28:48,2400412275,1076620129,112818,510,2021827,0,168,0,17,1,-41.0,65.0,72.2,0,0,4.8,51.0,,28,0
490.1,16:28:49,2400412275,1076620195,0,66,2021827,0,168,0,17,1,-41.0,65.0,72.2,0,0,3.2,50.0,,29,0
491.1,16:28:50,2400412275,1076620591,0,396,2021827,0,168,0,17,1,-41.0,65.0,72.2,0,0,3.5,50.0,,28,0
492.2,16:28:51,2400412275,1076620723,0,132,2021827,0,168,0,17,1,-42.0,65.0,72.2,0,0,2.8,50.0,,27,0
493.2,16:28:52,2400412683,1076621017,408,294,2021829,0,168,0,17,1,-41.0,65.0,72.2,0,0,3.2,51.0,,28,0
494.2,16:28:53,2400412978,1076621269,295,252,2021831,0,168,0,17,1,-41.0,72.2,72.2,0,0,3.2,50.0,,27,0
495.2,16:28:54,2400413230,1076621492,252,223,2021832,0,168,0,17,1,-42.0,72.2,72.2,0,0,6.0,50.0,,28,0
496.2,16:28:55,2400413230,1076621624,0,132,2021832,0,168,0,17,1,-42.0,72.2,72.2,0,0,4.2,50.0,,28,0
497.2,16:28:56,2400413230,1076621690,0,66,2021832,0,168,0,17,1,-41.0,72.2,72.2,0,0,3.0,50.0,,27,0
498.2,16:28:57,2400413292,1076622194,62,504,2021833,0,168,0,17,1,-42.0,72.2,72.2,0,0,4.2,51.0,,28,0
499.2,16:28:58,2400528406,1076623667,115114,1473,2021913,0,168,0,17,1,-42.0,72.2,72.2,1,0,6.6,50.0,,27,0
500.2,16:28:59,2400528406,1076623865,0,198,2021913,0,168,0,17,1,-42.0,72.2,72.2,0,0,5.1,51.0,,26,0
501.3,16:29:00,2400528406,1076623931,0,66,2021913,0,168,0,17,1,-42.0,72.2,72.2,0,0,3.5,50.0,,28,0
502.3,16:29:01,2400528406,1076624063,0,132,2021913,0,168,0,17,1,-41.0,72.2,72.2,0,0,5.0,51.0,,27,0
503.3,16:29:02,2400528406,1076624129,0,66,2021913,0,168,0,17,1,-41.0,72.2,72.2,0,0,5.4,50.0,,27,0
504.3,16:29:03,2400528480,1076624249,74,120,2021914,0,168,0,17,1,-41.0,72.2,72.2,0,0,3.4,50.0,,27,0
505.3,16:29:04,2400528480,1076624381,0,132,2021914,0,168,0,17,1,-41.0,72.2,72.2,0,0,3.3,51.0,,27,0
506.3,16:29:05,2400529409,1076625352,929,971,2021922,0,168,0,17,1,-41.0,65.0,72.2,1,0,5.6,51.0,,28,0
507.3,16:29:06,2400530148,1076626178,739,826,2021929,0,168,0,17,1,-42.0,72.2,72.2,0,0,5.0,49.0,,28,0
508.3,16:29:07,2400530350,1076626310,202,132,2021930,0,168,0,17,1,-42.0,72.2,72.2,0,0,5.0,50.0,,28,0
509.3,16:29:08,2400644936,1076627583,114586,1273,2022008,0,168,0,17,1,-41.0,72.2,72.2,1,0,9.6,50.0,,27,0
510.4,16:29:09,2400644936,1076627781,0,198,2022008,0,168,0,17,1,-42.0,72.2,72.2,0,0,8.1,50.0,,28,0
511.4,16:29:10,2400644936,1076627781,0,0,2022008,0,168,0,17,1,-42.0,72.2,72.2,0,0,4.8,51.0,,27,0
512.4,16:29:11,2400645407,1076636087,471,8306,2022010,0,168,0,17,1,-42.0,72.2,72.2,0,0,5.6,50.0,,26,0
513.4,16:29:12,2400645407,1076637643,0,1556,2022010,0,168,0,17,1,-42.0,72.2,72.2,0,0,11.1,53.0,,27,0
514.4,16:29:13,2400645481,1076639187,74,1544,2022011,0,168,0,17,1,-42.0,72.2,65.0,0,0,8.8,55.0,,28,0
515.4,16:29:14,2400645481,1076639319,0,132,2022011,0,168,0,17,1,-41.0,72.2,72.2,0,0,5.6,50.0,,28,0
516.4,16:29:15,2400645481,1076642035,0,2716,2022011,0,168,0,17,1,-41.0,72.2,72.2,0,0,6.8,51.0,,27,0
517.4,16:29:16,2400645481,1076642035,0,0,2022011,0,168,0,17,1,-41.0,72.2,72.2,0,0,6.1,50.0,,28,0
518.4,16:29:17,2400645481,1076642167,0,132,2022011,0,168,0,17,1,-41.0,72.2,72.2,0,0,6.5,50.0,,28,0
519.4,16:29:18,2400760067,1076643638,114586,1471,2022089,0,168,0,17,1,-42.0,72.2,72.2,2,0,7.4,51.0,,28,0
520.5,16:29:19,2400760067,1076643836,0,198,2022089,0,168,0,17,1,-42.0,72.2,72.2,0,0,5.8,50.0,,28,0
521.5,16:29:20,2400760067,1076644034,0,198,2022089,0,168,0,17,1,-42.0,72.2,72.2,0,0,7.5,50.0,,27,0
522.5,16:29:21,2400760067,1076644166,0,132,2022089,0,168,0,17,1,-42.0,72.2,72.2,0,0,7.4,51.0,,28,0
523.5,16:29:22,2400760067,1076644166,0,0,2022089,0,168,0,17,1,-42.0,72.2,72.2,0,0,5.0,50.0,,28,0
524.5,16:29:23,2400760067,1076644232,0,66,2022089,0,168,0,17,1,-40.0,72.2,72.2,0,0,9.0,55.0,,27,0
525.5,16:29:24,2400760141,1076644418,74,186,2022090,0,168,0,17,1,-41.0,72.2,72.2,0,0,7.0,51.0,,26,0
526.5,16:29:25,2400760467,1076644716,326,298,2022091,0,168,0,17,1,-41.0,72.2,72.2,0,0,6.1,51.0,,27,0
527.5,16:29:26,2400760467,1076644914,0,198,2022091,0,168,0,17,1,-40.0,72.2,72.2,0,0,4.4,51.0,,27,0
528.5,16:29:27,2400760467,1076644980,0,66,2022091,0,168,0,17,1,-41.0,72.2,72.2,0,0,5.5,50.0,,28,0
529.6,16:29:28,2400873519,1076646199,113052,1219,2022168,0,168,0,17,1,-42.0,72.2,72.2,1,0,7.7,51.0,,28,0
530.6,16:29:29,2400873519,1076646397,0,198,2022168,0,168,0,17,1,-42.0,72.2,72.2,0,0,15.3,51.0,,28,0
531.6,16:29:30,2400873519,1076646463,0,66,2022168,0,168,0,17,1,-42.0,72.2,72.2,0,0,4.9,51.0,,29,0
532.6,16:29:31,2400873519,1076646595,0,132,2022168,0,168,0,17,1,-41.0,72.2,72.2,0,0,6.5,51.0,,27,0
533.6,16:29:32,2400873519,1076646991,0,396,2022168,0,168,0,17,1,-42.0,72.2,72.2,0,0,5.1,51.0,,28,0
534.6,16:29:33,2400873519,1076647255,0,264,2022168,0,168,0,17,1,-42.0,72.2,72.2,0,0,6.2,51.0,,27,0
535.6,16:29:34,2400873593,1076647375,74,120,2022169,0,168,0,17,1,-41.0,72.2,72.2,0,0,5.8,50.0,,27,0
536.6,16:29:35,2400874183,1076648181,590,806,2022175,0,168,0,17,1,-42.0,65.0,72.2,1,0,5.1,50.0,,28,0
537.6,16:29:36,2400874773,1076648723,590,542,2022181,0,168,0,17,1,-39.0,65.0,72.2,0,0,7.5,50.0,,28,0
538.7,16:29:37,2400874773,1076648723,0,0,2022181,0,168,0,17,1,-39.0,65.0,72.2,0,0,3.5,50.0,,27,0
539.7,16:29:38,2400875007,1076649672,234,949,2022184,0,168,0,17,1,-41.0,72.2,72.2,0,0,4.4,59.0,,28,0
540.7,16:29:39,2400989359,1076650338,114352,666,2022259,0,168,0,17,1,-41.0,72.2,72.2,1,0,4.5,51.0,,28,0
541.7,16:29:40,2400989359,1076650470,0,132,2022259,0,168,0,17,1,-41.0,72.2,72.2,0,0,5.9,51.0,,28,0
542.7,16:29:41,2400989359,1076650668,0,198,2022259,0,168,0,17,1,-41.0,72.2,72.2,0,0,5.3,50.0,,27,0
543.7,16:29:42,2400989359,1076650734,0,66,2022259,0,168,0,17,1,-42.0,72.2,72.2,0,0,4.6,50.0,,27,0
544.7,16:29:43,2400989359,1076650866,0,132,2022259,0,168,0,17,1,-41.0,72.2,72.2,0,0,4.1,50.0,,27,0
545.7,16:29:44,2400989433,1076650920,74,54,2022260,0,168,0,17,1,-41.0,72.2,72.2,0,0,4.3,49.0,,26,0
546.7,16:29:45,2400989433,1076651118,0,198,2022260,0,168,0,17,1,-41.0,72.2,72.2,0,0,3.6,50.0,,27,0
547.7,16:29:46,2400989433,1076651250,0,132,2022260,0,168,0,17,1,-41.0,72.2,72.2,0,0,3.4,50.0,,26,0
548.8,16:29:47,2400989433,1076651382,0,132,2022260,0,168,0,17,1,-41.0,72.2,72.2,0,0,4.5,49.0,,27,0
549.8,16:29:48,2400989433,1076651448,0,66,2022260,0,168,0,17,1,-41.0,72.2,72.2,0,0,4.5,50.0,,26,0
550.8,16:29:49,2401104019,1076652721,114586,1273,2022338,0,168,0,17,1,-41.0,72.2,72.2,1,0,13.2,51.0,,27,0
551.8,16:29:50,2401104019,1076652787,0,66,2022338,0,168,0,17,1,-40.0,72.2,72.2,0,0,5.9,51.0,,28,0
552.8,16:29:51,2401104019,1076652853,0,66,2022338,0,168,0,17,1,-41.0,72.2,72.2,0,0,3.5,50.0,,27,0
553.8,16:29:52,2401104019,1076653051,0,198,2022338,0,168,0,17,1,-41.0,72.2,72.2,0,0,3.4,50.0,,26,0
554.8,16:29:53,2401104019,1076653381,0,330,2022338,0,168,0,17,1,-40.0,72.2,72.2,0,0,3.0,50.0,,27,0
555.8,16:29:54,2401104093,1076653567,74,186,2022339,0,168,0,17,1,-41.0,72.2,72.2,0,0,3.2,49.0,,27,0
556.8,16:29:55,2401104093,1076653699,0,132,2022339,0,168,0,17,1,-42.0,72.2,72.2,0,0,3.5,50.0,,27,0
557.9,16:29:56,2401104093,1076653765,0,66,2022339,0,168,0,17,1,-42.0,72.2,72.2,0,0,3.6,50.0,,27,0
558.9,16:29:57,2401104093,1076653831,0,66,2022339,0,168,0,17,1,-41.0,72.2,72.2,0,0,4.0,50.0,,27,0
559.9,16:29:59,2401104093,1076653897,0,66,2022339,0,168,0,17,1,-43.0,72.2,72.2,0,0,4.9,51.0,,27,0
560.9,16:30:00,2401217673,1076655358,113580,1461,2022418,0,168,0,17,1,-49.0,72.2,72.2,0,0,6.8,50.0,,26,0
561.9,16:30:01,2401217673,1076655490,0,132,2022418,0,168,0,17,1,-41.0,72.2,72.2,0,0,3.4,49.0,,27,0
562.9,16:30:02,2401217673,1076655622,0,132,2022418,0,168,0,17,1,-40.0,72.2,72.2,0,0,4.4,50.0,,28,0
563.9,16:30:03,2401217673,1076655754,0,132,2022418,0,168,0,17,1,-41.0,72.2,72.2,0,0,4.9,49.0,,27,0
564.9,16:30:04,2401217673,1076655820,0,66,2022418,0,168,0,17,1,-40.0,72.2,72.2,0,0,5.0,50.0,,26,0
565.9,16:30:05,2401217747,1076655874,74,54,2022419,0,168,0,17,1,-41.0,72.2,72.2,0,0,2.9,49.0,,27,0
567.0,16:30:06,2401218337,1076656350,590,476,2022425,0,168,0,17,1,-39.0,65.0,72.2,2,0,3.7,50.0,,26,0
568.0,16:30:07,2401218927,1076657024,590,674,2022431,0,168,0,17,1,-40.0,65.0,72.2,0,0,4.6,49.0,,26,0
569.0,16:30:08,2401219253,1076657322,326,298,2022432,0,168,0,17,1,-40.0,72.2,72.2,0,0,4.9,49.0,,27,0
570.0,16:30:09,2401219253,1076657388,0,66,2022432,0,168,0,17,1,-40.0,72.2,72.2,0,0,3.5,49.0,,27,0
571.0,16:30:10,2401333839,1076658661,114586,1273,2022510,0,168,0,17,1,-39.0,72.2,72.2,3,0,6.1,49.0,,26,0
572.0,16:30:11,2401333839,1076658793,0,132,2022510,0,168,0,17,1,-40.0,72.2,72.2,0,0,3.6,50.0,,26,0
573.0,16:30:12,2401333839,1076658793,0,0,2022510,0,168,0,17,1,-40.0,72.2,72.2,0,0,3.9,49.0,,27,0
574.0,16:30:13,2401333839,1076658859,0,66,2022510,0,168,0,17,1,-39.0,72.2,72.2,0,0,7.1,49.0,,26,0
575.1,16:30:14,2401333839,1076658925,0,66,2022510,0,168,0,17,1,-40.0,72.2,72.2,0,0,6.2,49.0,,28,0
576.1,16:30:15,2401334529,1076659506,690,581,2022514,0,168,0,17,1,-40.0,72.2,72.2,0,0,5.0,50.0,,27,0
577.1,16:30:16,2401334921,1076659914,392,408,2022516,0,168,0,17,1,-41.0,72.2,72.2,2,0,5.7,50.0,,26,0
578.1,16:30:17,2401334921,1076660046,0,132,2022516,0,168,0,17,1,-39.0,72.2,72.2,0,0,4.2,51.0,,27,0
579.1,16:30:18,2401334921,1076660178,0,132,2022516,0,168,0,17,1,-39.0,72.2,72.2,0,0,4.1,50.0,,27,0
580.1,16:30:19,2401334921,1076660244,0,66,2022516,0,168,0,17,1,-40.0,72.2,72.2,0,0,4.0,50.0,,27,0
581.1,16:30:20,2401335541,1076661208,620,964,2022520,0,168,0,17,1,-49.0,65.0,72.2,0,0,6.6,54.0,,27,0
582.1,16:30:21,2401448359,1076661718,112818,510,2022594,0,168,0,17,1,-45.0,65.0,72.2,1,0,4.9,51.0,,26,0
583.1,16:30:22,2401448359,1076661850,0,132,2022594,0,168,0,17,1,-50.0,65.0,72.2,0,0,3.6,50.0,,27,0
584.1,16:30:23,2401448359,1076662114,0,264,2022594,0,168,0,17,1,-46.0,65.0,72.2,0,0,4.2,50.0,,27,0
585.1,16:30:24,2401448359,1076662114,0,0,2022594,0,168,0,17,1,-46.0,65.0,72.2,0,0,3.4,50.0,,27,0
586.2,16:30:25,2401448359,1076662180,0,66,2022594,0,168,0,17,1,-44.0,65.0,72.2,0,0,4.0,50.0,,26,0
587.2,16:30:26,2401448433,1076662234,74,54,2022595,0,168,0,17,1,-41.0,72.2,72.2,0,0,6.5,50.0,,27,0
588.2,16:30:27,2401448433,1076662366,0,132,2022595,0,168,0,17,1,-43.0,72.2,72.2,0,0,3.0,49.0,,27,0
589.2,16:30:28,2401448433,1076662366,0,0,2022595,0,168,0,17,1,-43.0,72.2,72.2,0,0,7.9,58.0,,27,0
590.2,16:30:29,2401448433,1076662432,0,66,2022595,0,168,0,17,1,-43.0,72.2,72.2,0,0,27.6,56.0,,26,0
591.2,16:30:30,2401448667,1076663381,234,949,2022598,0,168,0,17,1,-43.0,72.2,72.2,0,0,15.3,62.0,,27,0
592.2,16:30:31,2401564275,1076663903,115608,522,2022674,0,168,0,17,1,-42.0,72.2,72.2,1,0,18.4,57.0,,28,0
593.2,16:30:32,2401570223,1076665033,5948,1130,2022681,0,168,0,17,1,-43.0,72.2,72.2,0,0,14.1,57.0,,29,0
594.2,16:30:33,2401572982,1076665982,2759,949,2022683,0,168,0,17,1,-43.0,72.2,72.2,0,0,9.1,52.0,,31,0
595.2,16:30:34,2401574202,1076667049,1220,1067,2022685,0,168,0,17,1,-43.0,72.2,72.2,0,0,11.2,61.0,,32,0
596.2,16:30:35,2401576378,1076668274,2176,1225,2022687,0,168,0,17,1,-45.0,72.2,72.2,0,0,5.3,52.0,,31,0
597.3,16:30:36,2401582096,1076669888,5718,1614,2022697,0,168,0,17,1,-41.0,72.2,72.2,2,0,4.4,51.0,,31,0
598.3,16:30:37,2401592474,1076671952,10378,2064,2022711,0,168,0,17,1,-42.0,72.2,72.2,0,0,2.9,51.0,,29,0
599.3,16:30:38,2401596701,1076672743,4227,791,2022714,0,168,0,17,1,-41.0,72.2,72.2,0,0,5.0,51.0,,28,0
600.3,16:30:39,2401599010,1076673675,2309,932,2022716,0,168,0,17,1,-42.0,72.2,72.2,2,0,4.2,50.0,,27,0
601.3,16:30:40,2401600634,1076674607,1624,932,2022718,0,168,0,17,1,-42.0,72.2,72.2,0,0,2.4,50.0,,28,0
602.3,16:30:41,2401602908,1076675694,2274,1087,2022720,0,168,0,17,1,-42.0,72.2,72.2,0,0,4.4,50.0,,28,0
603.3,16:30:42,2401604793,1076676634,1885,940,2022722,0,168,0,17,1,-41.0,65.0,72.2,0,0,2.9,50.0,,28,0
604.3,16:30:43,2401608341,1076677503,3548,869,2022725,0,168,0,17,1,-43.0,72.2,72.2,0,0,3.4,50.0,,28,0
605.3,16:30:44,2401616588,1076678371,8247,868,2022731,0,168,0,17,1,-43.0,72.2,72.2,0,0,3.0,50.0,,27,0
606.4,16:30:45,2401620619,1076679113,4031,742,2022734,0,168,0,17,1,-42.0,72.2,72.2,0,0,3.7,50.0,,28,0
607.4,16:30:46,2401627328,1076679790,6709,677,2022739,0,168,0,17,1,-41.0,72.2,72.2,0,0,3.6,50.0,,28,0
608.4,16:30:47,2401627743,1076680470,415,680,2022741,0,168,0,17,1,-43.0,72.2,72.2,0,0,5.6,50.0,,28,0
609.4,16:30:48,2401627743,1076680800,0,330,2022741,0,168,0,17,1,-43.0,72.2,72.2,0,0,3.2,50.0,,27,0
610.4,16:30:49,2401627743,1076680932,0,132,2022741,0,168,0,17,1,-42.0,72.2,72.2,0,0,3.5,51.0,,27,0
611.4,16:30:50,2401627743,1076681196,0,264,2022741,0,168,0,17,1,-44.0,72.2,72.2,0,0,6.4,50.0,,27,0
612.4,16:30:51,2401627817,1076681382,74,186,2022742,0,168,0,17,1,-42.0,72.2,72.2,0,0,4.5,50.0,,27,0
613.4,16:30:52,2401627817,1076681448,0,66,2022742,0,168,0,17,1,-42.0,72.2,72.2,0,0,3.5,50.0,,28,0
614.4,16:30:53,2401627817,1076681712,0,264,2022742,0,168,0,17,1,-43.0,72.2,72.2,0,0,2.6,49.0,,27,0
615.5,16:30:54,2401627817,1076682240,0,528,2022742,0,168,0,17,1,-42.0,72.2,72.2,0,0,3.1,50.0,,26,0
616.5,16:30:55,2401627817,1076682306,0,66,2022742,0,168,0,17,1,-42.0,72.2,72.2,0,0,3.7,49.0,,27,0
617.5,16:30:56,2401627817,1076682702,0,396,2022742,0,168,0,17,1,-43.0,72.2,72.2,0,0,3.4,50.0,,26,0
618.5,16:30:57,2401627817,1076682702,0,0,2022742,0,168,0,17,1,-43.0,72.2,72.2,0,0,3.2,49.0,,27,0
619.5,16:30:58,2401627879,1076682810,62,108,2022743,0,168,0,17,1,-44.0,72.2,72.2,0,0,3.0,50.0,,26,0
620.5,16:30:59,2401627879,1076682810,0,0,2022743,0,168,0,17,1,-44.0,72.2,72.2,0,0,5.6,49.0,,27,0
621.5,16:31:00,2401627879,1076683074,0,264,2022743,0,168,0,17,1,-42.0,72.2,72.2,0,0,3.4,51.0,,26,0
622.5,16:31:01,2401627879,1076683074,0,0,2022743,0,168,0,17,1,-42.0,72.2,72.2,0,0,2.9,50.0,,27,0
623.5,16:31:02,2401627879,1076683206,0,132,2022743,0,168,0,17,1,-42.0,72.2,72.2,0,0,4.0,50.0,,27,0
624.5,16:31:03,2401627879,1076683338,0,132,2022743,0,168,0,17,1,-42.0,72.2,72.2,0,0,5.8,50.0,,27,0
625.6,16:31:04,2401627879,1076683536,0,198,2022743,0,168,0,17,1,-42.0,72.2,72.2,0,0,9.6,51.0,,27,0
626.6,16:31:05,2401627879,1076683602,0,66,2022743,0,168,0,17,1,-42.0,72.2,72.2,0,0,3.4,50.0,,27,0
627.6,16:31:06,2401628469,1076684276,590,674,2022749,0,168,0,17,1,-42.0,72.2,72.2,1,0,3.1,50.0,,27,0
628.6,16:31:07,2401629059,1076684818,590,542,2022755,0,168,0,17,1,-42.0,72.2,72.2,0,0,3.0,51.0,,27,0
629.6,16:31:08,2401629059,1076685214,0,396,2022755,0,168,0,17,1,-43.0,72.2,72.2,0,0,3.5,50.0,,27,0
630.6,16:31:09,2401629059,1076685346,0,132,2022755,0,168,0,17,1,-43.0,72.2,72.2,0,0,6.5,50.0,,26,0
631.6,16:31:10,2401629059,1076685636,0,290,2022755,0,168,0,17,1,-44.0,72.2,72.2,0,0,8.6,50.0,,27,0
632.6,16:31:11,2401629530,1076689842,471,4206,2022757,0,168,0,17,1,-43.0,72.2,72.2,0,0,3.1,50.0,,26,0
633.6,16:31:12,2401629530,1076691266,0,1424,2022757,0,168,0,17,1,-44.0,72.2,72.2,0,0,4.6,50.0,,27,0
634.7,16:31:13,2401629530,1076692558,0,1292,2022757,0,168,0,17,1,-42.0,72.2,72.2,0,0,3.1,51.0,,26,0
635.7,16:31:14,2401629592,1076692732,62,174,2022758,0,168,0,17,1,-42.0,72.2,72.2,0,0,4.6,50.0,,27,0
636.7,16:31:15,2401629592,1076694156,0,1424,2022758,0,168,0,17,1,-43.0,72.2,72.2,0,0,5.7,51.0,,27,0
637.7,16:31:16,2401629592,1076694156,0,0,2022758,0,168,0,17,1,-43.0,72.2,72.2,0,0,9.8,50.0,,27,0
638.7,16:31:17,2401629592,1076694156,0,0,2022758,0,168,0,17,1,-43.0,72.2,72.2,0,0,3.5,51.0,,27,0
639.7,16:31:18,2401629592,1076694420,0,264,2022758,0,168,0,17,1,-42.0,72.2,72.2,0,0,4.2,52.0,,27,0
640.7,16:31:19,2401629592,1076694486,0,66,2022758,0,168,0,17,1,-42.0,72.2,72.2,0,0,4.8,49.0,,26,0
641.7,16:31:20,2401629592,1076694486,0,0,2022758,0,168,0,17,1,-42.0,72.2,72.2,0,0,4.0,49.0,,27,0
642.7,16:31:21,2401629592,1076694486,0,0,2022758,0,168,0,17,1,-42.0,72.2,72.2,0,0,4.7,49.0,,26,0
643.8,16:31:22,2401629592,1076694486,0,0,2022758,0,168,0,17,1,-42.0,72.2,72.2,0,0,3.7,49.0,,26,0
644.8,16:31:23,2401629592,1076694618,0,132,2022758,0,168,0,17,1,-44.0,72.2,72.2,0,0,3.9,50.0,,27,0
645.8,16:31:24,2401629592,1076694684,0,66,2022758,0,168,0,17,1,-44.0,72.2,72.2,0,0,4.0,48.0,,27,0
646.8,16:31:25,2401630282,1076695199,690,515,2022762,0,168,0,17,1,-42.0,72.2,72.2,1,0,5.1,49.0,,26,0
647.8,16:31:26,2401630282,1076695463,0,264,2022762,0,168,0,17,1,-43.0,72.2,72.2,0,0,4.2,50.0,,27,0
648.8,16:31:27,2401630282,1076695529,0,66,2022762,0,168,0,17,1,-43.0,72.2,72.2,0,0,3.5,49.0,,26,0
649.8,16:31:28,2401630282,1076695661,0,132,2022762,0,168,0,17,1,-44.0,72.2,72.2,0,0,3.5,49.0,,27,0
650.8,16:31:29,2401630282,1076695661,0,0,2022762,0,168,0,17,1,-44.0,72.2,72.2,0,0,3.9,49.0,,26,0
651.8,16:31:30,2401630344,1076695703,62,42,2022763,0,168,0,17,1,-41.0,65.0,72.2,0,0,3.5,50.0,,27,0
652.8,16:31:31,2401631004,1076699921,660,4218,2022765,0,168,0,17,1,-42.0,65.0,72.2,0,0,3.8,50.0,,27,0
653.9,16:31:32,2401631875,1076701837,871,1916,2022767,0,168,0,17,1,-43.0,72.2,72.2,1,0,3.9,49.0,,26,0
654.9,16:31:33,2401631875,1076703393,0,1556,2022767,0,168,0,17,1,-43.0,72.2,72.2,0,0,17.5,57.0,,27,0
655.9,16:31:35,2401631875,1076703591,0,198,2022767,0,168,0,17,1,-42.0,72.2,72.2,0,0,10.4,51.0,,28,0
656.9,16:31:36,2401631949,1076705136,74,1545,2022768,0,168,0,17,1,-44.0,72.2,72.2,0,0,3.9,51.0,,29,0
657.9,16:31:37,2401632539,1076705678,590,542,2022774,0,168,0,17,1,-43.0,65.0,72.2,0,0,2.7,50.0,,29,0
658.9,16:31:38,2401633129,1076706154,590,476,2022780,0,168,0,17,1,-44.0,65.0,72.2,2,0,22.5,58.0,,27,0
659.9,16:31:39,2401633129,1076706286,0,132,2022780,0,168,0,17,1,-44.0,65.0,72.2,0,0,14.6,56.0,,28,0
660.9,16:31:40,2401633129,1076706550,0,264,2022780,0,168,0,17,1,-45.0,65.0,72.2,0,0,14.6,57.0,,29,0
661.9,16:31:41,2401633129,1076706748,0,198,2022780,0,168,0,17,1,-44.0,65.0,72.2,0,0,10.9,53.0,,31,0
662.9,16:31:42,2401633129,1076706748,0,0,2022780,0,168,0,17,1,-44.0,65.0,72.2,0,0,2.9,52.0,,32,0
664.0,16:31:43,2401633191,1076706790,62,42,2022781,0,168,0,17,1,-42.0,72.2,72.2,0,0,3.1,51.0,,31,0
665.0,16:31:44,2401633191,1076706790,0,0,2022781,0,168,0,17,1,-42.0,72.2,72.2,0,0,4.6,51.0,,30,0
666.0,16:31:45,2401633191,1076706790,0,0,2022781,0,168,0,17,1,-42.0,72.2,72.2,0,0,8.0,51.0,,29,0
667.0,16:31:46,2401633191,1076706856,0,66,2022781,0,168,0,17,1,-42.0,72.2,72.2,0,0,7.3,51.0,,28,0
668.0,16:31:47,2401633191,1076707054,0,198,2022781,0,168,0,17,1,-42.0,72.2,72.2,0,0,4.1,51.0,,28,0
669.0,16:31:48,2401633191,1076707318,0,264,2022781,0,168,0,17,1,-44.0,72.2,72.2,0,0,14.3,51.0,,28,0
670.0,16:31:49,2401633191,1076707516,0,198,2022781,0,168,0,17,1,-44.0,72.2,72.2,0,0,3.6,51.0,,29,0
671.0,16:31:50,2401633191,1076707582,0,66,2022781,0,168,0,17,1,-43.0,72.2,72.2,0,0,5.5,51.0,,28,0
672.0,16:31:51,2401633191,1076707714,0,132,2022781,0,168,0,17,1,-43.0,72.2,72.2,0,0,6.6,51.0,,27,0
673.1,16:31:52,2401633253,1076707756,62,42,2022782,0,168,0,17,1,-44.0,72.2,72.2,0,0,3.6,51.0,,28,0
674.1,16:31:53,2401633253,1076708020,0,264,2022782,0,168,0,17,1,-43.0,72.2,72.2,0,0,4.1,53.0,,27,0
675.1,16:31:54,2401633253,1076708218,0,198,2022782,0,168,0,17,1,-43.0,72.2,72.2,0,0,14.7,59.0,,27,0
676.1,16:31:55,2401633253,1076708416,0,198,2022782,0,168,0,17,1,-45.0,72.2,72.2,0,0,14.6,56.0,,29,0
677.1,16:31:56,2401633253,1076708614,0,198,2022782,0,168,0,17,1,-42.0,72.2,72.2,0,0,15.2,57.0,,30,0
678.1,16:31:57,2401633253,1076708746,0,132,2022782,0,168,0,17,1,-42.0,72.2,72.2,0,0,15.8,60.0,,31,0
679.1,16:31:58,2401633253,1076708812,0,66,2022782,0,168,0,17,1,-44.0,72.2,72.2,0,0,21.7,57.0,,33,0
680.1,16:31:59,2401633315,1076708854,62,42,2022783,0,168,0,17,1,-42.0,72.2,72.2,1,0,16.4,60.0,,34,0
681.1,16:32:00,2401633315,1076708986,0,132,2022783,0,168,0,17,1,-44.0,72.2,72.2,0,0,18.2,59.0,,33,0
682.1,16:32:01,2401633315,1076709184,0,198,2022783,0,168,0,17,1,-43.0,72.2,72.2,0,0,16.6,59.0,,34,0
683.1,16:32:02,2401633315,1076709184,0,0,2022783,0,168,0,17,1,-43.0,72.2,72.2,0,0,15.0,60.0,,35,0
684.1,16:32:03,2401633315,1076709250,0,66,2022783,0,168,0,17,1,-43.0,72.2,72.2,0,0,14.6,60.0,,37,0
685.1,16:32:04,2401633315,1076709250,0,0,2022783,0,168,0,17,1,-43.0,72.2,72.2,0,0,14.9,59.0,,37,0
686.1,16:32:05,2401633315,1076709316,0,66,2022783,0,168,0,17,1,-42.0,72.2,72.2,0,0,15.2,61.0,,37,0
687.2,16:32:06,2401633315,1076709316,0,0,2022783,0,168,0,17,1,-42.0,72.2,72.2,0,0,15.3,61.0,,37,0
688.2,16:32:07,2401633905,1076709792,590,476,2022789,0,168,0,17,1,-44.0,72.2,72.2,2,0,13.7,56.0,,38,0
689.2,16:32:08,2401634495,1076710400,590,608,2022795,0,168,0,17,1,-44.0,65.0,72.2,0,0,5.6,58.0,,38,0
690.2,16:32:09,2401634495,1076710532,0,132,2022795,0,168,0,17,1,-45.0,65.0,72.2,0,0,11.3,54.0,,37,0
691.2,16:32:10,2401634495,1076710532,0,0,2022795,0,168,0,17,1,-45.0,65.0,72.2,0,0,3.1,53.0,,35,0
692.2,16:32:11,2401634495,1076710532,0,0,2022795,0,168,0,17,1,-45.0,65.0,72.2,0,0,3.5,52.0,,34,0
693.2,16:32:12,2401634495,1076710532,0,0,2022795,0,168,0,17,1,-45.0,65.0,72.2,0,0,3.4,52.0,,33,0
694.2,16:32:13,2401634495,1076710532,0,0,2022795,0,168,0,17,1,-45.0,65.0,72.2,0,0,4.5,52.0,,32,0
695.2,16:32:14,2401634495,1076710664,0,132,2022795,0,168,0,17,1,-44.0,65.0,72.2,0,0,2.6,53.0,,30,0
696.2,16:32:15,2401634495,1076711060,0,396,2022795,0,168,0,17,1,-45.0,65.0,72.2,0,0,3.5,54.0,,29,0
697.3,16:32:16,2401634495,1076711324,0,264,2022795,0,168,0,17,1,-44.0,65.0,72.2,0,0,3.1,53.0,,28,0
698.3,16:32:17,2401634495,1076711456,0,132,2022795,0,168,0,17,1,-45.0,65.0,72.2,0,0,4.3,52.0,,28,0
699.3,16:32:18,2401634495,1076711720,0,264,2022795,0,168,0,17,1,-45.0,65.0,72.2,0,0,4.6,53.0,,29,0
700.3,16:32:19,2401634495,1076711720,0,0,2022795,0,168,0,17,1,-45.0,65.0,72.2,0,0,3.4,51.0,,28,0
701.3,16:32:20,2401634557,1076711762,62,42,2022796,0,168,0,17,1,-44.0,72.2,72.2,3,0,6.0,51.0,,28,0
702.3,16:32:21,2401634557,1076711960,0,198,2022796,0,168,0,17,1,-45.0,72.2,72.2,0,0,5.3,51.0,,28,0
703.3,16:32:22,2401634557,1076712158,0,198,2022796,0,168,0,17,1,-46.0,72.2,72.2,0,0,5.9,51.0,,28,0
704.3,16:32:23,2401634557,1076712158,0,0,2022796,0,168,0,17,1,-46.0,72.2,72.2,0,0,4.0,51.0,,29,0
705.3,16:32:24,2401634557,1076712158,0,0,2022796,0,168,0,17,1,-46.0,72.2,72.2,0,0,6.2,51.0,,28,0
706.4,16:32:25,2401634557,1076712158,0,0,2022796,0,168,0,17,1,-46.0,72.2,72.2,0,0,9.2,51.0,,28,0
707.4,16:32:26,2401634557,1076712158,0,0,2022796,0,168,0,17,1,-46.0,72.2,72.2,0,0,3.7,51.0,,29,0
708.4,16:32:27,2401634557,1076712158,0,0,2022796,0,168,0,17,1,-46.0,72.2,72.2,0,0,2.6,52.0,,28,0
709.4,16:32:28,2401634557,1076712158,0,0,2022796,0,168,0,17,1,-46.0,72.2,72.2,0,0,2.8,51.0,,27,0
710.4,16:32:29,2401634557,1076712356,0,198,2022796,0,168,0,17,1,-45.0,72.2,72.2,0,0,2.7,51.0,,28,0
711.4,16:32:30,2401634557,1076712554,0,198,2022796,0,168,0,17,1,-44.0,72.2,72.2,0,0,3.0,50.0,,28,0
712.4,16:32:31,2401634557,1076712554,0,0,2022796,0,168,0,17,1,-44.0,72.2,72.2,0,0,4.8,51.0,,28,0
713.4,16:32:32,2401634557,1076712554,0,0,2022796,0,168,0,17,1,-44.0,72.2,72.2,0,0,2.7,50.0,,28,0
714.5,16:32:33,2401634557,1076712554,0,0,2022796,0,168,0,17,1,-44.0,72.2,72.2,0,0,3.5,51.0,,28,0
715.5,16:32:34,2401634557,1076712554,0,0,2022796,0,168,0,17,1,-44.0,72.2,72.2,0,0,5.7,51.0,,28,0
716.5,16:32:35,2401634557,1076712686,0,132,2022796,0,168,0,17,1,-44.0,72.2,72.2,0,0,3.4,50.0,,28,0
717.5,16:32:36,2401634557,1076712950,0,264,2022796,0,168,0,17,1,-43.0,72.2,72.2,0,0,3.1,50.0,,28,0
718.5,16:32:37,2401634750,1076713231,193,281,2022798,0,168,0,17,1,-43.0,65.0,72.2,0,0,2.7,51.0,,28,0
719.5,16:32:38,2401634898,1076713495,148,264,2022800,0,168,0,17,1,-44.0,72.2,72.2,3,0,3.4,50.0,,28,0
720.5,16:32:39,2401635736,1076714208,838,713,2022806,0,168,0,17,1,-43.0,65.0,72.2,0,0,11.5,51.0,,28,0
721.5,16:32:40,2401635736,1076714340,0,132,2022806,0,168,0,17,1,-44.0,65.0,72.2,0,0,9.1,50.0,,28,0
722.5,16:32:41,2401635798,1076714382,62,42,2022807,0,168,0,17,1,-41.0,65.0,72.2,0,0,3.9,51.0,,28,0
723.6,16:32:42,2401635798,1076714646,0,264,2022807,0,168,0,17,1,-43.0,65.0,72.2,0,0,3.6,50.0,,28,0
724.6,16:32:43,2401635860,1076714820,62,174,2022808,0,168,0,17,1,-43.0,72.2,72.2,0,0,3.5,51.0,,27,0
725.6,16:32:44,2401635860,1076714820,0,0,2022808,0,168,0,17,1,-43.0,72.2,72.2,0,0,3.7,50.0,,27,0
726.6,16:32:45,2401635860,1076714820,0,0,2022808,0,168,0,17,1,-43.0,72.2,72.2,0,0,3.1,50.0,,26,0
727.6,16:32:46,2401635860,1076714952,0,132,2022808,0,168,0,17,1,-43.0,72.2,72.2,0,0,3.5,50.0,,27,0
728.6,16:32:47,2401636328,1076715176,468,224,2022810,0,168,0,17,1,-42.0,65.0,72.2,0,0,3.9,50.0,,27,0
729.6,16:32:48,2401636328,1076715308,0,132,2022810,0,168,0,17,1,-44.0,65.0,72.2,0,0,3.6,50.0,,26,0
730.6,16:32:49,2401636328,1076715374,0,66,2022810,0,168,0,17,1,-44.0,65.0,72.2,0,0,3.7,50.0,,27,0
731.6,16:32:50,2401636328,1076715572,0,198,2022810,0,168,0,17,1,-43.0,65.0,72.2,0,0,3.5,50.0,,27,0
732.7,16:32:51,2401636328,1076715770,0,198,2022810,0,168,0,17,1,-44.0,65.0,72.2,0,0,4.0,49.0,,26,0
733.7,16:32:52,2401636328,1076715770,0,0,2022810,0,168,0,17,1,-44.0,65.0,72.2,0,0,3.5,49.0,,27,0
734.7,16:32:53,2401636390,1076715812,62,42,2022811,0,168,0,17,1,-42.0,72.2,72.2,0,0,4.0,50.0,,26,0
735.7,16:32:54,2401636390,1076716010,0,198,2022811,0,168,0,17,1,-44.0,72.2,72.2,0,0,4.0,49.0,,26,0
736.7,16:32:55,2401636390,1076716142,0,132,2022811,0,168,0,17,1,-43.0,72.2,72.2,0,0,3.9,50.0,,28,0
737.7,16:32:56,2401636390,1076716274,0,132,2022811,0,168,0,17,1,-43.0,72.2,72.2,0,0,3.6,48.0,,27,0
738.7,16:32:57,2401636390,1076716472,0,198,2022811,0,168,0,17,1,-43.0,72.2,72.2,0,0,7.6,50.0,,26,0
739.7,16:32:58,2401636390,1076716670,0,198,2022811,0,168,0,17,1,-44.0,72.2,72.2,0,0,2.6,50.0,,26,0
740.8,16:32:59,2401636390,1076716736,0,66,2022811,0,168,0,17,1,-42.0,72.2,72.2,0,0,3.1,48.0,,27,0
741.8,16:33:00,2401637050,1076721020,660,4284,2022813,0,168,0,17,1,-42.0,72.2,72.2,0,0,23.0,60.0,,26,0
742.8,16:33:01,2401637112,1076722486,62,1466,2022814,0,168,0,17,1,-43.0,65.0,72.2,0,0,42.2,62.0,,26,0
743.8,16:33:02,2401637112,1076723976,0,1490,2022814,0,168,0,17,1,-44.0,65.0,72.2,0,0,26.6,61.0,,27,0
744.8,16:33:03,2401637112,1076724240,0,264,2022814,0,168,0,17,1,-43.0,65.0,72.2,0,0,27.0,61.0,,29,0
745.8,16:33:04,2401637112,1076725796,0,1556,2022814,0,168,0,17,1,-44.0,65.0,72.2,0,0,26.7,62.0,,30,0
746.8,16:33:05,2401637112,1076725862,0,66,2022814,0,168,0,17,1,-43.0,65.0,72.2,0,0,27.2,64.0,,31,0
747.8,16:33:06,2401637112,1076725928,0,66,2022814,0,168,0,17,1,-42.0,65.0,72.2,0,0,14.8,56.0,,33,0
748.8,16:33:07,2401637112,1076726126,0,198,2022814,0,168,0,17,1,-42.0,65.0,72.2,0,0,16.9,58.0,,34,0
749.8,16:33:08,2401637174,1076726300,62,174,2022815,0,168,0,17,1,-42.0,72.2,72.2,0,0,16.0,63.0,,35,0
750.8,16:33:09,2401637174,1076726498,0,198,2022815,0,168,0,17,1,-43.0,72.2,72.2,0,0,8.2,60.0,,37,0
751.8,16:33:10,2401637174,1076726564,0,66,2022815,0,168,0,17,1,-44.0,72.2,72.2,0,0,4.1,54.0,,37,0
752.8,16:33:11,2401637174,1076726828,0,264,2022815,0,168,0,17,1,-44.0,72.2,72.2,0,0,10.8,52.0,,36,0
753.9,16:33:12,2401637408,1076727078,234,250,2022818,0,168,0,17,1,-45.0,72.2,72.2,0,0,5.0,54.0,,35,0
754.9,16:33:13,2401638692,1076728026,1284,948,2022829,0,168,0,17,1,-43.0,72.2,72.2,0,0,6.0,52.0,,34,0
755.9,16:33:15,2401639284,1076728686,592,660,2022837,0,168,0,17,1,-44.0,72.2,72.2,0,0,4.1,53.0,,32,0
756.9,16:33:16,2401639654,1076729280,370,594,2022842,0,168,0,17,1,-44.0,72.2,72.2,0,0,2.9,52.0,,31,0
757.9,16:33:17,2401639654,1076729478,0,198,2022842,0,168,0,17,1,-44.0,72.2,72.2,0,0,4.5,51.0,,30,0
758.9,16:33:18,2401639716,1076729718,62,240,2022843,0,168,0,17,1,-43.0,72.2,72.2,0,0,2.5,51.0,,28,0
759.9,16:33:19,2401639778,1076729958,62,240,2022844,0,168,0,17,1,-43.0,72.2,72.2,0,0,3.7,51.0,,28,0
760.9,16:33:20,2401639778,1076730222,0,264,2022844,0,168,0,17,1,-43.0,72.2,72.2,0,0,4.1,51.0,,28,0
761.9,16:33:21,2401639778,1076730420,0,198,2022844,0,168,0,17,1,-43.0,72.2,72.2,0,0,4.9,52.0,,28,0
763.0,16:33:22,2401639778,1076730684,0,264,2022844,0,168,0,17,1,-43.0,72.2,72.2,0,0,3.1,51.0,,29,0
764.0,16:33:23,2401639778,1076730816,0,132,2022844,0,168,0,17,1,-42.0,72.2,72.2,0,0,2.9,51.0,,29,0
765.0,16:33:24,2401639778,1076731014,0,198,2022844,0,168,0,17,1,-43.0,72.2,72.2,0,0,2.7,51.0,,28,0
766.0,16:33:25,2401639840,1076731254,62,240,2022845,0,168,0,17,1,-44.0,72.2,72.2,0,0,3.1,50.0,,28,0
767.0,16:33:26,2401639840,1076731452,0,198,2022845,0,168,0,17,1,-43.0,72.2,72.2,0,0,3.0,51.0,,27,0
768.0,16:33:27,2401639840,1076731584,0,132,2022845,0,168,0,17,1,-42.0,72.2,72.2,0,0,3.4,51.0,,27,0
769.0,16:33:28,2401639840,1076731716,0,132,2022845,0,168,0,17,1,-43.0,72.2,72.2,0,0,2.9,50.0,,27,0
770.0,16:33:29,2401639840,1076731980,0,264,2022845,0,168,0,17,1,-44.0,72.2,72.2,0,0,2.9,51.0,,27,0
771.0,16:33:30,2401639840,1076732046,0,66,2022845,0,168,0,17,1,-45.0,72.2,72.2,0,0,14.3,50.0,,27,0
772.1,16:33:31,2401639840,1076732046,0,0,2022845,0,168,0,17,1,-45.0,72.2,72.2,0,0,4.9,51.0,,28,0
773.1,16:33:32,2401640050,1076732352,210,306,2022848,0,168,0,17,1,-43.0,72.2,72.2,0,0,4.6,51.0,,29,0
774.1,16:33:33,2401640494,1076732946,444,594,2022854,0,168,0,17,1,-43.0,72.2,72.2,0,0,4.0,51.0,,28,0
775.1,16:33:34,2401641362,1076733696,868,750,2022862,0,168,0,17,1,-43.0,72.2,72.2,1,0,3.0,51.0,,28,0
776.1,16:33:35,2401641436,1076733894,74,198,2022863,0,168,0,17,1,-43.0,72.2,72.2,0,0,2.7,50.0,,28,0
777.1,16:33:36,2401641436,1076733960,0,66,2022863,0,168,0,17,1,-43.0,72.2,72.2,0,0,3.0,51.0,,28,0
778.1,16:33:37,2401641498,1076734200,62,240,2022864,0,168,0,17,1,-44.0,72.2,72.2,0,0,3.9,50.0,,27,0
779.1,16:33:38,2401641646,1076734464,148,264,2022866,0,168,0,17,1,-44.0,72.2,72.2,0,0,2.7,51.0,,27,0
780.1,16:33:39,2401641942,1076734926,296,462,2022870,0,168,0,17,1,-42.0,72.2,72.2,1,0,2.5,49.0,,27,0
781.2,16:33:40,2401642238,1076735322,296,396,2022874,0,168,0,17,1,-42.0,65.0,72.2,0,0,3.2,50.0,,26,0
782.2,16:33:41,2401642238,1076735784,0,462,2022874,0,168,0,17,1,-42.0,65.0,72.2,0,0,11.8,52.0,,27,0
783.2,16:33:42,2401642238,1076735916,0,132,2022874,0,168,0,17,1,-42.0,65.0,72.2,0,0,6.9,51.0,,26,0
784.2,16:33:43,2401642300,1076736156,62,240,2022875,0,168,0,17,1,-42.0,65.0,72.2,1,0,4.0,51.0,,27,0
785.2,16:33:44,2401642300,1076736222,0,66,2022875,0,168,0,17,1,-42.0,65.0,72.2,0,0,2.5,50.0,,28,0
786.2,16:33:45,2401642448,1076736552,148,330,2022877,0,168,0,17,1,-43.0,65.0,72.2,0,0,2.5,50.0,,27,0
787.2,16:33:46,2401642744,1076736948,296,396,2022881,0,168,0,17,1,-42.0,72.2,72.2,0,0,3.0,50.0,,27,0
788.2,16:33:47,2401642892,1076737146,148,198,2022883,0,168,0,17,1,-42.0,72.2,72.2,0,0,4.1,50.0,,26,0
789.2,16:33:48,2401643582,1076737595,690,449,2022887,0,168,0,17,1,-43.0,72.2,72.2,1,0,4.8,50.0,,27,0
790.2,16:33:49,2401644264,1076738487,682,892,2022895,0,168,0,17,1,-43.0,65.0,72.2,0,0,2.5,50.0,,28,0
791.3,16:33:50,2401644770,1076738991,506,504,2022902,0,168,0,17,1,-43.0,72.2,150.0,0,0,2.4,50.0,,27,0
792.3,16:33:51,2401644992,1076739321,222,330,2022905,0,168,0,17,1,-44.0,72.2,72.2,0,0,3.5,49.0,,26,0
793.3,16:33:52,2401644992,1076739321,0,0,2022905,0,168,0,17,1,-44.0,72.2,72.2,0,0,2.9,50.0,,27,0
794.3,16:33:53,2401645054,1076739495,62,174,2022906,0,168,0,17,1,-43.0,72.2,72.2,0,0,3.1,50.0,,27,0
795.3,16:33:54,2401645054,1076739561,0,66,2022906,0,168,0,17,1,-42.0,72.2,72.2,0,0,2.5,49.0,,27,0
796.3,16:33:55,2401645128,1076739957,74,396,2022907,0,168,0,17,1,-44.0,72.2,72.2,0,0,2.9,50.0,,26,0
797.3,16:33:56,2401645128,1076740089,0,132,2022907,0,168,0,17,1,-43.0,72.2,72.2,0,0,3.5,49.0,,27,0
798.3,16:33:57,2401645128,1076740221,0,132,2022907,0,168,0,17,1,-43.0,72.2,72.2,0,0,2.4,49.0,,27,0
799.3,16:33:58,2401645128,1076740353,0,132,2022907,0,168,0,17,1,-42.0,72.2,72.2,0,0,2.9,50.0,,26,0
800.4,16:33:59,2401645202,1076740551,74,198,2022908,0,168,0,17,1,-42.0,72.2,72.2,0,0,2.2,50.0,,27,0
801.4,16:34:00,2401645498,1076741079,296,528,2022912,0,168,0,17,1,-43.0,72.2,72.2,0,0,2.9,49.0,,26,0
802.4,16:34:01,2401645856,1076741583,358,504,2022917,0,168,0,17,1,-43.0,72.2,72.2,0,0,3.2,49.0,,27,0
803.4,16:34:02,2401645930,1076741979,74,396,2022918,0,168,0,17,1,-43.0,72.2,72.2,0,0,2.2,49.0,,26,0
804.4,16:34:03,2401645930,1076742375,0,396,2022918,0,168,0,17,1,-42.0,72.2,72.2,0,0,2.7,49.0,,26,0
805.4,16:34:04,2401645930,1076742573,0,198,2022918,0,168,0,17,1,-44.0,72.2,72.2,0,0,2.7,49.0,,26,0
806.4,16:34:05,2401645930,1076742573,0,0,2022918,0,168,0,17,1,-44.0,72.2,72.2,0,0,3.0,50.0,,26,0
807.4,16:34:06,2401645992,1076742879,62,306,2022919,0,168,0,17,1,-44.0,72.2,72.2,0,0,2.9,50.0,,27,0
808.4,16:34:07,2401646066,1076743077,74,198,2022920,0,168,0,17,1,-43.0,72.2,72.2,0,0,2.9,49.0,,26,0
809.5,16:34:08,2401646362,1076743407,296,330,2022924,0,168,0,17,1,-43.0,72.2,72.2,0,0,3.0,50.0,,27,0
810.5,16:34:09,2401646658,1076743737,296,330,2022928,0,168,0,17,1,-42.0,72.2,72.2,0,0,2.7,50.0,,26,0
811.5,16:34:10,2401646732,1076744133,74,396,2022929,0,168,0,17,1,-42.0,72.2,72.2,0,0,3.1,48.0,,26,0
812.5,16:34:11,2401647203,1076748431,471,4298,2022931,0,168,0,17,1,-43.0,72.2,72.2,0,0,2.7,50.0,,27,0
813.5,16:34:12,2401647203,1076750053,0,1622,2022931,0,168,0,17,1,-42.0,72.2,72.2,0,0,2.9,49.0,,26,0
814.5,16:34:13,2401647265,1076751387,62,1334,2022932,0,168,0,17,1,-42.0,72.2,72.2,0,0,2.9,48.0,,27,0
815.5,16:34:14,2401647265,1076751783,0,396,2022932,0,168,0,17,1,-43.0,72.2,72.2,0,0,2.4,49.0,,26,0
816.5,16:34:15,2401647723,1076753611,458,1828,2022935,0,168,0,17,1,-42.0,72.2,72.2,0,0,2.8,49.0,,25,0
817.6,16:34:16,2401647723,1076753743,0,132,2022935,0,168,0,17,1,-42.0,72.2,72.2,0,0,2.4,48.0,,26,0
818.6,16:34:17,2401647723,1076753743,0,0,2022935,0,168,0,17,1,-42.0,72.2,72.2,0,0,2.7,50.0,,26,0
819.6,16:34:18,2401647723,1076754139,0,396,2022935,0,168,0,17,1,-42.0,72.2,72.2,0,0,3.0,49.0,,26,0
820.6,16:34:19,2401647723,1076754139,0,0,2022935,0,168,0,17,1,-42.0,72.2,72.2,0,0,3.0,49.0,,25,0
821.6,16:34:20,2401647872,1076754413,149,274,2022936,0,168,0,17,1,-43.0,72.2,72.2,1,0,2.7,50.0,,26,0
822.6,16:34:21,2401647872,1076754479,0,66,2022936,0,169,0,17,0,,,,0,0,4.9,50.0,,26,0
823.6,16:34:22,2401647872,1076754479,0,0,2022936,0,169,0,17,0,,,,0,0,5.5,49.0,,27,0
824.6,16:34:23,2401648942,1076754866,1070,387,2022944,0,169,0,17,1,-58.0,72.2,39.0,0,0,5.7,49.0,,27,0
825.6,16:34:24,2401650613,1076754866,1671,0,2022952,0,169,0,17,1,-59.0,72.2,39.0,0,0,2.7,49.0,,26,0
826.7,16:34:25,2401651299,1076754866,686,0,2022956,0,169,0,17,1,-58.0,72.2,39.0,0,0,2.6,49.0,,26,0
827.7,16:34:26,2401651725,1076754866,426,0,2022958,0,169,0,17,1,-56.0,72.2,39.0,0,0,2.2,49.0,,27,0
828.7,16:34:27,2401651787,1076754866,62,0,2022959,0,169,0,17,1,-57.0,72.2,39.0,0,0,2.2,49.0,,26,0
829.7,16:34:28,2401652363,1076754866,576,0,2022962,0,169,0,17,1,-58.0,72.2,39.0,0,0,2.4,50.0,,26,0
830.7,16:34:29,2401652363,1076754866,0,0,2022962,0,169,0,17,1,-59.0,72.2,39.0,0,0,2.4,49.0,,27,0
831.7,16:34:30,2401652789,1076754866,426,0,2022964,0,169,0,17,1,-59.0,72.2,39.0,0,0,2.1,49.0,,26,0
832.7,16:34:31,2401652789,1076754866,0,0,2022964,0,169,0,17,1,-57.0,72.2,39.0,0,0,3.4,48.0,,26,0
833.7,16:34:32,2401652789,1076754866,0,0,2022964,0,169,0,17,1,-56.0,72.2,39.0,0,0,1.9,49.0,,25,0
834.8,16:34:33,2401652789,1076754866,0,0,2022964,0,169,0,17,1,-59.0,72.2,39.0,0,0,2.6,48.0,,26,0
835.8,16:34:34,2401652789,1076754866,0,0,2022964,0,169,0,17,1,-57.0,72.2,39.0,0,0,1.9,48.0,,26,0
836.8,16:34:35,2401652789,1076754866,0,0,2022964,0,169,0,17,1,-58.0,72.2,39.0,0,0,2.4,48.0,,26,0
837.8,16:34:36,2401652789,1076754866,0,0,2022964,0,169,0,17,1,-58.0,72.2,39.0,0,0,2.2,48.0,,26,0
838.8,16:34:37,2401652871,1076754866,82,0,2022965,0,169,0,17,1,-59.0,72.2,39.0,0,0,1.9,48.0,,26,0
839.8,16:34:38,2401653297,1076754866,426,0,2022967,0,169,0,17,1,-57.0,72.2,39.0,0,0,2.0,47.0,,25,0
840.8,16:34:39,2401653297,1076754866,0,0,2022967,0,169,0,17,1,-57.0,72.2,39.0,0,0,2.5,50.0,,26,0
841.8,16:34:40,2401653297,1076754866,0,0,2022967,0,169,0,17,1,-58.0,72.2,39.0,0,0,2.2,49.0,,25,0
842.8,16:34:41,2401653297,1076754866,0,0,2022967,0,169,0,17,1,-57.0,72.2,39.0,0,0,2.9,48.0,,26,0
843.9,16:34:42,2401653297,1076754866,0,0,2022967,0,169,0,17,1,-57.0,72.2,39.0,0,0,1.9,49.0,,25,0
844.9,16:34:43,2401653297,1076754866,0,0,2022967,0,169,0,17,1,-59.0,72.2,39.0,0,0,1.9,48.0,,26,0
845.9,16:34:45,2401653297,1076754866,0,0,2022967,0,169,0,17,1,-56.0,72.2,39.0,0,0,2.2,48.0,,25,0
846.9,16:34:46,2401653297,1076754866,0,0,2022967,0,169,0,17,1,-58.0,72.2,39.0,0,0,2.1,48.0,,25,0
847.9,16:34:47,2401653297,1076754866,0,0,2022967,0,169,0,17,1,-59.0,72.2,39.0,0,0,2.4,48.0,,26,0
848.9,16:34:48,2401653297,1076754866,0,0,2022967,0,169,0,17,1,-59.0,72.2,39.0,0,0,2.5,49.0,,26,0
849.9,16:34:49,2401653297,1076754866,0,0,2022967,0,169,0,17,1,-60.0,72.2,39.0,0,0,8.8,50.0,,25,0
850.9,16:34:50,2401653297,1076754866,0,0,2022967,0,169,0,17,1,-57.0,72.2,39.0,0,0,7.7,51.0,,27,0
851.9,16:34:51,2401653297,1076754866,0,0,2022967,0,169,0,17,1,-59.0,72.2,39.0,0,0,6.9,49.0,,27,0
853.0,16:34:52,2401653297,1076754866,0,0,2022967,0,169,0,17,1,-58.0,72.2,39.0,0,0,8.8,52.0,,27,0
854.0,16:34:53,2401653593,1076754866,296,0,2022968,0,169,0,17,1,-57.0,72.2,39.0,0,0,9.2,50.0,,27,0
855.0,16:34:54,2401653889,1076754866,296,0,2022969,0,169,0,17,1,-59.0,72.2,39.0,0,0,5.5,53.0,,28,0
856.0,16:34:55,2401654397,1076754866,508,0,2022972,0,169,0,17,1,-57.0,72.2,39.0,1,0,3.5,50.0,,27,0
857.0,16:34:56,2401654397,1076754866,0,0,2022972,0,169,0,17,1,-57.0,72.2,39.0,0,0,6.7,50.0,,26,0
858.0,16:34:57,2401654397,1076754866,0,0,2022972,0,169,0,17,1,-57.0,72.2,39.0,0,0,5.4,50.0,,27,0
859.0,16:34:58,2401654397,1076754866,0,0,2022972,0,169,0,17,1,-56.0,72.2,39.0,0,0,4.9,51.0,,28,0
860.0,16:34:59,2401654397,1076754866,0,0,2022972,0,169,0,17,1,-59.0,72.2,39.0,0,0,7.9,52.0,,27,0
861.0,16:35:00,2401654397,1076754866,0,0,2022972,0,169,0,17,1,-58.0,72.2,39.0,0,0,10.1,51.0,,28,0
862.0,16:35:01,2401654397,1076754866,0,0,2022972,0,169,0,17,1,-58.0,72.2,39.0,0,0,9.8,56.0,,28,0
863.0,16:35:02,2401654693,1076754866,296,0,2022973,0,169,0,17,1,-57.0,72.2,39.0,0,0,9.5,51.0,,28,0
864.1,16:35:03,2401654989,1076754866,296,0,2022974,0,169,0,17,1,-57.0,72.2,39.0,0,0,4.3,51.0,,29,0
865.1,16:35:04,2401654989,1076754866,0,0,2022974,0,169,0,17,1,-57.0,72.2,39.0,0,0,3.2,52.0,,28,0
866.1,16:35:05,2401655581,1076754866,592,0,2022976,0,169,0,17,1,-58.0,72.2,39.0,0,0,5.6,51.0,,27,0
867.1,16:35:06,2401658977,1076754866,3396,0,2023027,0,169,0,17,1,-59.0,72.2,39.0,3,0,4.2,50.0,,28,0
868.1,16:35:07,2401668277,1076754866,9300,0,2023177,0,169,0,17,1,-58.0,72.2,39.0,1,0,4.3,51.0,,28,0
869.1,16:35:08,2401684369,1076754866,16092,0,2023429,0,169,0,17,1,-57.0,72.2,39.0,0,0,4.2,50.0,,28,0
870.1,16:35:09,2401697375,1076754866,13006,0,2023635,0,169,0,17,1,-58.0,72.2,39.0,3,0,3.2,51.0,,27,0
871.1,16:35:10,2401703885,1076754866,6510,0,2023740,0,169,0,17,1,-57.0,72.2,39.0,0,0,3.1,50.0,,27,0
872.1,16:35:11,2401704491,1076754866,606,0,2023746,0,169,0,17,1,-57.0,72.2,39.0,0,0,2.9,50.0,,27,0
873.2,16:35:12,2401704491,1076754866,0,0,2023746,0,169,0,17,1,-58.0,72.2,39.0,0,0,2.6,49.0,,27,0
874.2,16:35:13,2401704491,1076754866,0,0,2023746,0,169,0,17,1,-56.0,72.2,39.0,0,0,2.7,50.0,,26,0
875.2,16:35:14,2401704491,1076754866,0,0,2023746,0,169,0,17,1,-58.0,72.2,39.0,0,0,3.5,51.0,,27,0
876.2,16:35:15,2401704491,1076754866,0,0,2023746,0,169,0,17,1,-58.0,72.2,39.0,0,0,2.7,50.0,,27,0
877.2,16:35:16,2401704491,1076754866,0,0,2023746,0,169,0,17,1,-59.0,72.2,39.0,0,0,2.9,48.0,,28,0
878.2,16:35:17,2401704491,1076754866,0,0,2023746,0,169,0,17,1,-59.0,72.2,39.0,0,0,3.6,50.0,,27,0
879.2,16:35:18,2401704491,1076754866,0,0,2023746,0,169,0,17,1,-59.0,72.2,39.0,0,0,4.0,50.0,,26,0
880.2,16:35:19,2401705083,1076754866,592,0,2023748,0,169,0,17,1,-58.0,72.2,39.0,0,0,3.5,49.0,,26,0
881.3,16:35:20,2401711283,1076754866,6200,0,2023848,0,169,0,17,1,-59.0,72.2,39.0,2,0,2.7,49.0,,26,0
882.3,16:35:21,2401723979,1076754866,12696,0,2024049,0,169,0,17,1,-58.0,72.2,39.0,4,0,3.0,50.0,,27,0
883.3,16:35:22,2401739789,1076754866,15810,0,2024304,0,169,0,17,1,-58.0,72.2,39.0,2,0,4.4,51.0,,27,0
884.3,16:35:23,2401749399,1076754866,9610,0,2024459,0,169,0,17,1,-60.0,72.2,39.0,0,0,11.5,51.0,,26,0
885.3,16:35:24,2401752809,1076754866,3410,0,2024514,0,169,0,17,1,-57.0,72.2,39.0,0,0,8.6,54.0,,27,0
886.3,16:35:25,2401752809,1076754866,0,0,2024514,0,169,0,17,1,-57.0,72.2,39.0,0,0,8.7,54.0,,29,0
887.3,16:35:26,2401752809,1076754866,0,0,2024514,0,169,0,17,1,-57.0,72.2,39.0,0,0,8.6,56.0,,30,0
888.3,16:35:27,2401753235,1076754866,426,0,2024516,0,169,0,17,1,-57.0,72.2,39.0,1,0,9.0,55.0,,31,0
889.3,16:35:28,2401753235,1076754866,0,0,2024516,0,169,0,17,1,-57.0,72.2,39.0,0,0,9.0,56.0,,32,0
890.3,16:35:29,2401753235,1076754866,0,0,2024516,0,169,0,17,1,-57.0,72.2,39.0,0,0,8.5,57.0,,32,0
891.3,16:35:30,2401753317,1076754866,82,0,2024517,0,169,0,17,1,-57.0,72.2,39.0,0,0,8.4,56.0,,32,0
892.3,16:35:31,2401753317,1076754866,0,0,2024517,0,169,0,17,1,-59.0,72.2,39.0,0,0,9.1,57.0,,32,0
893.4,16:35:32,2401753317,1076754866,0,0,2024517,0,169,0,17,1,-57.0,72.2,39.0,0,0,9.6,56.0,,32,0
894.4,16:35:33,2401753317,1076754866,0,0,2024517,0,169,0,17,1,-57.0,72.2,39.0,0,0,11.8,56.0,,33,0
895.4,16:35:34,2401753317,1076754866,0,0,2024517,0,169,0,17,1,-58.0,72.2,39.0,0,0,9.5,57.0,,34,0
896.4,16:35:35,2401753317,1076754866,0,0,2024517,0,169,0,17,1,-57.0,72.2,39.0,0,0,9.1,57.0,,34,0
897.4,16:35:36,2401753317,1076754866,0,0,2024517,0,169,0,17,1,-59.0,72.2,39.0,0,0,10.2,58.0,,33,0
898.4,16:35:37,2401753317,1076754866,0,0,2024517,0,169,0,17,1,-57.0,72.2,39.0,0,0,8.9,58.0,,34,0
899.4,16:35:38,2401753317,1076754866,0,0,2024517,0,169,0,17,1,-59.0,72.2,39.0,0,0,8.5,58.0,,35,0
900.4,16:35:39,2401753317,1076754866,0,0,2024517,0,169,0,17,1,-57.0,72.2,39.0,0,0,9.6,58.0,,35,0
901.4,16:35:40,2401753317,1076754866,0,0,2024517,0,169,0,17,1,-57.0,72.2,39.0,0,0,12.4,58.0,,35,0
902.4,16:35:41,2401753317,1076754866,0,0,2024517,0,169,0,17,1,-59.0,72.2,39.0,0,0,13.0,57.0,,35,0
903.4,16:35:42,2401753317,1076754866,0,0,2024517,0,169,0,17,1,-59.0,72.2,39.0,0,0,13.4,57.0,,35,0
904.4,16:35:43,2401753317,1076754866,0,0,2024517,0,169,0,17,1,-59.0,72.2,39.0,0,0,12.6,57.0,,34,0
905.5,16:35:44,2401753317,1076754866,0,0,2024517,0,169,0,17,1,-59.0,72.2,39.0,0,0,11.4,58.0,,34,0
906.5,16:35:45,2401753317,1076754866,0,0,2024517,0,169,0,17,1,-61.0,72.2,39.0,0,0,10.8,57.0,,34,0
907.5,16:35:46,2401753317,1076754866,0,0,2024517,0,169,0,17,1,-57.0,72.2,39.0,0,0,10.2,59.0,,34,0
908.5,16:35:47,2401753317,1076754866,0,0,2024517,0,169,0,17,1,-57.0,72.2,39.0,0,0,9.4,58.0,,34,0
909.5,16:35:48,2401753317,1076754866,0,0,2024517,0,169,0,17,1,-61.0,72.2,39.0,0,0,9.5,60.0,,34,0
910.5,16:35:49,2401753317,1076754866,0,0,2024517,0,169,0,17,1,-62.0,72.2,39.0,0,0,10.4,59.0,,36,0
911.5,16:35:50,2401753317,1076754866,0,0,2024517,0,169,0,17,1,-58.0,72.2,39.0,0,0,11.6,58.0,,35,0
912.5,16:35:51,2401753317,1076754866,0,0,2024517,0,169,0,17,1,-57.0,72.2,39.0,0,0,11.6,59.0,,35,0
913.5,16:35:52,2401753317,1076754866,0,0,2024517,0,169,0,17,1,-58.0,72.2,39.0,0,0,11.3,61.0,,36,0
914.5,16:35:53,2401753317,1076754866,0,0,2024517,0,169,0,17,1,-57.0,72.2,39.0,0,0,10.9,58.0,,37,0
915.5,16:35:54,2401753317,1076754866,0,0,2024517,0,169,0,17,1,-58.0,72.2,39.0,0,0,11.0,61.0,,36,0
916.5,16:35:55,2401753317,1076754866,0,0,2024517,0,169,0,17,1,-57.0,72.2,39.0,0,0,10.7,60.0,,37,0
917.5,16:35:56,2401753317,1076754866,0,0,2024517,0,169,0,17,1,-57.0,72.2,39.0,0,0,11.3,59.0,,36,0
918.6,16:35:57,2401753317,1076754866,0,0,2024517,0,169,0,17,1,-57.0,72.2,39.0,0,0,11.1,60.0,,36,0
919.6,16:35:58,2401753317,1076754866,0,0,2024517,0,169,0,17,1,-57.0,72.2,39.0,0,0,12.4,60.0,,37,0
920.6,16:35:59,2401753317,1076754866,0,0,2024517,0,169,0,17,1,-56.0,72.2,39.0,0,0,11.1,60.0,,37,0
921.6,16:36:00,2401753317,1076754866,0,0,2024517,0,169,0,17,1,-56.0,24.0,39.0,0,0,11.2,59.0,,37,0
922.6,16:36:01,2401753317,1076754866,0,0,2024517,0,169,0,17,1,-57.0,24.0,39.0,0,0,11.5,59.0,,36,0
923.6,16:36:02,2401753317,1076754866,0,0,2024517,0,169,0,17,1,-58.0,24.0,39.0,0,0,11.2,60.0,,36,0
924.6,16:36:03,2401753317,1076754866,0,0,2024517,0,169,0,17,1,-56.0,24.0,39.0,0,0,12.7,60.0,,37,0
925.6,16:36:04,2401753317,1076754866,0,0,2024517,0,169,0,17,1,-57.0,24.0,39.0,0,0,11.8,61.0,,37,0
926.6,16:36:05,2401753317,1076754866,0,0,2024517,0,169,0,17,1,-57.0,24.0,39.0,0,0,11.3,62.0,,37,0
927.6,16:36:06,2401753317,1076754866,0,0,2024517,0,169,0,17,1,-56.0,24.0,39.0,0,0,11.7,60.0,,38,0
928.6,16:36:07,2401753317,1076754866,0,0,2024517,0,169,0,17,1,-56.0,24.0,39.0,0,0,12.5,60.0,,37,0
929.6,16:36:08,2401753317,1076754866,0,0,2024517,0,169,0,17,1,-56.0,24.0,39.0,0,0,13.1,60.0,,36,0
930.7,16:36:09,2401753317,1076754866,0,0,2024517,0,169,0,17,1,-57.0,24.0,39.0,0,0,13.3,60.0,,37,0
931.7,16:36:10,2401753317,1076754866,0,0,2024517,0,169,0,17,1,-57.0,24.0,39.0,0,0,12.5,61.0,,37,0
932.7,16:36:11,2401753317,1076754866,0,0,2024517,0,169,0,17,1,-56.0,24.0,39.0,0,0,13.2,62.0,,37,0
933.7,16:36:12,2401753317,1076754866,0,0,2024517,0,169,0,17,1,-57.0,24.0,39.0,0,0,11.8,62.0,,36,0
934.7,16:36:13,2401753317,1076754866,0,0,2024517,0,169,0,17,1,-56.0,24.0,39.0,0,0,13.4,61.0,,37,0
935.7,16:36:14,2401753317,1076754866,0,0,2024517,0,169,0,17,1,-56.0,24.0,39.0,0,0,12.0,61.0,,38,0
936.7,16:36:15,2401753317,1076754866,0,0,2024517,0,169,0,17,1,-57.0,24.0,39.0,0,0,11.3,61.0,,37,0
937.7,16:36:16,2401753317,1076754866,0,0,2024517,0,169,0,17,1,-59.0,24.0,39.0,0,0,10.5,61.0,,38,0
938.7,16:36:17,2401753317,1076754866,0,0,2024517,0,169,0,17,1,-57.0,24.0,39.0,0,0,11.4,62.0,,38,0
939.7,16:36:18,2401753317,1076754866,0,0,2024517,0,169,0,17,1,-59.0,24.0,39.0,0,0,10.2,61.0,,37,0
940.7,16:36:19,2401753317,1076754866,0,0,2024517,0,169,0,17,1,-57.0,24.0,39.0,0,0,10.6,62.0,,38,0
941.7,16:36:20,2401753317,1076754866,0,0,2024517,0,169,0,17,1,-57.0,24.0,39.0,0,0,10.6,61.0,,38,0
942.7,16:36:21,2401753317,1076754866,0,0,2024517,0,169,0,17,1,-58.0,24.0,39.0,0,0,10.3,62.0,,37,0
943.8,16:36:22,2401753317,1076754866,0,0,2024517,0,169,0,17,1,-61.0,24.0,39.0,0,0,12.0,62.0,,37,0
944.8,16:36:23,2401753317,1076754866,0,0,2024517,0,169,0,17,1,-59.0,24.0,39.0,0,0,10.6,62.0,,37,0
945.8,16:36:24,2401753317,1076754866,0,0,2024517,0,169,0,17,1,-59.0,24.0,39.0,0,0,11.8,62.0,,37,0
946.8,16:36:25,2401753317,1076754866,0,0,2024517,0,169,0,17,1,-57.0,24.0,39.0,0,0,11.4,62.0,,38,0
947.8,16:36:26,2401753317,1076754866,0,0,2024517,0,169,0,17,1,-58.0,24.0,39.0,0,0,11.8,62.0,,38,0
948.8,16:36:27,2401753317,1076754866,0,0,2024517,0,169,0,17,1,-58.0,24.0,39.0,0,0,12.1,60.0,,37,0
949.8,16:36:28,2401753317,1076754866,0,0,2024517,0,169,0,17,1,-58.0,24.0,39.0,0,0,11.3,61.0,,37,0
950.8,16:36:29,2401753317,1076754866,0,0,2024517,0,169,0,17,1,-57.0,24.0,39.0,0,0,12.0,61.0,,37,0
951.8,16:36:30,2401753743,1076754866,426,0,2024519,0,169,0,17,1,-58.0,72.2,39.0,0,0,11.8,61.0,,37,0
952.8,16:36:31,2401753743,1076754866,0,0,2024519,0,169,0,17,1,-57.0,72.2,39.0,0,0,12.1,61.0,,38,0
953.8,16:36:32,2401753743,1076754866,0,0,2024519,0,169,0,17,1,-56.0,72.2,39.0,0,0,14.2,62.0,,38,0
954.8,16:36:33,2401753743,1076754866,0,0,2024519,0,169,0,17,1,-57.0,72.2,39.0,0,0,12.9,61.0,,37,0
955.9,16:36:34,2401753743,1076754866,0,0,2024519,0,169,0,17,1,-56.0,72.2,39.0,0,0,13.0,61.0,,38,0
956.9,16:36:35,2401753743,1076754866,0,0,2024519,0,169,0,17,1,-57.0,72.2,39.0,0,0,12.8,61.0,,37,0
957.9,16:36:36,2401753743,1076754866,0,0,2024519,0,169,0,17,1,-58.0,72.2,39.0,0,0,12.2,61.0,,38,0
958.9,16:36:38,2401753743,1076754866,0,0,2024519,0,169,0,17,1,-58.0,72.2,39.0,0,0,12.8,61.0,,38,0
959.9,16:36:39,2401753743,1076754866,0,0,2024519,0,169,0,17,1,-57.0,72.2,39.0,0,0,11.4,62.0,,38,0
960.9,16:36:40,2401753743,1076754866,0,0,2024519,0,169,0,17,1,-58.0,72.2,39.0,0,0,9.8,62.0,,38,0
961.9,16:36:41,2401753825,1076754866,82,0,2024520,0,169,0,17,1,-57.0,72.2,39.0,0,0,10.4,63.0,,37,0
962.9,16:36:42,2401753825,1076754866,0,0,2024520,0,169,0,17,1,-57.0,72.2,39.0,0,0,10.3,63.0,,38,0
963.9,16:36:43,2401753825,1076754866,0,0,2024520,0,169,0,17,1,-57.0,72.2,39.0,0,0,9.4,62.0,,37,0
964.9,16:36:44,2401753825,1076754866,0,0,2024520,0,169,0,17,1,-57.0,72.2,39.0,0,0,11.0,63.0,,38,0
965.9,16:36:45,2401753825,1076754866,0,0,2024520,0,169,0,17,1,-57.0,72.2,39.0,0,0,11.3,62.0,,38,0
966.9,16:36:46,2401753825,1076754866,0,0,2024520,0,169,0,17,1,-58.0,72.2,39.0,0,0,10.7,61.0,,38,0
967.9,16:36:47,2401753825,1076754866,0,0,2024520,0,169,0,17,1,-57.0,72.2,39.0,0,0,11.2,64.0,,38,0
969.0,16:36:48,2401753825,1076754866,0,0,2024520,0,169,0,17,1,-57.0,72.2,39.0,0,0,8.7,60.0,,37,0
970.0,16:36:49,2401753825,1076754866,0,0,2024520,0,169,0,17,1,-57.0,72.2,39.0,0,0,2.2,58.0,,37,0
971.0,16:36:50,2401753825,1076754866,0,0,2024520,0,169,0,17,1,-56.0,72.2,39.0,0,0,2.2,59.0,,36,0
972.0,16:36:51,2401753825,1076754866,0,0,2024520,0,169,0,17,1,-58.0,72.2,39.0,0,0,2.7,58.0,,35,0
973.0,16:36:52,2401753825,1076754866,0,0,2024520,0,169,0,17,1,-58.0,72.2,39.0,0,0,1.9,58.0,,35,0
974.0,16:36:53,2401753825,1076754866,0,0,2024520,0,169,0,17,1,-59.0,72.2,39.0,0,0,2.7,57.0,,35,0
975.0,16:36:54,2401753825,1076754866,0,0,2024520,0,169,0,17,1,-58.0,72.2,39.0,0,0,2.1,57.0,,34,0
976.0,16:36:55,2401753825,1076754866,0,0,2024520,0,169,0,17,1,-59.0,72.2,39.0,0,0,1.7,55.0,,33,0
977.0,16:36:56,2401753825,1076754866,0,0,2024520,0,169,0,17,1,-58.0,72.2,39.0,0,0,4.2,56.0,,34,0
978.0,16:36:57,2401753825,1076754866,0,0,2024520,0,169,0,17,1,-60.0,72.2,39.0,0,0,3.7,56.0,,32,0
979.1,16:36:58,2401753825,1076754866,0,0,2024520,0,169,0,17,1,-59.0,72.2,39.0,0,0,2.5,55.0,,33,0
980.1,16:36:59,2401753825,1076754866,0,0,2024520,0,169,0,17,1,-59.0,72.2,39.0,0,0,2.5,55.0,,33,0
981.1,16:37:00,2401753825,1076754866,0,0,2024520,0,169,0,17,1,-60.0,72.2,39.0,0,0,2.5,55.0,,32,0
982.1,16:37:01,2401753825,1076754866,0,0,2024520,0,169,0,17,1,-59.0,72.2,39.0,0,0,2.7,55.0,,31,0
983.1,16:37:02,2401753825,1076754866,0,0,2024520,0,169,0,17,1,-59.0,72.2,39.0,0,0,2.4,55.0,,32,0
984.1,16:37:03,2401753825,1076754866,0,0,2024520,0,169,0,17,1,-59.0,72.2,39.0,0,0,2.7,55.0,,31,0
985.1,16:37:04,2401753825,1076754866,0,0,2024520,0,169,0,17,1,-60.0,72.2,39.0,0,0,2.0,55.0,,31,0
986.1,16:37:05,2401753825,1076754866,0,0,2024520,0,169,0,17,1,-57.0,72.2,39.0,0,0,2.1,54.0,,32,0
987.1,16:37:06,2401753825,1076754866,0,0,2024520,0,169,0,17,1,-64.0,72.2,39.0,0,0,2.4,54.0,,31,0
988.2,16:37:07,2401753825,1076754866,0,0,2024520,0,169,0,17,1,-55.0,72.2,39.0,0,0,2.1,53.0,,30,0
989.2,16:37:08,2401753825,1076754866,0,0,2024520,0,169,0,17,1,-58.0,72.2,39.0,0,0,3.1,55.0,,31,0
990.2,16:37:09,2401753825,1076754866,0,0,2024520,0,169,0,17,1,-57.0,72.2,39.0,0,0,2.2,55.0,,31,0
991.2,16:37:10,2401753825,1076754866,0,0,2024520,0,169,0,17,1,-57.0,72.2,39.0,0,0,2.5,53.0,,31,0
992.2,16:37:11,2401753825,1076754866,0,0,2024520,0,169,0,17,1,-56.0,72.2,39.0,0,0,8.4,53.0,,30,0
993.2,16:37:12,2401753825,1076754866,0,0,2024520,0,169,0,17,1,-56.0,24.0,39.0,0,0,5.6,54.0,,30,0
994.2,16:37:13,2401753825,1076754866,0,0,2024520,0,169,0,17,1,-57.0,24.0,39.0,0,0,4.5,54.0,,31,0
995.2,16:37:14,2401753825,1076754866,0,0,2024520,0,169,0,17,1,-58.0,24.0,39.0,0,0,5.3,54.0,,31,0
996.2,16:37:15,2401753825,1076754866,0,0,2024520,0,169,0,17,1,-58.0,24.0,39.0,0,0,2.7,54.0,,31,0
997.3,16:37:16,2401753825,1076754866,0,0,2024520,0,169,0,17,1,-57.0,24.0,39.0,0,0,5.0,54.0,,30,0
998.3,16:37:17,2401753825,1076754866,0,0,2024520,0,169,0,17,1,-57.0,24.0,39.0,0,0,5.5,53.0,,31,0
999.3,16:37:18,2401753825,1076754866,0,0,2024520,0,169,0,17,1,-58.0,24.0,39.0,0,0,5.0,53.0,,31,0
1000.3,16:37:19,2401753825,1076754866,0,0,2024520,0,169,0,17,1,-58.0,24.0,39.0,0,0,6.9,53.0,,31,0
1001.3,16:37:20,2401753825,1076754866,0,0,2024520,0,169,0,17,1,-59.0,24.0,39.0,0,0,4.4,53.0,,31,0
1002.3,16:37:21,2401753825,1076754866,0,0,2024520,0,169,0,17,1,-58.0,24.0,39.0,0,0,3.0,53.0,,31,0
1003.3,16:37:22,2401753825,1076754866,0,0,2024520,0,169,0,17,1,-58.0,24.0,39.0,0,0,2.7,53.0,,30,0
1004.3,16:37:23,2401753825,1076754866,0,0,2024520,0,169,0,17,1,-59.0,24.0,39.0,0,0,2.9,53.0,,29,0
1005.3,16:37:24,2401753825,1076754866,0,0,2024520,0,169,0,17,1,-59.0,24.0,39.0,0,0,2.6,54.0,,30,0
1006.3,16:37:25,2401753825,1076754866,0,0,2024520,0,169,0,17,1,-57.0,24.0,39.0,0,0,4.4,53.0,,31,0
1007.4,16:37:26,2401753825,1076754866,0,0,2024520,0,169,0,17,1,-59.0,24.0,39.0,0,0,2.7,53.0,,30,0
1008.4,16:37:27,2401753825,1076754866,0,0,2024520,0,169,0,17,1,-58.0,24.0,39.0,0,0,4.1,54.0,,29,0
1009.4,16:37:28,2401753825,1076754866,0,0,2024520,0,169,0,17,1,-57.0,24.0,39.0,0,0,4.6,53.0,,30,0
1010.4,16:37:29,2401753825,1076754866,0,0,2024520,0,169,0,17,1,-56.0,24.0,39.0,0,0,6.3,52.0,,30,0
1011.4,16:37:30,2401753825,1076754866,0,0,2024520,0,169,0,17,1,-57.0,24.0,39.0,0,0,3.6,52.0,,31,0
1012.4,16:37:31,2401753825,1076754866,0,0,2024520,0,169,0,17,1,-57.0,24.0,39.0,0,0,2.5,52.0,,30,0
1013.4,16:37:32,2401753825,1076754866,0,0,2024520,0,169,0,17,1,-59.0,24.0,39.0,0,0,9.5,54.0,,29,0
1014.4,16:37:33,2401753825,1076754866,0,0,2024520,0,169,0,17,1,-56.0,24.0,39.0,0,0,3.3,54.0,,30,0
1015.4,16:37:34,2401753825,1076754866,0,0,2024520,0,169,0,17,1,-59.0,24.0,39.0,0,0,3.7,52.0,,31,0
1016.5,16:37:35,2401753825,1076754866,0,0,2024520,0,169,0,17,1,-58.0,24.0,39.0,0,0,3.0,54.0,,30,0
1017.5,16:37:36,2401753825,1076754866,0,0,2024520,0,169,0,17,1,-57.0,24.0,39.0,0,0,9.1,55.0,,29,0
1018.5,16:37:37,2401753825,1076754866,0,0,2024520,0,169,0,17,1,-58.0,24.0,39.0,0,0,4.1,54.0,,30,0
1019.5,16:37:38,2401753825,1076754866,0,0,2024520,0,169,0,17,1,-58.0,24.0,39.0,0,0,6.2,53.0,,31,0
1020.5,16:37:39,2401753825,1076754866,0,0,2024520,0,169,0,17,1,-59.0,24.0,39.0,0,0,3.6,53.0,,30,0
1021.5,16:37:40,2401753825,1076754866,0,0,2024520,0,169,0,17,1,-58.0,24.0,39.0,0,0,2.4,53.0,,29,0
1022.5,16:37:41,2401753825,1076754866,0,0,2024520,0,169,0,17,1,-56.0,24.0,39.0,0,0,3.4,52.0,,29,0
1023.5,16:37:42,2401753825,1076754866,0,0,2024520,0,169,0,17,1,-58.0,24.0,39.0,0,0,4.6,53.0,,30,0
1024.5,16:37:43,2401753825,1076754866,0,0,2024520,0,169,0,17,1,-58.0,24.0,39.0,0,0,6.4,53.0,,29,0
1025.6,16:37:44,2401753825,1076754866,0,0,2024520,0,169,0,17,1,-57.0,24.0,39.0,0,0,5.5,54.0,,30,0
1026.6,16:37:45,2401753825,1076754866,0,0,2024520,0,169,0,17,1,-58.0,24.0,39.0,0,0,3.9,52.0,,29,0
1027.6,16:37:46,2401753825,1076754866,0,0,2024520,0,169,0,17,1,-58.0,24.0,39.0,0,0,4.0,51.0,,29,0
1028.6,16:37:47,2401753825,1076754866,0,0,2024520,0,169,0,17,1,-58.0,24.0,39.0,0,0,3.1,52.0,,29,0
1029.6,16:37:48,2401753825,1076754866,0,0,2024520,0,169,0,17,1,-57.0,24.0,39.0,0,0,4.6,52.0,,28,0
1030.6,16:37:49,2401753825,1076754866,0,0,2024520,0,169,0,17,1,-58.0,24.0,39.0,0,0,3.7,52.0,,29,0
1031.6,16:37:50,2401753825,1076754866,0,0,2024520,0,169,0,17,1,-59.0,24.0,39.0,0,0,2.6,53.0,,28,0
1032.6,16:37:51,2401753825,1076754866,0,0,2024520,0,169,0,17,1,-58.0,24.0,39.0,0,0,4.5,52.0,,28,0
1033.6,16:37:52,2401753825,1076754866,0,0,2024520,0,169,0,17,1,-59.0,24.0,39.0,0,0,4.9,53.0,,29,0
1034.7,16:37:53,2401753825,1076754866,0,0,2024520,0,169,0,17,1,-59.0,24.0,39.0,0,0,5.5,53.0,,28,0
1035.7,16:37:54,2401753825,1076754866,0,0,2024520,0,169,0,17,1,-59.0,24.0,39.0,0,0,2.3,52.0,,28,0
1036.7,16:37:55,2401753825,1076754866,0,0,2024520,0,169,0,17,1,-58.0,24.0,39.0,0,0,2.4,51.0,,29,0
1037.7,16:37:56,2401753825,1076754866,0,0,2024520,0,169,0,17,1,-58.0,24.0,39.0,0,0,3.0,52.0,,28,0
1038.7,16:37:57,2401753825,1076754866,0,0,2024520,0,169,0,17,1,-58.0,24.0,39.0,0,0,2.7,52.0,,29,0
1039.7,16:37:58,2401753825,1076754866,0,0,2024520,0,169,0,17,1,-57.0,24.0,39.0,0,0,3.0,52.0,,29,0
1040.7,16:37:59,2401753825,1076754866,0,0,2024520,0,169,0,17,1,-58.0,24.0,39.0,0,0,2.4,51.0,,29,0
1041.7,16:38:00,2401753825,1076754866,0,0,2024520,0,169,0,17,1,-58.0,24.0,39.0,0,0,3.1,51.0,,28,0
1042.7,16:38:01,2401753825,1076754866,0,0,2024520,0,169,0,17,1,-57.0,24.0,39.0,0,0,3.1,51.0,,28,0
1043.8,16:38:02,2401753825,1076754866,0,0,2024520,0,169,0,17,1,-58.0,24.0,39.0,0,0,2.7,52.0,,28,0
1044.8,16:38:03,2401753825,1076754866,0,0,2024520,0,169,0,17,1,-58.0,24.0,39.0,0,0,2.5,51.0,,28,0
1045.8,16:38:04,2401753825,1076754866,0,0,2024520,0,169,0,17,1,-57.0,24.0,39.0,0,0,2.6,51.0,,28,0
1046.8,16:38:05,2401753825,1076754866,0,0,2024520,0,169,0,17,1,-59.0,24.0,39.0,0,0,2.5,51.0,,28,0
1047.8,16:38:06,2401753825,1076754866,0,0,2024520,0,169,0,17,1,-57.0,24.0,39.0,0,0,2.5,51.0,,29,0
1048.8,16:38:07,2401753825,1076754866,0,0,2024520,0,169,0,17,1,-59.0,24.0,39.0,0,0,3.0,51.0,,28,0
1049.8,16:38:08,2401753825,1076754866,0,0,2024520,0,169,0,17,1,-58.0,24.0,39.0,0,0,2.6,52.0,,27,0
1050.8,16:38:09,2401753825,1076754866,0,0,2024520,0,169,0,17,1,-60.0,24.0,39.0,0,0,2.9,52.0,,28,0
1051.8,16:38:10,2401753825,1076754866,0,0,2024520,0,169,0,17,1,-59.0,24.0,39.0,0,0,2.6,51.0,,29,0
1052.9,16:38:11,2401753825,1076754866,0,0,2024520,0,169,0,17,1,-58.0,24.0,39.0,0,0,2.9,51.0,,28,0
1053.9,16:38:12,2401753825,1076754866,0,0,2024520,0,169,0,17,1,-59.0,24.0,39.0,0,0,2.9,51.0,,28,0
1054.9,16:38:14,2401753825,1076754866,0,0,2024520,0,169,0,17,1,-58.0,24.0,39.0,0,0,2.7,51.0,,27,0
1055.9,16:38:15,2401753825,1076754866,0,0,2024520,0,169,0,17,1,-58.0,24.0,39.0,0,0,2.5,50.0,,28,0
1056.9,16:38:16,2401753825,1076754866,0,0,2024520,0,169,0,17,1,-58.0,24.0,39.0,0,0,3.2,52.0,,28,0
1057.9,16:38:17,2401753825,1076754866,0,0,2024520,0,169,0,17,1,-57.0,24.0,39.0,0,0,3.0,51.0,,28,0
1058.9,16:38:18,2401753825,1076754866,0,0,2024520,0,169,0,17,1,-57.0,24.0,39.0,0,0,2.7,52.0,,27,0
1059.9,16:38:19,2401753825,1076754866,0,0,2024520,0,169,0,17,1,-57.0,24.0,39.0,0,0,2.9,51.0,,28,0
1060.9,16:38:20,2401753825,1076754866,0,0,2024520,0,169,0,17,1,-58.0,24.0,39.0,0,0,3.1,51.0,,27,0
1062.0,16:38:21,2401753825,1076754866,0,0,2024520,0,169,0,17,1,-58.0,24.0,39.0,0,0,2.5,51.0,,27,0
1063.0,16:38:22,2401753825,1076754866,0,0,2024520,0,169,0,17,1,-58.0,24.0,39.0,0,0,2.9,50.0,,28,0
1064.0,16:38:23,2401753825,1076754866,0,0,2024520,0,169,0,17,1,-58.0,24.0,39.0,0,0,4.5,51.0,,29,0
1065.0,16:38:24,2401753825,1076754866,0,0,2024520,0,169,0,17,1,-58.0,24.0,39.0,0,0,2.7,51.0,,28,0
1066.0,16:38:25,2401753825,1076754866,0,0,2024520,0,169,0,17,1,-58.0,24.0,39.0,0,0,2.8,51.0,,27,0
1067.0,16:38:26,2401753825,1076754866,0,0,2024520,0,169,0,17,1,-57.0,24.0,39.0,0,0,2.6,51.0,,28,0
1068.0,16:38:27,2401753825,1076754866,0,0,2024520,0,169,0,17,1,-57.0,24.0,39.0,0,0,2.3,50.0,,28,0
1069.0,16:38:28,2401753825,1076754866,0,0,2024520,0,169,0,17,1,-58.0,24.0,39.0,0,0,2.7,51.0,,28,0
1070.0,16:38:29,2401753825,1076754866,0,0,2024520,0,169,0,17,1,-58.0,24.0,39.0,0,0,2.0,51.0,,27,0
1071.0,16:38:30,2401753825,1076754866,0,0,2024520,0,169,0,17,1,-58.0,24.0,39.0,0,0,2.9,50.0,,27,0
1072.1,16:38:31,2401753825,1076754866,0,0,2024520,0,169,0,17,1,-60.0,24.0,39.0,0,0,3.2,51.0,,28,0
1073.1,16:38:32,2401753825,1076754866,0,0,2024520,0,169,0,17,1,-59.0,24.0,39.0,0,0,3.7,52.0,,28,0
1074.1,16:38:33,2401753825,1076754866,0,0,2024520,0,169,0,17,1,-59.0,24.0,39.0,0,0,9.2,51.0,,28,0
1075.1,16:38:34,2401753825,1076754866,0,0,2024520,0,169,0,17,1,-58.0,24.0,39.0,0,0,7.2,60.0,,29,0
1076.1,16:38:35,2401753825,1076754866,0,0,2024520,0,169,0,17,1,-57.0,24.0,39.0,0,0,7.0,51.0,,30,0
1077.1,16:38:36,2401753825,1076754866,0,0,2024520,0,169,0,17,1,-57.0,24.0,39.0,0,0,6.4,59.0,,31,0
1078.1,16:38:37,2401753825,1076754866,0,0,2024520,0,169,0,17,1,-57.0,24.0,39.0,0,0,8.2,52.0,,32,0
1079.1,16:38:38,2401753825,1076754866,0,0,2024520,0,169,0,17,1,-58.0,24.0,39.0,0,0,7.5,61.0,,33,0
1080.1,16:38:39,2401754251,1076754866,426,0,2024522,0,169,0,17,1,-57.0,72.2,39.0,1,0,9.0,62.0,,33,0
1081.1,16:38:40,2401754251,1076754866,0,0,2024522,0,169,0,17,1,-57.0,72.2,39.0,0,0,6.9,52.0,,32,0
1082.1,16:38:41,2401754251,1076754866,0,0,2024522,0,169,0,17,1,-59.0,72.2,39.0,0,0,6.7,61.0,,32,0
1083.2,16:38:42,2401754251,1076754866,0,0,2024522,0,169,0,17,1,-60.0,72.2,39.0,0,0,7.4,53.0,,33,0
1084.2,16:38:43,2401754251,1076754866,0,0,2024522,0,171,0,17,0,,,,0,0,10.0,53.0,,32,0
1085.2,16:38:44,2401754959,1076754866,708,0,2024529,0,172,0,17,0,,,,0,0,7.9,53.0,,32,0
1086.2,16:38:45,2401755837,1076754866,878,0,2024535,0,172,0,17,0,,,,0,0,3.3,52.0,,32,0
1087.2,16:38:46,2401758835,1076754866,2998,0,2024553,0,172,0,17,0,,,,0,0,4.4,51.0,,30,0
1088.2,16:38:47,2401759257,1076754866,422,0,2024555,0,172,0,17,0,,,,0,0,4.7,51.0,,29,0
1089.2,16:38:48,2401759902,1076754866,645,0,2024559,0,172,0,17,0,,,,0,0,4.1,51.0,,29,0
1090.2,16:38:49,2401760123,1076754866,221,0,2024560,0,172,0,17,0,,,,0,0,4.5,53.0,,29,0
1091.2,16:38:50,2401760649,1076754866,526,0,2024563,0,172,0,17,0,,,,0,0,2.8,52.0,,28,0
1092.3,16:38:51,2401760850,1076754866,201,0,2024564,0,172,0,17,0,,,,0,0,3.5,51.0,,28,0
1093.3,16:38:52,2401760850,1076754866,0,0,2024564,0,172,0,17,0,,,,0,0,3.1,51.0,,28,0
1094.3,16:38:53,2401761071,1076754866,221,0,2024565,0,172,0,17,0,,,,0,0,3.7,52.0,,28,0
1095.3,16:38:54,2401761071,1076754866,0,0,2024565,0,172,0,17,0,,,,0,0,4.1,53.0,,28,0
1096.3,16:38:55,2401761071,1076754866,0,0,2024565,0,172,0,17,0,,,,0,0,4.1,54.0,,28,0
1097.3,16:38:56,2401761071,1076754866,0,0,2024565,0,172,0,17,0,,,,0,0,2.6,51.0,,28,0
1098.3,16:38:57,2401761071,1076754866,0,0,2024565,0,172,0,17,0,,,,0,0,3.0,50.0,,28,0
1099.3,16:38:58,2401761159,1076754866,88,0,2024566,0,172,0,17,0,,,,0,0,3.0,51.0,,28,0
1100.3,16:38:59,2401761360,1076754866,201,0,2024567,0,172,0,17,0,,,,0,0,3.5,51.0,,28,0
1101.3,16:39:00,2401761360,1076754866,0,0,2024567,0,172,0,17,0,,,,0,0,2.9,51.0,,27,0
1102.4,16:39:01,2401761581,1076754866,221,0,2024568,0,172,0,17,0,,,,0,0,2.9,50.0,,27,0
1103.4,16:39:02,2401761581,1076754866,0,0,2024568,0,172,0,17,0,,,,0,0,2.9,50.0,,27,0
1104.4,16:39:03,2401761581,1076754866,0,0,2024568,0,172,0,17,0,,,,0,0,3.8,50.0,,28,0
1105.4,16:39:04,2401761581,1076754866,0,0,2024568,0,172,0,17,0,,,,0,0,3.0,51.0,,28,0
1106.4,16:39:05,2401761581,1076754866,0,0,2024568,0,172,0,17,0,,,,0,0,2.5,52.0,,27,0
1107.4,16:39:06,2401761581,1076754866,0,0,2024568,0,172,0,17,0,,,,0,0,2.8,51.0,,27,0
1108.4,16:39:07,2401764078,1076756225,2497,1359,2024581,0,172,0,17,1,-40.0,7.2,26.0,0,0,3.4,50.0,,28,0
1109.4,16:39:08,2401768931,1076760389,4853,4164,2024626,0,172,0,17,1,-38.0,11.0,52.0,2,0,3.7,52.0,,28,0
1110.4,16:39:09,2401771531,1076763092,2600,2703,2024652,0,172,0,17,1,-39.0,65.0,58.5,0,0,3.0,50.0,,27,0
1111.4,16:39:10,2401777796,1076777272,6265,14180,2024681,0,172,0,17,1,-39.0,72.2,65.0,1,0,3.5,51.0,,28,0
1112.5,16:39:11,2401778782,1076778450,986,1178,2024688,0,172,0,17,1,-40.0,72.2,65.0,1,0,3.1,51.0,,27,0
1113.5,16:39:12,2401778782,1076781100,0,2650,2024688,0,172,0,17,1,-39.0,72.2,65.0,0,0,3.1,50.0,,28,0
1114.5,16:39:13,2401781005,1076786216,2223,5116,2024698,0,172,0,17,1,-41.0,72.2,58.5,0,0,8.5,54.0,,28,0
1115.5,16:39:14,2401781143,1076790674,138,4458,2024699,0,172,0,17,1,-40.0,72.2,65.0,0,0,3.5,51.0,,28,0
1116.5,16:39:15,2401781934,1076792574,791,1900,2024706,0,172,0,17,1,-40.0,72.2,65.0,0,0,3.4,51.0,,29,0
1117.5,16:39:16,2401782792,1076793517,858,943,2024712,0,172,0,17,1,-41.0,72.2,58.5,0,0,3.1,51.0,,28,0
1118.5,16:39:17,2401903334,1076798140,120542,4623,2024802,0,172,0,17,1,-40.0,72.2,58.5,3,0,6.3,51.0,,27,0
1119.5,16:39:18,2401903774,1076798904,440,764,2024806,0,172,0,17,1,-40.0,72.2,58.5,0,0,4.4,51.0,,28,0
1120.5,16:39:19,2401904799,1076799428,1025,524,2024810,0,172,0,17,1,-39.0,72.2,58.5,0,0,2.5,51.0,,29,0
1121.6,16:39:20,2401905244,1076800574,445,1146,2024812,0,172,0,17,1,-40.0,72.2,65.0,0,0,2.6,51.0,,28,0
1122.6,16:39:21,2401905244,1076800706,0,132,2024812,0,172,0,17,1,-40.0,72.2,65.0,0,0,3.0,50.0,,28,0
1123.6,16:39:22,2401905653,1076801191,409,485,2024815,0,172,0,17,1,-39.0,72.2,65.0,0,0,2.7,51.0,,28,0
1124.6,16:39:23,2401905653,1076801521,0,330,2024815,0,172,0,17,1,-39.0,72.2,65.0,0,0,3.7,51.0,,27,0
1125.6,16:39:24,2401905653,1076801851,0,330,2024815,0,172,0,17,1,-39.0,72.2,65.0,0,0,3.1,50.0,,28,0
1126.6,16:39:25,2401905653,1076801917,0,66,2024815,0,172,0,17,1,-39.0,72.2,65.0,0,0,3.1,49.0,,27,0
1127.6,16:39:26,2402516349,1076804733,610696,2816,2025221,0,172,0,17,1,-39.0,72.2,65.0,6,0,6.0,51.0,,27,0
1128.6,16:39:27,2407157586,1076821573,4641237,16840,2028270,0,172,0,17,1,-40.0,72.2,58.5,80,0,3.2,50.0,,27,0
1129.7,16:39:28,2412117219,1076839099,4959633,17526,2031539,0,172,0,17,1,-40.0,72.2,65.0,76,0,5.2,51.0,,28,0
1130.7,16:39:29,2416658959,1076854903,4541740,15804,2034504,0,172,0,17,1,-39.0,65.0,58.5,81,0,3.6,51.0,,27,0
1131.7,16:39:30,2421667781,1076872867,5008822,17964,2037787,0,172,0,17,1,-41.0,65.0,65.0,69,0,3.9,50.0,,27,0
1132.7,16:39:31,2426620157,1076888995,4952376,16128,2041033,0,172,0,17,1,-42.0,65.0,65.0,67,0,3.4,50.0,,28,0
1133.7,16:39:32,2431518930,1076903703,4898773,14708,2044240,0,172,0,17,1,-42.0,72.2,65.0,53,0,6.5,52.0,,28,0
1134.7,16:39:33,2436841548,1076921787,5322618,18084,2047713,0,172,0,17,1,-41.0,65.0,58.5,47,0,4.5,50.0,,28,0
1135.7,16:39:34,2441608274,1076940039,4766726,18252,2050824,0,172,0,17,1,-41.0,72.2,65.0,65,0,3.7,51.0,,29,0
1136.7,16:39:35,2446883046,1076960847,5274772,20808,2054266,0,172,0,17,1,-40.0,72.2,65.0,64,0,4.5,51.0,,28,0
1137.7,16:39:36,2451881916,1076980137,4998870,19290,2057527,0,172,0,17,1,-41.0,72.2,65.0,64,0,3.7,51.0,,28,0
1138.8,16:39:37,2456831480,1076996655,4949564,16518,2060757,0,172,0,17,1,-42.0,58.5,65.0,44,0,3.8,51.0,,28,0
1139.8,16:39:38,2461225956,1077014029,4394476,17374,2063635,0,172,0,17,1,-42.0,58.5,65.0,63,0,3.6,51.0,,27,0
1140.8,16:39:39,2466162446,1077031165,4936490,17136,2066858,0,172,0,17,1,-41.0,72.2,65.0,48,0,4.1,51.0,,27,0
1141.8,16:39:40,2470989656,1077052015,4827210,20850,2070009,0,172,0,17,1,-42.0,58.5,65.0,60,0,3.8,50.0,,27,0
1142.8,16:39:41,2475931015,1077071897,4941359,19882,2073235,0,172,0,17,1,-42.0,65.0,72.2,49,0,4.0,51.0,,28,0
1143.8,16:39:42,2480731341,1077091375,4800326,19478,2076366,0,172,0,17,1,-41.0,72.2,72.2,56,0,4.3,51.0,,27,0
1144.8,16:39:43,2485813631,1077109537,5082290,18162,2079681,0,172,0,17,1,-42.0,72.2,72.2,37,0,4.2,51.0,,27,0
1145.8,16:39:44,2490805345,1077127053,4991714,17516,2082940,0,172,0,17,1,-40.0,72.2,135.0,46,0,4.3,51.0,,27,0
1146.8,16:39:45,2495674278,1077142869,4868933,15816,2086121,0,172,0,17,1,-41.0,72.2,72.2,49,0,4.0,50.0,,27,0
1147.9,16:39:46,2500329388,1077158283,4655110,15414,2089160,0,172,0,17,1,-41.0,72.2,72.2,60,0,4.5,50.0,,27,0
1148.9,16:39:47,2505241239,1077176607,4911851,18324,2092364,0,172,0,17,1,-41.0,72.2,72.2,58,0,4.0,50.0,,27,0
1149.9,16:39:49,2510174802,1077194317,4933563,17710,2095585,0,172,0,17,1,-42.0,72.2,72.2,52,0,4.2,52.0,,27,0
1150.9,16:39:50,2514703100,1077210169,4528298,15852,2098540,0,172,0,17,1,-44.0,72.2,72.2,58,0,3.9,51.0,,27,0
1151.9,16:39:51,2519583926,1077226285,4880826,16116,2101725,0,172,0,17,1,-42.0,72.2,72.2,55,0,4.3,51.0,,28,0
1152.9,16:39:52,2524375488,1077243883,4791562,17598,2104852,0,172,0,17,1,-40.0,58.5,72.2,62,0,4.3,53.0,,28,0
1153.9,16:39:53,2529111608,1077260687,4736120,16804,2107943,0,172,0,17,1,-40.0,65.0,72.2,50,0,4.0,51.0,,28,0
1154.9,16:39:54,2533997768,1077277721,4886160,17034,2111133,0,172,0,17,1,-41.0,65.0,72.2,52,0,3.9,51.0,,28,0
1155.9,16:39:55,2538791540,1077290477,4793772,12756,2114266,0,172,0,17,1,-41.0,65.0,72.2,66,0,4.3,50.0,,29,0
1157.0,16:39:56,2543613749,1077302477,4822209,12000,2117420,0,172,0,17,1,-40.0,72.2,72.2,64,0,4.3,50.0,,28,0
1158.0,16:39:57,2548038833,1077315053,4425084,12576,2120310,0,172,0,17,1,-41.0,72.2,72.2,61,0,3.4,50.0,,28,0
1159.0,16:39:58,2552967559,1077327269,4928726,12216,2123544,0,172,0,17,1,-41.0,58.5,72.2,56,0,4.6,50.0,,27,0
1160.0,16:39:59,2557230108,1077338201,4262549,10932,2126330,0,172,0,17,1,-40.0,65.0,72.2,88,0,4.3,51.0,,28,0
1161.0,16:40:00,2561945542,1077349379,4715434,11178,2129434,0,172,0,17,1,-41.0,72.2,72.2,71,0,4.0,50.0,,27,0
1162.0,16:40:01,2566705865,1077361205,4760323,11826,2132531,0,172,0,17,1,-40.0,58.5,72.2,76,0,4.2,51.0,,27,0
1163.0,16:40:02,2568837123,1077370769,2131258,9564,2133928,0,172,0,17,1,-42.0,65.0,72.2,44,28,3.5,51.0,,27,0
1164.0,16:40:03,2570886304,1077376249,2049181,5480,2135272,0,172,0,17,1,-41.0,72.2,72.2,36,0,3.6,50.0,,27,0
1165.0,16:40:04,2574766234,1077386839,3879930,10590,2137807,0,172,0,17,1,-42.0,72.2,72.2,84,0,3.9,50.0,,27,0
1166.0,16:40:05,2579010306,1077399169,4244072,12330,2140579,0,172,0,17,1,-40.0,72.2,72.2,97,0,3.7,50.0,,28,0
1167.0,16:40:06,2583675500,1077410257,4665194,11088,2143628,0,172,0,17,1,-39.0,58.5,72.2,67,0,3.4,50.0,,27,0
1168.1,16:40:07,2588036304,1077420943,4360804,10686,2146478,0,172,0,17,1,-42.0,65.0,65.0,59,0,4.2,50.0,,27,0
1169.1,16:40:08,2591326463,1077432267,3290159,11324,2148629,0,172,0,17,1,-40.0,65.0,72.2,96,0,4.2,51.0,,27,0
1170.1,16:40:09,2596012737,1077444379,4686274,12112,2151706,0,172,0,17,1,-40.0,65.0,72.2,71,0,4.3,50.0,,27,0
1171.1,16:40:10,2600960775,1077456379,4948038,12000,2154943,0,172,0,17,1,-40.0,72.2,72.2,60,0,3.7,50.0,,27,0
1172.1,16:40:11,2606080105,1077468541,5119330,12162,2158296,0,172,0,17,1,-41.0,72.2,72.2,55,0,4.4,52.0,,27,0
1173.1,16:40:12,2610946179,1077479473,4866074,10932,2161475,0,172,0,17,1,-41.0,72.2,72.2,59,0,4.0,51.0,,27,0
1174.1,16:40:13,2615681863,1077490459,4735684,10986,2164569,0,172,0,17,1,-41.0,65.0,72.2,59,0,4.4,51.0,,28,0
1175.1,16:40:14,2620541351,1077502051,4859488,11592,2167749,0,172,0,17,1,-40.0,72.2,72.2,63,0,3.8,50.0,,28,0
1176.1,16:40:15,2625329673,1077513565,4788322,11514,2170883,0,172,0,17,1,-41.0,72.2,72.2,59,0,4.6,50.0,,27,0
1177.2,16:40:16,2630197503,1077524929,4867830,11364,2174066,0,172,0,17,1,-40.0,65.0,72.2,62,0,4.5,50.0,,28,0
1178.2,16:40:17,2635397872,1077537787,5200369,12858,2177472,0,172,0,17,1,-40.0,72.2,72.2,54,0,5.0,51.0,,28,0
1179.2,16:40:18,2640094524,1077549475,4696652,11688,2180543,0,172,0,17,1,-41.0,65.0,72.2,60,0,4.5,50.0,,28,0
1180.2,16:40:19,2645178497,1077561781,5083973,12306,2183873,0,172,0,17,1,-40.0,72.2,72.2,57,0,4.8,51.0,,28,0
1181.2,16:40:20,2649179465,1077574483,4000968,12702,2186485,0,172,0,17,1,-39.0,72.2,72.2,76,0,3.9,51.0,,28,0
1182.2,16:40:21,2653756509,1077585175,4577044,10692,2189476,0,172,0,17,1,-40.0,72.2,72.2,66,0,4.4,50.0,,28,0
1183.2,16:40:22,2659034314,1077598525,5277805,13350,2192933,0,172,0,17,1,-39.0,65.0,72.2,59,0,4.6,52.0,,28,0
1184.2,16:40:23,2663647069,1077609643,4612755,11118,2195953,0,172,0,17,1,-39.0,72.2,72.2,68,0,4.6,52.0,,27,0
1185.2,16:40:24,2668490766,1077622405,4843697,12762,2199122,0,172,0,17,1,-38.0,72.2,72.2,63,0,4.3,52.0,,28,0
1186.2,16:40:25,2673204388,1077634123,4713622,11718,2202203,0,172,0,17,1,-38.0,72.2,72.2,57,0,4.2,52.0,,27,0
1187.3,16:40:26,2677776032,1077646225,4571644,12102,2205193,0,172,0,17,1,-39.0,65.0,72.2,60,0,4.0,51.0,,28,0
1188.3,16:40:27,2682472611,1077658762,4696579,12537,2208265,0,172,0,17,1,-40.0,72.2,72.2,60,0,4.9,51.0,,28,0
1189.3,16:40:28,2687247362,1077669438,4774751,10676,2211416,0,172,0,17,1,-39.0,65.0,72.2,57,0,4.2,50.0,,27,0
1190.3,16:40:29,2692309221,1077681596,5061859,12158,2214696,0,172,0,17,1,-39.0,72.2,72.2,60,0,3.7,51.0,,27,0
1191.3,16:40:30,2697569681,1077697184,5260460,15588,2218134,0,172,0,17,1,-40.0,72.2,72.2,60,0,4.0,51.0,,27,0
1192.3,16:40:31,2702556361,1077710768,4986680,13584,2221396,0,172,0,17,1,-39.0,72.2,72.2,69,0,4.4,52.0,,28,0
1193.3,16:40:32,2707409875,1077723140,4853514,12372,2224571,0,172,0,17,1,-40.0,58.5,72.2,56,0,4.1,51.0,,28,0
1194.3,16:40:33,2711688135,1077736016,4278260,12876,2227367,0,172,0,17,1,-39.0,65.0,72.2,54,0,4.3,51.0,,27,0
1195.3,16:40:34,2716816889,1077749798,5128754,13782,2230718,0,172,0,17,1,-39.0,72.2,72.2,64,0,3.8,51.0,,28,0
1196.4,16:40:35,2721538405,1077760418,4721516,10620,2233806,0,172,0,17,1,-39.0,65.0,72.2,52,0,3.7,51.0,,28,0
1197.4,16:40:36,2726115869,1077770906,4577464,10488,2236798,0,172,0,17,1,-40.0,65.0,72.2,60,0,3.4,50.0,,28,0
1198.4,16:40:37,2731050759,1077782702,4934890,11796,2240027,0,172,0,17,1,-39.0,72.2,72.2,64,0,4.3,50.0,,27,0
1199.4,16:40:38,2735666865,1077794240,4616106,11538,2243044,0,172,0,17,1,-42.0,72.2,72.2,63,0,3.5,52.0,,27,0
1200.4,16:40:39,2740491235,1077806206,4824370,11966,2246202,0,172,0,17,1,-44.0,65.0,72.2,62,0,3.9,51.0,,27,0
1201.4,16:40:40,2745272657,1077817680,4781422,11474,2249336,0,172,0,17,1,-41.0,72.2,72.2,55,0,4.2,52.0,,27,0
1202.4,16:40:41,2750309445,1077829194,5036788,11514,2252628,0,172,0,17,1,-41.0,72.2,72.2,49,0,3.5,51.0,,27,0
1203.4,16:40:42,2755047613,1077840492,4738168,11298,2255725,0,172,0,17,1,-41.0,72.2,72.2,64,0,3.8,50.0,,27,0
1204.4,16:40:43,2759594105,1077855096,4546492,14604,2258696,0,172,0,17,1,-41.0,65.0,72.2,80,0,4.4,51.0,,27,0
1205.4,16:40:44,2764875897,1077868008,5281792,12912,2262150,0,172,0,17,1,-41.0,72.2,72.2,58,0,4.0,51.0,,27,0
1206.4,16:40:45,2769943439,1077880626,5067542,12618,2265463,0,172,0,17,1,-39.0,72.2,72.2,65,0,4.2,51.0,,27,0
1207.5,16:40:46,2774773429,1077892674,4829990,12048,2268620,0,172,0,17,1,-42.0,65.0,72.2,61,0,4.2,50.0,,27,0
1208.5,16:40:47,2779544033,1077904398,4770604,11724,2271740,0,172,0,17,1,-41.0,72.2,72.2,52,0,3.1,53.0,,27,0
1209.5,16:40:48,2784361899,1077916368,4817866,11970,2274891,0,172,0,17,1,-41.0,65.0,72.2,53,0,3.4,51.0,,27,0
1210.5,16:40:49,2789257271,1077928044,4895372,11676,2278095,0,172,0,17,1,-41.0,72.2,72.2,54,0,3.9,51.0,,27,0
1211.5,16:40:50,2794061331,1077939366,4804060,11322,2281237,0,172,0,17,1,-41.0,72.2,72.2,54,0,3.5,51.0,,28,0
1212.5,16:40:51,2798853914,1077950664,4792583,11298,2284372,0,172,0,17,1,-39.0,65.0,72.2,52,0,4.3,50.0,,27,0
1213.5,16:40:52,2803767693,1077962250,4913779,11586,2287586,0,172,0,17,1,-40.0,72.2,72.2,47,0,4.0,51.0,,27,0
1214.5,16:40:53,2808445085,1077976260,4677392,14010,2290642,0,172,0,17,1,-41.0,72.2,72.2,57,0,4.0,51.0,,28,0
1215.5,16:40:54,2813573255,1077987978,5128170,11718,2293993,0,172,0,17,1,-40.0,65.0,72.2,53,0,3.5,50.0,,27,0
1216.5,16:40:55,2818303392,1077998574,4730137,10596,2297086,0,172,0,17,1,-41.0,72.2,72.2,59,0,3.8,50.0,,28,0
1217.6,16:40:56,2823042510,1078010076,4739118,11502,2300183,0,172,0,17,1,-41.0,65.0,72.2,53,0,3.9,51.0,,27,0
1218.6,16:40:57,2828119334,1078021806,5076824,11730,2303507,0,172,0,17,1,-41.0,72.2,72.2,61,0,4.0,51.0,,27,0
1219.6,16:40:58,2833267010,1078034058,5147676,12252,2306873,0,172,0,17,1,-41.0,72.2,72.2,54,0,3.7,51.0,,27,0
1220.6,16:40:59,2837954630,1078045014,4687620,10956,2309937,0,172,0,17,1,-41.0,72.2,72.2,59,0,3.1,51.0,,27,0
1221.6,16:41:00,2842806610,1078056996,4851980,11982,2313111,0,172,0,17,1,-40.0,72.2,72.2,76,0,3.9,52.0,,27,0
1222.6,16:41:01,2848130330,1078069494,5323720,12498,2316591,0,172,0,17,1,-41.0,72.2,72.2,49,0,3.3,51.0,,27,0
1223.6,16:41:02,2852935410,1078080888,4805080,11394,2319731,0,172,0,17,1,-41.0,65.0,72.2,55,0,8.5,56.0,,27,0
1224.6,16:41:03,2857442166,1078094334,4506756,13446,2322679,0,172,0,17,1,-40.0,65.0,72.2,46,0,9.3,51.0,,27,0
1225.6,16:41:04,2862445724,1078106358,5003558,12024,2325956,0,172,0,17,1,-39.0,65.0,72.2,43,0,6.4,51.0,,28,0
1226.7,16:41:05,2867505670,1078118406,5059946,12048,2329265,0,172,0,17,1,-39.0,72.2,72.2,51,0,6.6,52.0,,29,0
1227.7,16:41:06,2872413162,1078131522,4907492,13116,2332471,0,172,0,17,1,-41.0,65.0,72.2,70,0,5.3,50.0,,28,0
1228.7,16:41:07,2877511602,1078145214,5098440,13692,2335803,0,172,0,17,1,-39.0,65.0,72.2,63,0,5.5,51.0,,29,0
1229.7,16:41:08,2882337370,1078156122,4825768,10908,2338958,0,172,0,17,1,-39.0,72.2,72.2,48,0,7.2,51.0,,28,0
1230.7,16:41:09,2887162180,1078168472,4824810,12350,2342118,0,172,0,17,1,-41.0,72.2,72.2,59,0,5.9,51.0,,28,0
1231.7,16:41:10,2892072162,1078180666,4909982,12194,2345332,0,172,0,17,1,-40.0,65.0,72.2,54,0,5.0,51.0,,29,0
1232.7,16:41:11,2896743566,1078191814,4671404,11148,2348386,0,172,0,17,1,-40.0,65.0,72.2,58,0,3.9,52.0,,28,0
1233.7,16:41:12,2901627760,1078202830,4884194,11016,2351581,0,172,0,17,1,-40.0,65.0,72.2,55,0,5.1,50.0,,28,0
1234.7,16:41:13,2905719514,1078216768,4091754,13938,2354256,0,172,0,17,1,-39.0,72.2,72.2,69,0,7.0,55.0,,28,0
1235.8,16:41:14,2910505092,1078228480,4785578,11712,2357385,0,172,0,17,1,-40.0,65.0,72.2,53,0,6.8,51.0,,28,0
1236.8,16:41:15,2914559326,1078238416,4054234,9936,2360132,0,172,0,17,1,-39.0,72.2,72.2,52,0,3.9,52.0,,29,0
1237.8,16:41:16,2918616474,1078249106,4057148,10690,2362979,0,172,0,17,1,-40.0,72.2,72.2,51,0,3.8,52.0,,28,0
1238.8,16:41:17,2922532946,1078258796,3916472,9690,2365786,0,172,0,17,1,-39.0,72.2,72.2,40,0,4.4,51.0,,28,0
1239.8,16:41:18,2926732290,1078269056,4199344,10260,2368677,0,172,0,17,1,-40.0,58.5,72.2,52,0,4.4,52.0,,28,0
1240.8,16:41:19,2931330540,1078280090,4598250,11034,2371735,0,172,0,17,1,-41.0,72.2,72.2,49,0,4.9,51.0,,28,0
1241.8,16:41:20,2936322990,1078291946,4992450,11856,2375000,0,172,0,17,1,-41.0,72.2,72.2,50,0,5.0,51.0,,28,0
1242.8,16:41:21,2941175772,1078303496,4852782,11550,2378173,0,172,0,17,1,-41.0,72.2,72.2,55,0,3.5,53.0,,28,0
1243.8,16:41:22,2946080858,1078314860,4905086,11364,2381382,0,172,0,17,1,-39.0,72.2,72.2,58,0,3.9,51.0,,27,0
1244.9,16:41:23,2950967170,1078326116,4886312,11256,2384578,0,172,0,17,1,-41.0,65.0,72.2,61,0,3.7,50.0,,28,0
1245.9,16:41:24,2955406282,1078340102,4439112,13986,2387480,0,172,0,17,1,-41.0,72.2,72.2,60,0,3.4,51.0,,28,0
1246.9,16:41:26,2960449790,1078351358,5043508,11256,2390776,0,172,0,17,1,-38.0,72.2,72.2,45,0,3.7,50.0,,28,0
1247.9,16:41:27,2965320104,1078362854,4870314,11496,2393961,0,172,0,17,1,-39.0,65.0,72.2,49,0,4.0,51.0,,27,0
1248.9,16:41:28,2969951698,1078373354,4631594,10500,2396990,0,172,0,17,1,-40.0,72.2,72.2,64,0,3.8,50.0,,28,0
1249.9,16:41:29,2975101418,1078385654,5149720,12300,2400356,0,172,0,17,1,-40.0,65.0,72.2,58,0,3.9,50.0,,28,0
1250.9,16:41:30,2980046606,1078396832,4945188,11178,2403604,0,172,0,17,1,-40.0,72.2,72.2,44,0,3.8,50.0,,28,0
1251.9,16:41:31,2985090628,1078408466,5044022,11634,2406889,0,172,0,17,1,-40.0,65.0,72.2,60,0,3.9,51.0,,27,0
1252.9,16:41:32,2989892936,1078420478,4802308,12012,2410031,0,172,0,17,1,-40.0,72.2,72.2,54,0,3.7,50.0,,28,0
1254.0,16:41:33,2994431392,1078431788,4538456,11310,2412997,0,172,0,17,1,-40.0,72.2,72.2,76,0,3.8,51.0,,27,0
1255.0,16:41:34,2999085338,1078442804,4653946,11016,2416040,0,172,0,17,1,-41.0,72.2,72.2,48,0,3.9,50.0,,28,0
1256.0,16:41:35,3003751615,1078454272,4666277,11468,2419093,0,172,0,17,1,-41.0,72.2,72.2,57,0,3.8,51.0,,27,0
1257.0,16:41:36,3008488078,1078465015,4736463,10743,2422191,0,172,0,17,1,-40.0,65.0,72.2,58,0,4.2,50.0,,28,0
1258.0,16:41:37,3013324422,1078477231,4836344,12216,2425351,0,172,0,17,1,-40.0,72.2,72.2,65,0,4.1,50.0,,27,0
1259.0,16:41:38,3017892900,1078491493,4568478,14262,2428336,0,172,0,17,1,-39.0,65.0,72.2,60,0,3.8,50.0,,28,0
1260.0,16:41:39,3022602580,1078502653,4709680,11160,2431414,0,172,0,17,1,-39.0,72.2,72.2,66,0,3.8,51.0,,27,0
1261.0,16:41:40,3027772906,1078514901,5170326,12248,2434800,0,172,0,17,1,-40.0,58.5,72.2,54,0,3.5,51.0,,27,0
1262.0,16:41:41,3032696258,1078527221,4923352,12320,2438025,0,172,0,17,1,-40.0,72.2,72.2,59,0,4.7,51.0,,27,0
1263.1,16:41:42,3037607332,1078539269,4911074,12048,2441236,0,172,0,17,1,-40.0,72.2,72.2,59,0,3.4,51.0,,27,0
1264.1,16:41:43,3042556024,1078550537,4948692,11268,2444470,0,172,0,17,1,-40.0,72.2,72.2,61,0,4.0,50.0,,27,0
1265.1,16:41:44,3047620428,1078562603,5064404,12066,2447784,0,172,0,17,1,-40.0,72.2,72.2,61,0,4.3,51.0,,27,0
1266.1,16:41:45,3052551662,1078573805,4931234,11202,2451007,0,172,0,17,1,-40.0,72.2,72.2,52,0,6.2,54.0,,27,0
1267.1,16:41:46,3057647914,1078585631,5096252,11826,2454341,0,172,0,17,1,-39.0,72.2,72.2,61,0,6.8,51.0,,28,0
1268.1,16:41:47,3062574620,1078597103,4926706,11472,2457562,0,172,0,17,1,-41.0,65.0,72.2,49,0,5.3,50.0,,28,0
1269.1,16:41:48,3066953906,1078611083,4379286,13980,2460425,0,172,0,17,1,-41.0,65.0,72.2,67,0,3.9,50.0,,27,0
1270.1,16:41:49,3072080842,1078623473,5126936,12390,2463783,0,172,0,17,1,-39.0,72.2,72.2,62,0,4.5,50.0,,28,0
1271.1,16:41:50,3076894908,1078635719,4814066,12246,2466930,0,172,0,17,1,-40.0,72.2,72.2,55,0,4.0,51.0,,28,0
1272.1,16:41:51,3081724536,1078647275,4829628,11556,2470090,0,172,0,17,1,-41.0,65.0,72.2,61,0,4.9,49.0,,28,0
1273.2,16:41:52,3086590174,1078659233,4865638,11958,2473271,0,172,0,17,1,-41.0,72.2,72.2,51,0,4.4,51.0,,27,0
1274.2,16:41:53,3091280574,1078670651,4690400,11418,2476341,0,172,0,17,1,-40.0,72.2,72.2,67,0,5.3,51.0,,27,0
1275.2,16:41:54,3095971772,1078682123,4691198,11472,2479406,0,172,0,17,1,-41.0,72.2,72.2,54,0,4.4,51.0,,28,0
1276.2,16:41:55,3100839528,1078693787,4867756,11664,2482588,0,172,0,17,1,-39.0,72.2,72.2,61,0,4.8,51.0,,28,0
1277.2,16:41:56,3105470316,1078705121,4630788,11334,2485614,0,172,0,17,1,-40.0,72.2,72.2,59,0,3.7,51.0,,28,0
1278.2,16:41:57,3110379930,1078718309,4909614,13188,2488825,0,172,0,17,1,-40.0,65.0,72.2,61,0,4.0,50.0,,28,0
1279.2,16:41:58,3114819992,1078731617,4440062,13308,2491728,0,172,0,17,1,-39.0,72.2,72.2,66,0,3.6,49.0,,27,0
1280.2,16:41:59,3119967480,1078743359,5147488,11742,2495093,0,172,0,17,1,-41.0,72.2,72.2,53,0,4.2,51.0,,28,0
1281.2,16:42:00,3125076296,1078755617,5108816,12258,2498435,0,172,0,17,1,-41.0,65.0,72.2,55,0,4.4,51.0,,27,0
1282.3,16:42:01,3129994678,1078768127,4918382,12510,2501654,0,172,0,17,1,-41.0,72.2,72.2,51,0,4.2,51.0,,27,0
1283.3,16:42:02,3134997940,1078780271,5003262,12144,2504927,0,172,0,17,1,-39.0,72.2,72.2,44,0,4.4,50.0,,27,0
1284.3,16:42:03,3140477182,1078793243,5479242,12972,2508550,0,172,0,17,1,-39.0,65.0,72.2,47,0,4.8,50.0,,27,0
1285.3,16:42:04,3145438146,1078805375,4960964,12132,2511754,0,172,0,17,1,-40.0,65.0,72.2,68,0,4.5,50.0,,27,0
1286.3,16:42:05,3150332712,1078817399,4894566,12024,2514955,0,172,0,17,1,-39.0,72.2,72.2,57,0,4.1,50.0,,27,0
1287.3,16:42:06,3155479364,1078829495,5146652,12096,2518319,0,172,0,17,1,-40.0,58.5,72.2,55,0,3.9,51.0,,27,0
1288.3,16:42:07,3159916787,1078840459,4437423,10964,2521223,0,172,0,17,1,-40.0,58.5,65.0,51,0,3.7,50.0,,27,0
1289.3,16:42:08,3161694257,1078847815,1777470,7356,2522384,0,172,0,17,1,-41.0,72.2,72.2,29,0,3.9,51.0,,27,0
1290.3,16:42:09,3163810523,1078853101,2116266,5286,2523767,0,172,0,17,1,-41.0,72.2,72.2,64,0,3.3,50.0,,27,0
1291.4,16:42:10,3168570097,1078865461,4759574,12360,2526880,0,172,0,17,1,-39.0,72.2,72.2,69,0,4.0,50.0,,27,0
1292.4,16:42:11,3173721733,1078880825,5151636,15364,2530264,0,172,0,17,1,-39.0,72.2,72.2,78,0,3.7,51.0,,27,0
1293.4,16:42:12,3178723021,1078892867,5001288,12042,2533534,0,172,0,17,1,-38.0,72.2,72.2,70,0,4.0,50.0,,27,0
1294.4,16:42:13,3183414219,1078904795,4691198,11928,2536599,0,172,0,17,1,-39.0,72.2,72.2,87,0,4.6,50.0,,27,0
1295.4,16:42:14,3188437567,1078916969,5023348,12174,2539883,0,172,0,17,1,-41.0,72.2,72.2,66,0,4.4,51.0,,27,0
1296.4,16:42:15,3192982669,1078928159,4545102,11190,2542852,0,172,0,17,1,-41.0,65.0,72.2,59,0,4.2,51.0,,27,0
1297.4,16:42:16,3197717773,1078939025,4735104,10866,2545950,0,172,0,17,1,-41.0,72.2,72.2,69,0,4.0,50.0,,27,0
1298.4,16:42:17,3202770717,1078952021,5052944,12996,2549258,0,172,0,17,1,-41.0,72.2,72.2,65,0,4.2,51.0,,27,0
1299.5,16:42:18,3207750163,1078965845,4979446,13824,2552513,0,172,0,17,1,-41.0,72.2,72.2,61,0,3.9,50.0,,27,0
1300.5,16:42:19,3212658823,1078979831,4908660,13986,2555719,0,172,0,17,1,-41.0,72.2,72.2,64,0,3.8,50.0,,27,0
1301.5,16:42:20,3217868805,1078992683,5209982,12852,2559122,0,172,0,17,1,-40.0,72.2,72.2,63,0,5.4,50.0,,27,0
1302.5,16:42:21,3223329269,1079005697,5460464,13014,2562690,0,172,0,17,1,-40.0,52.0,72.2,58,0,4.3,51.0,,27,0
1303.5,16:42:22,3227873425,1079016989,4544156,11292,2565662,0,172,0,17,1,-40.0,65.0,72.2,59,0,8.1,52.0,,28,0
1304.5,16:42:23,3232943011,1079029661,5069586,12672,2568975,0,172,0,17,1,-40.0,72.2,72.2,57,0,15.2,53.0,,28,0
1305.5,16:42:24,3237792433,1079041403,4849422,11742,2572146,0,172,0,17,1,-39.0,72.2,72.2,68,0,8.2,52.0,,28,0
1306.5,16:42:25,3243362543,1079054777,5570110,13374,2575787,0,172,0,17,1,-40.0,72.2,72.2,58,0,18.7,52.0,,30,0
1307.5,16:42:26,3248222847,1079066495,4860304,11718,2578963,0,172,0,17,1,-40.0,72.2,72.2,49,0,6.4,51.0,,30,0
1308.6,16:42:27,3253212887,1079078915,4990040,12420,2582227,0,172,0,17,1,-41.0,65.0,72.2,58,0,5.6,50.0,,29,0
1309.6,16:42:28,3257966613,1079090387,4753726,11472,2585332,0,172,0,17,1,-40.0,72.2,72.2,56,0,8.9,51.0,,28,0
1310.6,16:42:29,3262069849,1079103299,4103236,12912,2588012,0,172,0,17,1,-41.0,72.2,72.2,70,0,14.7,52.0,,28,0
1311.6,16:42:30,3266676681,1079114393,4606832,11094,2591026,0,172,0,17,1,-40.0,57.8,72.2,62,0,6.4,51.0,,29,0
1312.6,16:42:31,3271411639,1079128401,4734958,14008,2594123,0,172,0,17,1,-39.0,65.0,72.2,53,0,5.7,51.0,,28,0
1313.6,16:42:32,3276191957,1079142103,4780318,13702,2597248,0,172,0,17,1,-39.0,72.2,72.2,54,0,7.2,51.0,,28,0
1314.6,16:42:33,3281228087,1079155527,5036130,13424,2600539,0,172,0,17,1,-40.0,72.2,72.2,55,0,7.6,52.0,,28,0
1315.6,16:42:34,3285975533,1079167203,4747446,11676,2603642,0,172,0,17,1,-40.0,65.0,72.2,60,0,5.7,52.0,,28,0
1316.6,16:42:35,3291115173,1079180477,5139640,13274,2607002,0,172,0,17,1,-39.0,72.2,72.2,57,0,6.3,52.0,,28,0
1317.6,16:42:36,3296064231,1079192909,4949058,12432,2610237,0,172,0,17,1,-40.0,72.2,72.2,62,0,6.1,53.0,,27,0
1318.7,16:42:37,3301094883,1079205257,5030652,12348,2613525,0,172,0,17,1,-40.0,72.2,72.2,60,0,7.6,53.0,,28,0
1319.7,16:42:38,3305728521,1079216393,4633638,11136,2616554,0,172,0,17,1,-40.0,65.0,72.2,64,0,6.1,51.0,,29,0
1320.7,16:42:39,3310630247,1079228351,4901726,11958,2619761,0,172,0,17,1,-41.0,72.2,72.2,62,0,7.8,52.0,,28,0
1321.7,16:42:40,3315414073,1079239583,4783826,11232,2622890,0,172,0,17,1,-40.0,72.2,72.2,55,0,4.2,51.0,,28,0
1322.7,16:42:41,3319973795,1079251713,4559722,12130,2625879,0,172,0,17,1,-42.0,72.2,72.2,52,0,3.8,51.0,,29,0
1323.7,16:42:42,3324261551,1079264511,4287756,12798,2628681,0,172,0,17,1,-41.0,72.2,72.2,63,0,4.0,51.0,,28,0
1324.7,16:42:43,3329521283,1079277129,5259732,12618,2632121,0,172,0,17,1,-40.0,65.0,72.2,51,0,5.9,53.0,,27,0
1325.7,16:42:44,3334531993,1079288415,5010710,11286,2635396,0,172,0,17,1,-41.0,72.2,72.2,62,0,7.7,51.0,,27,0
1326.7,16:42:45,3339610199,1079300049,5078206,11634,2638715,0,172,0,17,1,-41.0,72.2,72.2,52,0,6.7,51.0,,28,0
1327.7,16:42:46,3344929025,1079312805,5318826,12756,2642192,0,172,0,17,1,-41.0,72.2,65.0,43,0,5.0,51.0,,27,0
1328.8,16:42:47,3349763575,1079324498,4834550,11693,2645354,0,172,0,17,1,-40.0,72.2,72.2,68,0,5.3,50.0,,27,0
1329.8,16:42:48,3355018849,1079337158,5255274,12660,2648789,0,172,0,17,1,-41.0,65.0,72.2,56,0,4.5,51.0,,27,0
1330.8,16:42:49,3360201075,1079349278,5182226,12120,2652176,0,172,0,17,1,-41.0,72.2,72.2,59,0,4.3,51.0,,28,0
1331.8,16:42:50,3365166275,1079361206,4965200,11928,2655420,0,172,0,17,1,-41.0,65.0,72.2,53,0,5.0,51.0,,28,0
1332.8,16:42:51,3369910287,1079372840,4744012,11634,2658520,0,172,0,17,1,-39.0,72.2,72.2,53,0,4.3,52.0,,27,0
1333.8,16:42:52,3374198043,1079386304,4287756,13464,2661324,0,172,0,17,1,-41.0,65.0,72.2,69,0,3.9,51.0,,27,0
1334.8,16:42:53,3379041329,1079398640,4843286,12336,2664489,0,172,0,17,1,-40.0,72.2,72.2,47,0,5.5,51.0,,27,0
1335.8,16:42:54,3384024575,1079411012,4983246,12372,2667748,0,172,0,17,1,-41.0,65.0,72.2,57,0,4.9,52.0,,28,0
1336.8,16:42:55,3388679837,1079422094,4655262,11082,2670793,0,172,0,17,1,-41.0,72.2,72.2,53,0,5.5,51.0,,27,0
1337.9,16:42:56,3394173551,1079434820,5493714,12726,2674396,0,172,0,17,1,-43.0,72.2,72.2,53,0,4.3,52.0,,27,0
1338.9,16:42:57,3399360235,1079447240,5186684,12420,2677788,0,172,0,17,1,-40.0,72.2,72.2,52,0,5.7,51.0,,28,0
1339.9,16:42:59,3404458165,1079459414,5097930,12174,2681121,0,172,0,17,1,-41.0,65.0,72.2,42,0,7.1,52.0,,29,0
1340.9,16:43:00,3408920998,1079470334,4462833,10920,2684038,0,172,0,17,1,-40.0,65.0,72.2,61,0,14.6,52.0,,28,0
1341.9,16:43:01,3413843105,1079482118,4922107,11784,2687258,0,172,0,17,1,-42.0,72.2,72.2,58,0,16.0,59.0,,28,0
1342.9,16:43:02,3418856299,1079493524,5013194,11406,2690535,0,172,0,17,1,-41.0,72.2,72.2,57,0,5.4,51.0,,28,0
1343.9,16:43:03,3423406735,1079504336,4550436,10812,2693509,0,172,0,17,1,-40.0,72.2,72.2,63,0,6.3,52.0,,29,0
1344.9,16:43:04,3428214081,1079515298,4807346,10962,2696652,0,172,0,17,1,-41.0,72.2,72.2,58,0,5.4,51.0,,28,0
1345.9,16:43:05,3433054007,1079527202,4839926,11904,2699817,0,172,0,17,1,-40.0,58.5,72.2,67,0,6.0,51.0,,28,0
1346.9,16:43:06,3438088023,1079539406,5034016,12204,2703111,0,172,0,17,1,-40.0,72.2,72.2,65,0,5.0,53.0,,29,0
1348.0,16:43:07,3443199759,1079552174,5111736,12768,2706453,0,172,0,17,1,-50.0,72.2,72.2,55,0,8.5,55.0,,29,0
1349.0,16:43:08,3448293963,1079564390,5094204,12216,2709783,0,172,0,17,1,-45.0,72.2,72.2,44,0,9.2,53.0,,28,0
1350.0,16:43:09,3452865587,1079575712,4571624,11322,2712775,0,172,0,17,1,-37.0,72.2,72.2,74,0,4.8,52.0,,29,0
1351.0,16:43:10,3457334355,1079588480,4468768,12768,2715697,0,172,0,17,1,-38.0,72.2,72.2,61,0,4.6,51.0,,28,0
1352.0,16:43:11,3462308689,1079601548,4974334,13068,2718951,0,172,0,17,1,-40.0,65.0,72.2,61,0,4.3,51.0,,29,0
1353.0,16:43:12,3467560981,1079614944,5252292,13396,2722394,0,172,0,17,1,-40.0,72.2,72.2,63,0,4.5,51.0,,28,0
1354.0,16:43:13,3472252545,1079626632,4691564,11688,2725460,0,172,0,17,1,-41.0,65.0,72.2,75,0,4.9,51.0,,28,0
1355.0,16:43:14,3476955287,1079638224,4702742,11592,2728535,0,172,0,17,1,-40.0,65.0,72.2,76,0,4.8,52.0,,28,0
1356.0,16:43:15,3481588559,1079649168,4633272,10944,2731563,0,172,0,17,1,-40.0,65.0,72.2,64,0,3.9,51.0,,28,0
1357.0,16:43:16,3486532867,1079661540,4944308,12372,2734793,0,172,0,17,1,-39.0,72.2,72.2,58,0,5.4,52.0,,28,0
1358.1,16:43:17,3491406759,1079672838,4873892,11298,2737979,0,172,0,17,1,-41.0,65.0,72.2,55,0,5.7,52.0,,28,0
1359.1,16:43:18,3496166185,1079683596,4759426,10758,2741090,0,172,0,17,1,-40.0,65.0,72.2,70,0,4.4,51.0,,28,0
1360.1,16:43:19,3501113343,1079695476,4947158,11880,2744345,0,172,0,17,1,-39.0,72.2,72.2,61,0,4.9,52.0,,29,0
1361.1,16:43:20,3506022299,1079707110,4908956,11634,2747533,0,172,0,17,1,-40.0,65.0,72.2,67,0,4.8,51.0,,29,0
1362.1,16:43:21,3509974401,1079719446,3952102,12336,2750116,0,172,0,17,1,-40.0,58.5,72.2,94,0,3.5,52.0,,28,0
1363.1,16:43:22,3515292861,1079731326,5318460,11880,2753592,0,172,0,17,1,-41.0,65.0,72.2,54,0,4.3,51.0,,28,0
1364.1,16:43:23,3520379613,1079743422,5086752,12096,2756920,0,172,0,17,1,-41.0,65.0,72.2,56,0,5.2,51.0,,29,0
1365.1,16:43:24,3524763597,1079754434,4383984,11012,2759788,0,172,0,17,1,-39.0,72.2,72.2,63,0,4.9,51.0,,28,0
1366.1,16:43:25,3529275757,1079765342,4512160,10908,2762738,0,172,0,17,1,-41.0,58.5,72.2,68,0,5.8,51.0,,28,0
1367.2,16:43:26,3533405219,1079776358,4129462,11016,2765441,0,172,0,17,1,-40.0,65.0,72.2,82,0,4.4,51.0,,28,0
1368.2,16:43:27,3537532563,1079786564,4127344,10206,2768139,0,172,0,17,1,-40.0,65.0,72.2,95,0,4.0,50.0,,27,0
1369.2,16:43:28,3541957921,1079797382,4425358,10818,2771068,0,172,0,17,1,-43.0,65.0,72.2,77,0,5.0,50.0,,27,0
1370.2,16:43:29,3546442177,1079807786,4484256,10404,2773964,0,172,0,17,1,-41.0,72.2,72.2,74,0,5.8,51.0,,27,0
1371.2,16:43:30,3551061861,1079819558,4619684,11772,2776982,0,172,0,17,1,-41.0,65.0,72.2,79,0,4.5,51.0,,27,0
1372.2,16:43:31,3555698057,1079830598,4636196,11040,2780014,0,172,0,17,1,-40.0,72.2,72.2,67,0,4.4,51.0,,27,0
1373.2,16:43:32,3560118993,1079844176,4420936,13578,2782903,0,172,0,17,1,-39.0,72.2,135.0,66,0,5.3,50.0,,27,0
1374.2,16:43:33,3565592827,1079856824,5473834,12648,2786482,0,172,0,17,1,-43.0,58.5,72.2,48,0,4.9,51.0,,27,0
1375.2,16:43:34,3570716177,1079869010,5123350,12186,2789831,0,172,0,17,1,-40.0,72.2,72.2,56,0,4.4,52.0,,27,0
1376.2,16:43:35,3575582839,1079881070,4866662,12060,2793014,0,172,0,17,1,-43.0,72.2,72.2,56,0,4.4,51.0,,27,0
1377.3,16:43:36,3579981117,1079891624,4398278,10554,2795889,0,172,0,17,1,-40.0,72.2,72.2,65,0,4.5,51.0,,27,0
1378.3,16:43:37,3584956763,1079904014,4975646,12390,2799140,0,172,0,17,1,-43.0,72.2,72.2,67,0,4.8,51.0,,27,0
1379.3,16:43:38,3589817289,1079915780,4860526,11766,2802319,0,172,0,17,1,-41.0,72.2,72.2,57,0,4.4,51.0,,28,0
1380.3,16:43:39,3594616599,1079927036,4799310,11256,2805456,0,172,0,17,1,-41.0,65.0,72.2,76,0,4.0,51.0,,29,0
1381.3,16:43:40,3598898071,1079937566,4281472,10530,2808252,0,172,0,17,1,-40.0,72.2,72.2,70,0,5.3,51.0,,28,0
1382.3,16:43:41,3603421462,1079952700,4523391,15134,2811213,0,172,0,17,1,-43.0,65.0,72.2,79,0,17.7,52.0,,29,0
1383.3,16:43:42,3607671246,1079967046,4249784,14346,2814003,0,172,0,17,1,-40.0,65.0,72.2,67,0,5.9,50.0,,28,0
1384.3,16:43:43,3612153018,1079980122,4481772,13076,2816933,0,172,0,17,1,-41.0,72.2,72.2,65,0,6.2,51.0,,29,0
1385.3,16:43:44,3617434444,1079993280,5281426,13158,2820386,0,172,0,17,1,-41.0,65.0,72.2,54,0,5.3,50.0,,28,0
1386.4,16:43:45,3622146172,1080006422,4711728,13142,2823468,0,172,0,17,1,-41.0,72.2,72.2,55,0,5.8,51.0,,28,0
1387.4,16:43:46,3626598802,1080016976,4452630,10554,2826383,0,172,0,17,1,-40.0,65.0,72.2,73,0,5.3,51.0,,28,0
1388.4,16:43:47,3630966984,1080028058,4368182,11082,2829238,0,172,0,17,1,-41.0,65.0,72.2,66,0,4.9,52.0,,28,0
1389.4,16:43:48,3635641363,1080038467,4674379,10409,2832296,0,172,0,17,1,-40.0,65.0,72.2,68,0,5.2,51.0,,28,0
1390.4,16:43:49,3639748177,1080049747,4106814,11280,2834977,0,172,0,17,1,-42.0,65.0,72.2,100,0,5.0,50.0,,29,0
1391.4,16:43:50,3643808535,1080060139,4060358,10392,2837630,0,172,0,17,1,-41.0,58.5,72.2,97,0,5.5,52.0,,28,0
1392.4,16:43:51,3648221627,1080072049,4413092,11910,2840516,0,172,0,17,1,-40.0,72.2,72.2,92,0,11.2,56.0,,27,0
1393.4,16:43:52,3652905743,1080083977,4684116,11928,2843580,0,172,0,17,1,-41.0,72.2,72.2,73,0,6.1,52.0,,28,0
1394.4,16:43:53,3657769481,1080096139,4863738,12162,2846759,0,172,0,17,1,-43.0,72.2,72.2,73,0,4.9,52.0,,29,0
1395.5,16:43:54,3662428099,1080109285,4658618,13146,2849802,0,172,0,17,1,-40.0,65.0,72.2,81,0,4.4,51.0,,28,0
1396.5,16:43:55,3667757267,1080122471,5329168,13186,2853289,0,172,0,17,1,-39.0,72.2,72.2,64,0,4.4,51.0,,28,0
1397.5,16:43:56,3672508365,1080134597,4751098,12126,2856394,0,172,0,17,1,-40.0,65.0,72.2,84,0,3.9,51.0,,29,0
1398.5,16:43:57,3677274071,1080146309,4765706,11712,2859507,0,172,0,17,1,-39.0,65.0,72.2,79,0,7.6,51.0,,29,0
1399.5,16:43:58,3682004133,1080157547,4730062,11238,2862600,0,172,0,17,1,-42.0,65.0,72.2,49,0,4.5,52.0,,28,0
1400.5,16:43:59,3687277305,1080170879,5273172,13332,2866048,0,172,0,17,1,-39.0,65.0,72.2,56,0,4.2,51.0,,28,0
1401.5,16:44:00,3692292399,1080183107,5015094,12228,2869327,0,172,0,17,1,-40.0,72.2,72.2,58,0,4.0,50.0,,28,0
1402.5,16:44:01,3696979579,1080194363,4687180,11256,2872389,0,172,0,17,1,-40.0,72.2,72.2,67,0,5.0,51.0,,27,0
1403.6,16:44:02,3702252385,1080206699,5272806,12336,2875836,0,172,0,17,1,-40.0,72.2,72.2,68,0,4.0,50.0,,28,0
1404.6,16:44:03,3707285728,1080222883,5033343,16184,2879130,0,172,0,17,1,-40.0,72.2,72.2,53,0,4.0,51.0,,28,0
1405.6,16:44:04,3711339584,1080237117,4053856,14234,2881778,0,172,0,17,1,-41.0,72.2,72.2,75,0,3.9,50.0,,28,0
1406.6,16:44:05,3716315962,1080249491,4976378,12374,2885031,0,172,0,17,1,-39.0,72.2,72.2,59,0,3.9,52.0,,27,0
1407.6,16:44:06,3720966988,1080261203,4651026,11712,2888074,0,172,0,17,1,-39.0,72.2,72.2,80,0,5.3,53.0,,27,0
1408.6,16:44:07,3725881422,1080274861,4914434,13658,2891287,0,172,0,17,1,-40.0,72.2,72.2,73,0,4.5,51.0,,28,0
1409.6,16:44:08,3730585628,1080286267,4704206,11406,2894366,0,172,0,17,1,-41.0,65.0,72.2,64,0,5.3,51.0,,29,0
1410.6,16:44:09,3734985732,1080301837,4400104,15570,2897242,0,172,0,17,1,-41.0,72.2,72.2,71,28,4.1,51.0,,28,0
1411.7,16:44:10,3737744944,1080309005,2759212,7168,2899048,0,172,0,17,1,-42.0,72.2,72.2,51,0,3.9,52.0,,29,0
1412.7,16:44:11,3739631986,1080315755,1887042,6750,2900281,0,172,0,17,1,-40.0,65.0,72.2,29,0,8.1,50.0,,28,0
1413.7,16:44:12,3741735844,1080322491,2103858,6736,2901666,0,172,0,17,1,-40.0,65.0,72.2,51,0,4.1,52.0,,29,0
1414.7,16:44:13,3745044612,1080333105,3308768,10614,2903826,0,172,0,17,1,-40.0,72.2,72.2,42,0,4.3,52.0,,28,0
1415.7,16:44:14,3749065888,1080345927,4021276,12822,2906452,0,172,0,17,1,-42.0,65.0,72.2,73,0,4.9,51.0,,28,0
1416.7,16:44:15,3754365574,1080361665,5299686,15738,2909915,0,172,0,17,1,-40.0,72.2,72.2,64,0,4.9,51.0,,29,0
1417.7,16:44:16,3759222810,1080373731,4857236,12066,2913089,0,172,0,17,1,-40.0,72.2,72.2,54,0,4.4,51.0,,28,0
1418.7,16:44:17,3764168656,1080386409,4945846,12678,2916324,0,172,0,17,1,-42.0,65.0,72.2,47,0,4.3,51.0,,27,0
1419.7,16:44:18,3768940938,1080398655,4772282,12246,2919443,0,172,0,17,1,-39.0,72.2,72.2,57,0,4.4,51.0,,28,0
1420.8,16:44:19,3773944418,1080410475,5003480,11820,2922715,0,172,0,17,1,-40.0,72.2,72.2,62,0,4.3,51.0,,27,0
1421.8,16:44:20,3778856590,1080421635,4912172,11160,2925929,0,172,0,17,1,-41.0,72.2,72.2,41,0,4.1,51.0,,28,0
1422.8,16:44:21,3783666494,1080432771,4809904,11136,2929075,0,172,0,17,1,-40.0,52.0,72.2,62,0,4.2,50.0,,29,0
1423.8,16:44:22,3788601088,1080445137,4934594,12366,2932300,0,172,0,17,1,-39.0,72.2,72.2,63,0,4.4,51.0,,28,0
1424.8,16:44:23,3793435130,1080456826,4834042,11689,2935461,0,172,0,17,1,-40.0,72.2,72.2,58,0,5.0,52.0,,28,0
1425.8,16:44:24,3797666198,1080470428,4231068,13602,2938223,0,172,0,17,1,-40.0,72.2,72.2,66,0,4.2,51.0,,28,0
1426.8,16:44:25,3802630012,1080482260,4963814,11832,2941468,0,172,0,17,1,-41.0,72.2,72.2,52,0,4.3,51.0,,29,0
1427.8,16:44:26,3807682122,1080493964,5052110,11704,2944772,0,172,0,17,1,-40.0,72.2,72.2,54,0,3.8,50.0,,28,0
1428.9,16:44:27,3812818912,1080506270,5136790,12306,2948129,0,172,0,17,1,-41.0,72.2,72.2,60,0,4.3,52.0,,27,0
1429.9,16:44:28,3817901720,1080518270,5082808,12000,2951451,0,172,0,17,1,-41.0,65.0,72.2,55,0,3.9,52.0,,27,0
1430.9,16:44:30,3822709934,1080529634,4808214,11364,2954596,0,172,0,17,1,-41.0,57.8,72.2,63,0,3.7,51.0,,28,0
1431.9,16:44:31,3827457162,1080540944,4747228,11310,2957700,0,172,0,17,1,-40.0,72.2,72.2,61,0,3.8,51.0,,29,0
1432.9,16:44:32,3832578582,1080552232,5121420,11288,2961053,0,172,0,17,1,-39.0,72.2,72.2,49,0,4.7,51.0,,28,0
1433.9,16:44:33,3837797772,1080564736,5219190,12504,2964466,0,172,0,17,1,-39.0,72.2,72.2,64,0,4.8,52.0,,28,0
1434.9,16:44:34,3842442950,1080575380,4645178,10644,2967501,0,172,0,17,1,-40.0,72.2,72.2,74,0,4.0,51.0,,28,0
1435.9,16:44:35,3847150438,1080586672,4707488,11292,2970577,0,172,0,17,1,-40.0,72.2,72.2,59,0,4.0,51.0,,28,0
1436.9,16:44:36,3852262976,1080598498,5112538,11826,2973918,0,172,0,17,1,-40.0,72.2,72.2,49,0,4.4,51.0,,28,0
1438.0,16:44:37,3857492538,1080611134,5229562,12636,2977337,0,172,0,17,1,-40.0,65.0,72.2,54,0,4.2,52.0,,28,0
1439.0,16:44:38,3861722294,1080625102,4229756,13968,2980101,0,172,0,17,1,-39.0,72.2,72.2,64,0,3.5,51.0,,28,0
1440.0,16:44:39,3866539572,1080637276,4817278,12174,2983248,0,172,0,17,1,-39.0,72.2,72.2,46,0,3.8,51.0,,28,0
1441.0,16:44:40,3871435010,1080649636,4895438,12360,2986445,0,172,0,17,1,-39.0,58.5,72.2,64,0,4.3,51.0,,28,0
1442.0,16:44:41,3876232058,1080662158,4797048,12522,2989583,0,172,0,17,1,-39.0,65.0,72.2,62,0,4.0,51.0,,28,0
1443.0,16:44:42,3881165924,1080674596,4933866,12438,2992810,0,172,0,17,1,-40.0,72.2,72.2,54,0,4.6,50.0,,28,0
1444.0,16:44:43,3886176646,1080687614,5010722,13018,2996097,0,172,0,17,1,-39.0,65.0,72.2,54,0,4.5,50.0,,28,0
1445.0,16:44:44,3890776466,1080698900,4599820,11286,2999107,0,172,0,17,1,-39.0,72.2,72.2,57,0,4.3,51.0,,28,0
1446.0,16:44:45,3895807924,1080710720,5031458,11820,3002398,0,172,0,17,1,-39.0,65.0,72.2,51,0,4.0,51.0,,28,0
1447.0,16:44:46,3900799716,1080722246,4991792,11526,3005662,0,172,0,17,1,-39.0,72.2,72.2,52,0,3.8,51.0,,28,0
1448.1,16:44:47,3905709844,1080734780,4910128,12534,3008876,0,172,0,17,1,-39.0,65.0,72.2,61,0,4.2,50.0,,28,0
1449.1,16:44:48,3910549988,1080746738,4840144,11958,3012040,0,172,0,17,1,-39.0,65.0,72.2,55,0,4.8,50.0,,28,0
1450.1,16:44:49,3915358576,1080757346,4808588,10608,3015184,0,172,0,17,1,-40.0,57.8,72.2,57,0,4.5,52.0,,28,0
1451.1,16:44:50,3920433722,1080768794,5075146,11448,3018509,0,172,0,17,1,-40.0,72.2,72.2,55,0,4.2,51.0,,28,0
1452.1,16:44:51,3925308638,1080780212,4874916,11418,3021729,0,172,0,17,1,-40.0,65.0,72.2,47,0,3.7,51.0,,28,0
1453.1,16:44:52,3930135852,1080791012,4827214,10800,3024852,0,172,0,17,1,-40.0,58.5,72.2,62,0,4.3,50.0,,28,0
1454.1,16:44:53,3934850201,1080801610,4714349,10598,3027936,0,172,0,17,1,-40.0,72.2,72.2,51,0,4.3,51.0,,28,0
1455.1,16:44:54,3939945063,1080814720,5094862,13110,3031267,0,172,0,17,1,-39.0,72.2,72.2,53,0,4.2,50.0,,28,0
1456.2,16:44:55,3944772387,1080826324,4827324,11604,3034425,0,172,0,17,1,-39.0,72.2,72.2,48,0,4.0,50.0,,28,0
1457.2,16:44:56,3949161243,1080840316,4388856,13992,3037295,0,172,0,17,1,-40.0,65.0,72.2,65,0,3.8,51.0,,28,0
1458.2,16:44:57,3953776399,1080849562,4615156,9246,3040311,0,172,0,17,1,-39.0,72.2,72.2,57,0,4.4,50.0,,28,0
1459.2,16:44:58,3958551528,1080860026,4775129,10464,3043433,0,172,0,17,1,-39.0,65.0,72.2,66,0,4.4,51.0,,28,0
1460.2,16:44:59,3963631926,1080872896,5080398,12870,3046754,0,172,0,17,1,-40.0,65.0,72.2,59,0,4.2,50.0,,28,0
1461.2,16:45:00,3968510860,1080885502,4878934,12606,3049945,0,172,0,17,1,-39.0,72.2,72.2,51,0,4.2,51.0,,28,0
1462.2,16:45:01,3973737062,1080898480,5226202,12978,3053362,0,172,0,17,1,-40.0,72.2,72.2,54,0,3.7,50.0,,28,0
1463.2,16:45:02,3978515698,1080910690,4778636,12210,3056484,0,172,0,17,1,-41.0,72.2,72.2,61,0,3.8,51.0,,28,0
1464.2,16:45:03,3983748694,1080922912,5232996,12222,3059906,0,172,0,17,1,-40.0,72.2,72.2,46,0,4.5,50.0,,28,0
1465.3,16:45:04,3988862408,1080935368,5113714,12456,3063255,0,172,0,17,1,-41.0,72.2,72.2,56,0,4.3,51.0,,28,0
1466.3,16:45:05,3993907746,1080947218,5045338,11850,3066556,0,172,0,17,1,-41.0,65.0,72.2,52,0,4.2,51.0,,28,0
1467.3,16:45:06,3998189074,1080961396,4281328,14178,3069354,0,172,0,17,1,-40.0,65.0,72.2,64,0,4.0,50.0,,28,0
1468.3,16:45:07,4003040614,1080972694,4851540,11298,3072526,0,172,0,17,1,-40.0,57.8,72.2,58,0,4.0,51.0,,28,0
1469.3,16:45:08,4007823708,1080984658,4783094,11964,3075653,0,172,0,17,1,-40.0,58.5,72.2,73,0,4.5,51.0,,28,0
1470.3,16:45:09,4012537772,1080995782,4714064,11124,3078735,0,172,0,17,1,-40.0,72.2,72.2,61,0,4.4,51.0,,28,0
1471.3,16:45:10,4017292012,1081007470,4754240,11688,3081843,0,172,0,17,1,-40.0,72.2,72.2,58,0,4.2,50.0,,27,0
1472.3,16:45:11,4021974812,1081019134,4682800,11664,3084905,0,172,0,17,1,-40.0,65.0,72.2,70,0,3.5,51.0,,27,0
1473.3,16:45:12,4026889612,1081030960,4914800,11826,3088119,0,172,0,17,1,-41.0,72.2,72.2,54,0,4.8,51.0,,27,0
1474.4,16:45:13,4031158462,1081042964,4268850,12004,3090922,0,172,0,17,1,-40.0,65.0,72.2,58,0,4.8,50.0,,28,0
1475.4,16:45:14,4036213736,1081055276,5055274,12312,3094231,0,172,0,17,1,-40.0,65.0,72.2,63,0,4.3,50.0,,28,0
1476.4,16:45:15,4041028271,1081068129,4814535,12853,3097378,0,172,0,17,1,-42.0,72.2,72.2,70,0,4.2,50.0,,27,0
1477.4,16:45:16,4045330347,1081081311,4302076,13182,3100192,0,172,0,17,1,-40.0,65.0,72.2,54,0,3.4,51.0,,28,0
1478.4,16:45:17,4049826583,1081091673,4496236,10362,3103132,0,172,0,17,1,-40.0,72.2,72.2,57,0,3.8,50.0,,27,0
1479.4,16:45:18,4054209669,1081102425,4383086,10752,3105999,0,172,0,17,1,-39.0,65.0,72.2,63,0,4.0,50.0,,27,0
1480.4,16:45:19,4059325715,1081116123,5116046,13698,3109344,0,172,0,17,1,-40.0,72.2,72.2,61,0,4.0,50.0,,26,0
1481.4,16:45:20,4064502389,1081131135,5176674,15012,3112727,0,172,0,17,1,-41.0,72.2,72.2,61,0,4.0,50.0,,27,0
1482.4,16:45:21,4069420693,1081143705,4918304,12570,3115941,0,172,0,17,1,-39.0,72.2,72.2,61,0,4.2,50.0,,28,0
1483.5,16:45:22,4074228109,1081156857,4807416,13152,3119081,0,172,0,17,1,-39.0,65.0,72.2,66,0,3.9,50.0,,27,0
1484.5,16:45:23,4079203245,1081168959,4975136,12102,3122333,0,172,0,17,1,-40.0,72.2,72.2,64,0,5.0,51.0,,27,0
1485.5,16:45:24,4083706275,1081180131,4503030,11172,3125278,0,172,0,17,1,-41.0,72.2,72.2,65,0,4.0,50.0,,27,0
1486.5,16:45:25,4088815819,1081191993,5109544,11862,3128618,0,172,0,17,1,-41.0,65.0,72.2,56,0,3.8,51.0,,27,0
1487.5,16:45:26,4093609869,1081203867,4794050,11874,3131751,0,172,0,17,1,-42.0,72.2,72.2,60,0,4.0,51.0,,27,0
1488.5,16:45:27,4098568349,1081215939,4958480,12072,3134991,0,172,0,17,1,-41.0,65.0,72.2,61,0,3.5,51.0,,27,0
1489.5,16:45:28,4103409661,1081227843,4841312,11904,3138155,0,172,0,17,1,-41.0,72.2,72.2,54,0,4.2,50.0,,27,0
1490.5,16:45:29,4108290273,1081239837,4880612,11994,3141345,0,172,0,17,1,-41.0,72.2,72.2,63,0,3.9,51.0,,27,0
1491.5,16:45:30,4113190609,1081251525,4900336,11688,3144561,0,172,0,17,1,-43.0,65.0,72.2,68,0,4.3,50.0,,27,0
1492.5,16:45:31,4118082835,1081263549,4892226,12024,3147746,0,172,0,17,1,-40.0,72.2,72.2,58,0,3.9,51.0,,27,0
1493.6,16:45:32,4122625601,1081274349,4542766,10800,3150715,0,172,0,17,1,-41.0,72.2,72.2,63,0,3.9,50.0,,27,0
1494.6,16:45:33,4126815983,1081287483,4190382,13134,3153452,0,172,0,17,1,-41.0,65.0,72.2,65,0,4.2,51.0,,27,0
1495.6,16:45:34,4131782499,1081299897,4966516,12414,3156698,0,172,0,17,1,-40.0,72.2,72.2,57,0,4.2,51.0,,27,0
1496.6,16:45:35,4136465007,1081311957,4682508,12060,3159760,0,172,0,17,1,-42.0,72.2,72.2,65,0,3.9,51.0,,27,0
1497.6,16:45:36,4141244918,1081323142,4779911,11185,3162885,0,172,0,17,1,-40.0,72.2,72.2,71,0,3.8,51.0,,27,0
1498.6,16:45:37,4146219984,1081335077,4975066,11935,3166140,0,172,0,17,1,-42.0,65.0,72.2,57,0,3.7,52.0,,27,0
1499.6,16:45:38,4151200980,1081346963,4980996,11886,3169401,0,172,0,17,1,-40.0,72.2,72.2,59,0,3.8,50.0,,28,0
1500.6,16:45:39,4156165962,1081359173,4964982,12210,3172646,0,172,0,17,1,-42.0,72.2,72.2,50,0,4.3,51.0,,28,0
1501.6,16:45:40,4161529566,1081371731,5363604,12558,3176152,0,172,0,17,1,-42.0,72.2,72.2,60,0,4.0,50.0,,28,0
1502.7,16:45:41,4166273472,1081387377,4743906,15646,3179257,0,172,0,17,1,-40.0,65.0,72.2,62,0,4.0,51.0,,27,0
1503.7,16:45:42,4170903676,1081400081,4630204,12704,3182283,0,172,0,17,1,-39.0,58.5,72.2,55,0,4.0,51.0,,27,0
1504.7,16:45:43,4175200860,1081414791,4297184,14710,3185096,0,172,0,17,1,-40.0,72.2,72.2,64,0,4.2,50.0,,28,0
1505.7,16:45:44,4180162488,1081427213,4961628,12422,3188345,0,172,0,17,1,-41.0,65.0,72.2,55,0,4.7,51.0,,27,0
1506.7,16:45:45,4185041348,1081440193,4878860,12980,3191535,0,172,0,17,1,-40.0,65.0,72.2,60,0,3.9,51.0,,28,0
1507.7,16:45:46,4189868052,1081451407,4826704,11214,3194691,0,172,0,17,1,-41.0,72.2,72.2,56,0,4.0,50.0,,28,0
1508.7,16:45:47,4194745230,1081463227,4877178,11820,3197878,0,172,0,17,1,-42.0,58.5,72.2,62,0,4.0,50.0,,28,0
1509.7,16:45:48,4199633516,1081475461,4888286,12234,3201077,0,172,0,17,1,-40.0,72.2,72.2,53,0,4.2,50.0,,28,0
1510.7,16:45:49,4204761982,1081487137,5128466,11676,3204432,0,172,0,17,1,-40.0,72.2,72.2,46,0,4.0,51.0,,28,0
1511.8,16:45:50,4209537114,1081498867,4775132,11730,3207554,0,172,0,17,1,-40.0,72.2,72.2,64,0,4.0,50.0,,28,0
1512.8,16:45:51,4214368930,1081510111,4831816,11244,3210712,0,172,0,17,1,-39.0,65.0,72.2,64,0,4.2,51.0,,28,0
1513.8,16:45:52,4219828635,1081522560,5459705,12449,3214283,0,172,0,17,1,-40.0,65.0,72.2,49,0,4.0,50.0,,28,0
1514.8,16:45:53,4224303687,1081535058,4475052,12498,3217209,0,172,0,17,1,-40.0,65.0,72.2,58,0,4.3,50.0,,28,0
1515.8,16:45:54,4229045289,1081546218,4741602,11160,3220308,0,172,0,17,1,-40.0,72.2,72.2,53,0,4.1,50.0,,28,0
1516.8,16:45:55,4233849349,1081558170,4804060,11952,3223450,0,172,0,17,1,-41.0,72.2,72.2,60,0,4.5,51.0,,28,0
1517.8,16:45:56,4238730623,1081570260,4881274,12090,3226645,0,172,0,17,1,-41.0,72.2,72.2,67,0,4.0,50.0,,28,0
1518.8,16:45:57,4243600020,1081581109,4869397,10849,3229831,0,172,0,17,1,-40.0,65.0,72.2,67,0,3.9,50.0,,28,0
1519.8,16:45:58,4248485526,1081593469,4885506,12360,3233024,0,172,0,17,1,-41.0,72.2,72.2,78,0,4.2,50.0,,28,0
1520.9,16:45:59,4253791015,1081606256,5305489,12787,3236492,0,172,0,17,1,-40.0,72.2,72.2,56,0,4.3,50.0,,28,0
1521.9,16:46:00,4258988309,1081619414,5197294,13158,3239891,0,172,0,17,1,-39.0,72.2,72.2,58,0,4.0,50.0,,28,0
1522.9,16:46:02,4263549923,1081630394,4561614,10980,3242874,0,172,0,17,1,-40.0,72.2,72.2,60,0,3.4,51.0,,28,0
1523.9,16:46:03,4268657201,1081645848,5107278,15454,3246211,0,172,0,17,1,-41.0,72.2,72.2,53,0,3.9,50.0,,28,0
1524.9,16:46:04,4273613349,1081660792,4956148,14944,3249455,0,172,0,17,1,-40.0,72.2,72.2,55,0,4.8,50.0,,28,0
1525.9,16:46:05,4278633857,1081672462,5020508,11670,3252737,0,172,0,17,1,-42.0,72.2,72.2,60,0,4.2,51.0,,28,0
1526.9,16:46:06,4283886577,1081686804,5252720,14342,3256173,0,172,0,17,1,-41.0,72.2,72.2,55,0,4.2,50.0,,28,0
1527.9,16:46:07,4289055873,1081699946,5169296,13142,3259551,0,172,0,17,1,-40.0,65.0,72.2,69,0,3.8,50.0,,28,0
1528.9,16:46:08,4293525743,1081713980,4469870,14034,3262478,0,172,0,17,1,-40.0,65.0,72.2,62,0,3.9,51.0,,28,0
1530.0,16:46:09,4298666481,1081726058,5140738,12078,3265885,0,172,0,17,1,-41.0,65.0,72.2,51,0,4.4,50.0,,28,0
1531.0,16:46:10,4303562725,1081737530,4896244,11472,3269041,0,172,0,17,1,-42.0,65.0,72.2,68,0,4.0,51.0,,27,0
1532.0,16:46:11,4308677747,1081749326,5115022,11796,3272384,0,172,0,17,1,-39.0,72.2,72.2,63,0,4.2,51.0,,28,0
1533.0,16:46:12,4313687215,1081761650,5009468,12324,3275658,0,172,0,17,1,-42.0,65.0,72.2,68,0,4.0,50.0,,28,0
1534.0,16:46:13,4318321963,1081773056,4634748,11406,3278688,0,172,0,17,1,-39.0,58.5,72.2,53,0,4.6,51.0,,28,0
1535.0,16:46:14,4322884076,1081784857,4562113,11801,3281678,0,172,0,17,1,-40.0,72.2,72.2,67,0,3.9,50.0,,27,0
1536.0,16:46:15,4327750296,1081796103,4866220,11246,3284857,0,172,0,17,1,-41.0,65.0,72.2,70,0,4.6,50.0,,28,0
1537.0,16:46:16,4332343092,1081806561,4592796,10458,3287851,0,172,0,17,1,-40.0,72.2,72.2,62,0,3.9,51.0,,27,0
1538.1,16:46:17,4337212008,1081817677,4868916,11116,3291025,0,172,0,17,1,-40.0,58.5,72.2,44,0,3.4,50.0,,28,0
1539.1,16:46:18,4341263537,1081830079,4051529,12402,3293667,0,172,0,17,1,-40.0,65.0,72.2,85,0,3.5,50.0,,27,0
1540.1,16:46:19,4345744602,1081840449,4481065,10370,3296589,0,172,0,17,1,-40.0,65.0,72.2,60,0,3.8,50.0,,26,0
1541.1,16:46:20,4350535284,1081851585,4790682,11136,3299712,0,172,0,17,1,-39.0,65.0,72.2,70,0,4.1,50.0,,28,0
1542.1,16:46:21,4355488570,1081862757,4953286,11172,3302941,0,172,0,17,1,-41.0,72.2,72.2,56,0,4.3,50.0,,27,0
1543.1,16:46:22,4360406574,1081873929,4918004,11172,3306147,0,172,0,17,1,-40.0,65.0,72.2,61,0,3.9,50.0,,26,0
1544.1,16:46:23,4365154304,1081884909,4747730,10980,3309242,0,172,0,17,1,-40.0,65.0,72.2,51,0,4.0,50.0,,27,0
1545.1,16:46:24,4369530806,1081895001,4376502,10092,3312095,0,172,0,17,1,-40.0,72.2,72.2,62,0,3.7,51.0,,27,0
1546.2,16:46:25,4374303080,1081905177,4772274,10176,3315206,0,172,0,17,1,-40.0,65.0,72.2,62,0,4.3,50.0,,26,0
1547.2,16:46:26,4379148986,1081915149,4845906,9972,3318365,0,172,0,17,1,-40.0,58.5,72.2,58,0,4.4,51.0,,27,0
1548.2,16:46:27,4383565446,1081924989,4416460,9840,3321245,0,172,0,17,1,-40.0,65.0,72.2,63,0,3.5,50.0,,28,0
1549.2,16:46:28,4387389708,1081937313,3824262,12324,3323738,0,172,0,17,1,-40.0,72.2,72.2,80,0,4.0,50.0,,27,0
1550.2,16:46:29,4392060738,1081947621,4671030,10308,3326783,0,172,0,17,1,-40.0,58.5,72.2,69,0,3.9,51.0,,28,0
1551.2,16:46:30,4396664272,1081957755,4603534,10134,3329784,0,172,0,17,1,-40.0,58.5,72.2,67,0,4.3,50.0,,28,0
1552.2,16:46:31,4401286214,1081967691,4621942,9936,3332797,0,172,0,17,1,-41.0,72.2,72.2,65,0,4.4,50.0,,28,0
1553.2,16:46:32,4405770096,1081978665,4483882,10974,3335720,0,172,0,17,1,-41.0,72.2,72.2,61,0,3.7,50.0,,28,0
1554.2,16:46:33,4410603730,1081989843,4833634,11178,3338871,0,172,0,17,1,-39.0,72.2,72.2,57,0,4.1,50.0,,28,0
1555.3,16:46:34,4415078408,1082000127,4474678,10284,3341788,0,172,0,17,1,-39.0,65.0,72.2,63,0,3.9,51.0,,27,0
1556.3,16:46:35,4419832896,1082010561,4754488,10434,3344888,0,172,0,17,1,-40.0,72.2,72.2,66,0,4.0,50.0,,27,0
1557.3,16:46:36,4424483984,1082021493,4651088,10932,3347920,0,172,0,17,1,-40.0,65.0,72.2,70,0,3.7,50.0,,27,0
1558.3,16:46:37,4429614302,1082032911,5130318,11418,3351265,0,172,0,17,1,-40.0,72.2,72.2,57,0,4.3,50.0,,27,0
1559.3,16:46:38,4433925312,1082045647,4311010,12736,3354077,0,172,0,17,1,-40.0,65.0,72.2,65,0,4.5,50.0,,27,0
1560.3,16:46:39,4438288008,1082056135,4362696,10488,3356921,0,172,0,17,1,-39.0,65.0,72.2,70,0,3.8,51.0,,27,0
1561.3,16:46:40,4442672431,1082066103,4384423,9968,3359780,0,172,0,17,1,-39.0,57.8,72.2,69,0,4.5,53.0,,28,0
1562.3,16:46:41,4446959961,1082075955,4287530,9852,3362575,0,172,0,17,1,-39.0,65.0,72.2,84,0,3.8,50.0,,27,0
1563.3,16:46:42,4451831945,1082087103,4871984,11148,3365751,0,172,0,17,1,-39.0,65.0,72.2,69,0,4.2,50.0,,28,0
1564.4,16:46:43,4456812843,1082098197,4980898,11094,3368998,0,172,0,17,1,-40.0,72.2,72.2,63,0,4.6,51.0,,28,0
1565.4,16:46:44,4461520227,1082109119,4707384,10922,3372074,0,172,0,17,1,-40.0,65.0,72.2,73,0,4.5,51.0,,28,0
1566.4,16:46:45,4465989663,1082119619,4469436,10500,3374994,0,172,0,17,1,-38.0,58.5,72.2,59,0,4.3,51.0,,28,0
1567.4,16:46:46,4470413719,1082129351,4424056,9732,3377878,0,172,0,17,1,-41.0,72.2,72.2,69,0,4.3,51.0,,28,0
1568.4,16:46:47,4475858507,1082141719,5444788,12368,3381428,0,172,0,17,1,-42.0,72.2,72.2,54,0,4.3,50.0,,28,0
1569.4,16:46:48,4480609305,1082156161,4750798,14442,3384525,0,172,0,17,1,-40.0,72.2,72.2,60,0,3.8,50.0,,28,0
1570.4,16:46:49,4485886265,1082167717,5276960,11556,3387965,0,172,0,17,1,-41.0,57.8,72.2,56,0,3.9,51.0,,28,0
1571.4,16:46:50,4490842619,1082178367,4956354,10650,3391196,0,172,0,17,1,-42.0,65.0,72.2,51,0,4.5,50.0,,27,0
1572.4,16:46:51,4495289685,1082188779,4447066,10412,3394095,0,172,0,17,1,-40.0,72.2,72.2,58,0,3.7,50.0,,28,0
1573.5,16:46:52,4500231321,1082198889,4941636,10110,3397317,0,172,0,17,1,-40.0,72.2,72.2,49,0,3.9,50.0,,27,0
1574.5,16:46:53,4505144723,1082209215,4913402,10326,3400520,0,172,0,17,1,-40.0,65.0,72.2,43,0,4.7,50.0,,27,0
1575.5,16:46:54,4509930803,1082219097,4786080,9882,3403640,0,172,0,17,1,-39.0,65.0,72.2,56,0,4.1,50.0,,26,0
1576.5,16:46:55,4514746029,1082230341,4815226,11244,3406779,0,172,0,17,1,-39.0,65.0,72.2,65,0,4.6,50.0,,27,0
1577.5,16:46:56,4519697781,1082240775,4951752,10434,3410007,0,172,0,17,1,-40.0,72.2,72.2,58,0,4.0,50.0,,27,0
1578.5,16:46:57,4524634193,1082251845,4936412,11070,3413225,0,172,0,17,1,-41.0,72.2,72.2,50,0,3.8,50.0,,27,0
1579.5,16:46:58,4529115007,1082264655,4480814,12810,3416146,0,172,0,17,1,-40.0,72.2,72.2,52,0,4.0,50.0,,27,0
1580.5,16:46:59,4534123517,1082275499,5008510,10844,3419411,0,172,0,17,1,-41.0,72.2,72.2,62,0,4.0,50.0,,26,0
1581.5,16:47:00,4538686255,1082285351,4562738,9852,3422386,0,172,0,17,1,-39.0,72.2,72.2,65,0,4.0,50.0,,27,0
1582.6,16:47:01,4543868107,1082296973,5181852,11622,3425764,0,172,0,17,1,-40.0,72.2,72.2,50,0,4.9,50.0,,27,0
1583.6,16:47:02,4549077571,1082308889,5209464,11916,3429160,0,172,0,17,1,-40.0,72.2,72.2,58,0,3.9,50.0,,28,0
1584.6,16:47:03,4554190393,1082320565,5112822,11676,3432493,0,172,0,17,1,-39.0,65.0,72.2,55,0,5.7,50.0,,27,0
1585.6,16:47:04,4559002551,1082330945,4812158,10380,3435630,0,172,0,17,1,-40.0,65.0,72.2,49,0,5.0,51.0,,28,0
1586.6,16:47:05,4563789233,1082341443,4786682,10498,3438752,0,172,0,17,1,-39.0,72.2,72.2,57,0,6.3,55.0,,28,0
1587.6,16:47:06,4568863705,1082352117,5074472,10674,3442060,0,172,0,17,1,-40.0,72.2,72.2,48,0,4.0,50.0,,28,0
1588.6,16:47:07,4573755631,1082363241,4891926,11124,3445249,0,172,0,17,1,-40.0,65.0,72.2,72,0,4.0,50.0,,27,0
1589.6,16:47:08,4577721021,1082375493,3965390,12252,3447834,0,172,0,17,1,-39.0,72.2,72.2,82,0,4.8,50.0,,26,0
1590.7,16:47:09,4582770949,1082387181,5049928,11688,3451126,0,172,0,17,1,-40.0,58.5,72.2,71,0,5.3,50.0,,27,0
1591.7,16:47:10,4586918885,1082397183,4147936,10002,3453830,0,172,0,17,1,-40.0,72.2,72.2,77,0,4.1,51.0,,27,0
1592.7,16:47:11,4591140453,1082406525,4221568,9342,3456582,0,172,0,17,1,-39.0,65.0,72.2,68,0,3.4,50.0,,28,0
1593.7,16:47:12,4595866707,1082417349,4726254,10824,3459663,0,172,0,17,1,-39.0,72.2,72.2,63,0,3.9,50.0,,28,0
1594.7,16:47:13,4600230937,1082426853,4364230,9504,3462508,0,172,0,17,1,-40.0,72.2,72.2,71,0,3.9,51.0,,28,0
1595.7,16:47:14,4604912022,1082437575,4681085,10722,3465566,0,172,0,17,1,-40.0,72.2,72.2,50,0,3.8,50.0,,28,0
1596.7,16:47:15,4609472751,1082448891,4560729,11316,3468591,0,172,0,17,1,-40.0,65.0,72.2,56,0,3.4,50.0,,27,0
1597.7,16:47:16,4614248314,1082459661,4775563,10770,3471662,0,172,0,17,1,-42.0,65.0,72.2,73,0,3.3,50.0,,27,0
1598.7,16:47:17,4619431410,1082471133,5183096,11472,3475042,0,172,0,17,1,-39.0,72.2,72.2,60,0,5.0,51.0,,28,0
1599.8,16:47:18,4623912224,1082481351,4480814,10218,3477963,0,172,0,17,1,-39.0,72.2,72.2,62,0,3.9,51.0,,28,0
1600.8,16:47:19,4628071520,1082492421,4159296,11070,3480675,0,172,0,17,1,-40.0,72.2,72.2,62,0,3.8,50.0,,28,0
1601.8,16:47:20,4633074986,1082503903,5003466,11482,3483939,0,172,0,17,1,-39.0,72.2,72.2,51,0,3.8,50.0,,28,0
1602.8,16:47:21,4638316664,1082516455,5241678,12552,3487356,0,172,0,17,1,-41.0,72.2,72.2,66,0,3.8,51.0,,28,0
1603.8,16:47:22,4643087906,1082528391,4771242,11936,3490468,0,172,0,17,1,-39.0,58.5,72.2,79,0,3.9,51.0,,28,0
1604.8,16:47:23,4647803422,1082539119,4715516,10728,3493542,0,172,0,17,1,-39.0,65.0,72.2,60,0,4.0,50.0,,27,0
1605.8,16:47:24,4652586434,1082550201,4783012,11082,3496660,0,172,0,17,1,-39.0,72.2,72.2,66,0,4.0,51.0,,28,0
1606.8,16:47:25,4657308038,1082560765,4721604,10564,3499740,0,172,0,17,1,-39.0,65.0,72.2,75,0,4.2,51.0,,28,0
1607.8,16:47:26,4662066506,1082571007,4758468,10242,3502842,0,172,0,17,1,-39.0,65.0,72.2,65,0,4.1,51.0,,28,0
1608.8,16:47:27,4667055074,1082581789,4988568,10782,3506094,0,172,0,17,1,-40.0,65.0,72.2,57,0,4.3,51.0,,28,0
1609.9,16:47:28,4671634924,1082592325,4579850,10536,3509081,0,172,0,17,1,-39.0,72.2,72.2,66,0,4.5,51.0,,28,0
1610.9,16:47:29,4675867230,1082605549,4232306,13224,3511840,0,172,0,17,1,-42.0,72.2,72.2,76,0,3.8,50.0,,28,0
1611.9,16:47:31,4681142656,1082617723,5275426,12174,3515279,0,172,0,17,1,-39.0,65.0,72.2,54,0,4.1,51.0,,28,0
1612.9,16:47:32,4685585120,1082628157,4442464,10434,3518175,0,172,0,17,1,-39.0,72.2,72.2,76,0,4.0,51.0,,28,0
1613.9,16:47:33,4690009176,1082638873,4424056,10716,3521059,0,172,0,17,1,-39.0,72.2,72.2,68,0,3.8,50.0,,28,0
1614.9,16:47:34,4694652594,1082649589,4643418,10716,3524086,0,172,0,17,1,-39.0,65.0,72.2,62,0,4.7,50.0,,27,0
1615.9,16:47:35,4699368110,1082659969,4715516,10380,3527160,0,172,0,17,1,-39.0,58.5,72.2,66,0,4.0,51.0,,28,0
1616.9,16:47:36,4704444116,1082671831,5076006,11862,3530469,0,172,0,17,1,-39.0,65.0,72.2,60,0,5.8,51.0,,28,0
1617.9,16:47:37,4709326346,1082683397,4882230,11566,3533655,0,172,0,17,1,-40.0,72.2,72.2,76,0,4.1,52.0,,28,0
1619.0,16:47:38,4714172252,1082694473,4845906,11076,3536814,0,172,0,17,1,-41.0,72.2,72.2,68,0,5.8,51.0,,27,0
1620.0,16:47:39,4718737436,1082705273,4565184,10800,3539790,0,172,0,17,1,-41.0,72.2,72.2,61,0,3.5,53.0,,28,0
1621.0,16:47:40,4723040306,1082717783,4302870,12510,3542595,0,172,0,17,1,-40.0,65.0,72.2,59,0,3.2,52.0,,29,0
1622.0,16:47:41,4728185964,1082729447,5145658,11664,3545950,0,172,0,17,1,-39.0,72.2,72.2,61,0,3.5,50.0,,28,0
1623.0,16:47:42,4733349202,1082743973,5163238,14526,3549319,0,172,0,17,1,-43.0,72.2,72.2,40,0,3.9,51.0,,28,0
1624.0,16:47:43,4738193574,1082755723,4844372,11750,3552477,0,172,0,17,1,-41.0,72.2,72.2,55,0,4.1,50.0,,28,0
1625.0,16:47:44,4743016721,1082768182,4823147,12459,3555622,0,172,0,17,1,-40.0,65.0,72.2,64,0,4.0,50.0,,27,0
1626.0,16:47:45,4748088125,1082779732,5071404,11550,3558928,0,172,0,17,1,-39.0,65.0,72.2,55,0,4.4,51.0,,27,0
1627.0,16:47:46,4752869249,1082792830,4781124,13098,3562056,0,172,0,17,1,-39.0,65.0,72.2,60,0,3.9,50.0,,27,0
1628.1,16:47:47,4757916109,1082803318,5046860,10488,3565346,0,172,0,17,1,-39.0,72.2,72.2,42,0,3.5,51.0,,27,0
1629.1,16:47:48,4762640829,1082813548,4724720,10230,3568426,0,172,0,17,1,-40.0,65.0,72.2,60,0,3.9,50.0,,27,0
1630.1,16:47:49,4767849381,1082825446,5208552,11898,3571822,0,172,0,17,1,-39.0,72.2,72.2,45,0,4.0,50.0,,27,0
1631.1,16:47:50,4772423769,1082838604,4574388,13158,3574804,0,172,0,17,1,-42.0,65.0,72.2,62,0,4.0,51.0,,27,0
1632.1,16:47:51,4777050313,1082848912,4626544,10308,3577820,0,172,0,17,1,-39.0,72.2,72.2,50,0,3.6,50.0,,27,0
1633.1,16:47:52,4782254263,1082861176,5203950,12264,3581213,0,172,0,17,1,-39.0,65.0,72.2,71,0,3.8,50.0,,27,0
1634.1,16:47:53,4787017333,1082872150,4763070,10974,3584318,0,172,0,17,1,-40.0,72.2,72.2,56,0,4.3,50.0,,27,0
1635.1,16:47:54,4791993629,1082884408,4976296,12258,3587562,0,172,0,17,1,-40.0,72.2,72.2,67,0,3.9,50.0,,28,0
1636.1,16:47:55,4797223035,1082895772,5229406,11364,3590971,0,172,0,17,1,-39.0,65.0,72.2,45,0,3.9,50.0,,28,0
1637.1,16:47:56,4802618113,1082907178,5395078,11406,3594488,0,172,0,17,1,-40.0,72.2,72.2,46,0,3.8,50.0,,28,0
1638.2,16:47:57,4807450213,1082917972,4832100,10794,3597638,0,172,0,17,1,-39.0,65.0,72.2,57,0,3.8,50.0,,28,0
1639.2,16:47:58,4812506502,1082929834,5056289,11862,3600935,0,172,0,17,1,-38.0,72.2,72.2,56,0,3.7,51.0,,28,0
1640.2,16:47:59,4817528818,1082941060,5022316,11226,3604209,0,172,0,17,1,-37.0,72.2,72.2,57,0,3.9,51.0,,28,0
1641.2,16:48:00,4822163032,1082954560,4634214,13500,3607230,0,172,0,17,1,-50.0,72.2,72.2,56,0,3.9,50.0,,28,0
1642.2,16:48:01,4826757362,1082965936,4594330,11376,3610225,0,172,0,17,1,-41.0,57.8,72.2,56,0,4.3,50.0,,28,0
1643.2,16:48:02,4831669890,1082981158,4912528,15222,3613429,0,172,0,17,1,-40.0,65.0,72.2,58,0,3.6,50.0,,28,0
1644.2,16:48:03,4836856966,1082994468,5187076,13310,3616811,0,172,0,17,1,-42.0,65.0,72.2,49,0,3.8,51.0,,27,0
1645.2,16:48:04,4841606230,1083006338,4749264,11870,3619907,0,172,0,17,1,-43.0,72.2,72.2,48,0,3.7,50.0,,27,0
1646.2,16:48:05,4846307940,1083016935,4701710,10597,3622972,0,172,0,17,1,-42.0,65.0,72.2,72,0,4.2,50.0,,28,0
1647.3,16:48:06,4851182331,1083028913,4874391,11978,3626151,0,172,0,17,1,-41.0,72.2,72.2,57,0,5.9,50.0,,27,0
1648.3,16:48:07,4856233793,1083040373,5051462,11460,3629444,0,172,0,17,1,-44.0,72.2,72.2,60,0,4.4,50.0,,28,0
1649.3,16:48:08,4861082767,1083051011,4848974,10638,3632605,0,172,0,17,1,-39.0,65.0,72.2,54,0,15.2,51.0,,27,0
1650.3,16:48:09,4865963055,1083061575,4880288,10564,3635788,0,172,0,17,1,-41.0,72.2,72.2,55,0,8.8,51.0,,28,0
1651.3,16:48:10,4870459209,1083075039,4496154,13464,3638719,0,172,0,17,1,-41.0,65.0,72.2,65,0,4.9,51.0,,29,0
1652.3,16:48:11,4875637993,1083086199,5178784,11160,3642095,0,172,0,17,1,-40.0,65.0,72.2,53,0,8.6,51.0,,28,0
1653.3,16:48:12,4880538211,1083097035,4900218,10836,3645290,0,172,0,17,1,-41.0,72.2,72.2,49,0,4.6,51.0,,28,0
1654.3,16:48:13,4885651033,1083108381,5112822,11346,3648623,0,172,0,17,1,-40.0,72.2,72.2,51,0,4.3,50.0,,28,0
1655.3,16:48:14,4890633465,1083119247,4982432,10866,3651871,0,172,0,17,1,-40.0,72.2,72.2,49,0,4.9,51.0,,27,0
1656.4,16:48:15,4895623567,1083129885,4990102,10638,3655124,0,172,0,17,1,-41.0,72.2,72.2,46,0,3.7,50.0,,28,0
1657.4,16:48:16,4900475374,1083141948,4851807,12063,3658299,0,172,0,17,1,-41.0,72.2,72.2,45,0,4.0,50.0,,27,0
1658.4,16:48:17,4905818296,1083153444,5342922,11496,3661782,0,172,0,17,1,-41.0,72.2,72.2,43,0,3.6,50.0,,27,0
1659.4,16:48:18,4910682610,1083164250,4864314,10806,3664953,0,172,0,17,1,-40.0,72.2,72.2,54,0,3.4,51.0,,27,0
1660.4,16:48:19,4915646634,1083174708,4964024,10458,3668189,0,172,0,17,1,-40.0,72.2,72.2,50,0,4.5,50.0,,27,0
1661.4,16:48:20,4920428734,1083188676,4782100,13968,3671307,0,172,0,17,1,-40.0,72.2,72.2,55,0,3.4,50.0,,27,0
1662.4,16:48:21,4925299184,1083200136,4870450,11460,3674525,0,172,0,17,1,-40.0,58.5,72.2,58,0,3.3,50.0,,28,0
1663.4,16:48:22,4930076682,1083211500,4777498,11364,3677597,0,172,0,17,1,-41.0,65.0,72.2,55,0,3.3,50.0,,28,0
1664.4,16:48:23,4935138882,1083222594,5062200,11094,3680897,0,172,0,17,1,-41.0,72.2,72.2,50,0,3.5,51.0,,28,0
1665.5,16:48:24,4940356090,1083233874,5217208,11280,3684299,0,172,0,17,1,-40.0,72.2,72.2,44,0,3.8,50.0,,28,0
1666.5,16:48:25,4945418290,1083244332,5062200,10458,3687599,0,172,0,17,1,-39.0,72.2,72.2,48,0,3.5,50.0,,28,0
1667.5,16:48:26,4950710590,1083256002,5292300,11670,3691049,0,172,0,17,1,-41.0,72.2,72.2,50,0,3.7,50.0,,27,0
1668.5,16:48:27,4956015414,1083267536,5304824,11534,3694508,0,172,0,17,1,-40.0,65.0,72.2,47,0,3.3,50.0,,26,0
1669.5,16:48:28,4960836776,1083278132,4821362,10596,3697651,0,172,0,17,1,-41.0,65.0,72.2,50,0,3.7,50.0,,27,0
1670.5,16:48:29,4965806936,1083288932,4970160,10800,3700891,0,172,0,17,1,-41.0,72.2,72.2,58,0,2.9,50.0,,27,0
1671.5,16:48:30,4969999358,1083301724,4192422,12792,3703624,0,172,0,17,1,-41.0,72.2,72.2,71,0,3.8,49.0,,26,0
1672.5,16:48:31,4975056956,1083312764,5057598,11040,3706954,0,172,0,17,1,-41.0,72.2,72.2,45,0,4.1,50.0,,27,0
1673.5,16:48:32,4980154438,1083323684,5097482,10920,3710244,0,172,0,17,1,-40.0,72.2,72.2,40,0,3.8,50.0,,28,0
1674.6,16:48:33,4985135577,1083335330,4981139,11646,3713492,0,172,0,17,1,-40.0,65.0,72.2,54,0,5.3,51.0,,28,0
1675.6,16:48:34,4989940065,1083346498,4804488,11168,3716624,0,172,0,17,1,-42.0,72.2,72.2,58,0,3.4,50.0,,28,0
1676.6,16:48:35,4994812049,1083356920,4871984,10422,3719800,0,172,0,17,1,-41.0,65.0,72.2,64,0,3.8,50.0,,28,0
1677.6,16:48:36,4999684033,1083367254,4871984,10334,3722976,0,172,0,17,1,-41.0,72.2,72.2,60,0,3.4,51.0,,28,0
1678.6,16:48:37,5004508463,1083378252,4824430,10998,3726121,0,172,0,17,1,-41.0,72.2,72.2,55,0,5.1,52.0,,28,0
1679.6,16:48:38,5009277669,1083389454,4769206,11202,3729230,0,172,0,17,1,-40.0,57.8,72.2,62,0,5.2,51.0,,28,0
1680.6,16:48:39,5014155789,1083399564,4878120,10110,3732410,0,172,0,17,1,-39.0,72.2,72.2,50,0,8.1,50.0,,28,0
1681.6,16:48:40,5018360483,1083411866,4204694,12302,3735153,0,172,0,17,1,-39.0,72.2,72.2,65,0,4.8,50.0,,28,0
1682.6,16:48:41,5023052989,1083422678,4692506,10812,3738210,0,172,0,17,1,-41.0,72.2,72.2,61,0,4.0,51.0,,28,0
1683.6,16:48:42,5028492553,1083435566,5439564,12888,3741756,0,172,0,17,1,-39.0,72.2,72.2,50,0,4.3,50.0,,28,0
1684.7,16:48:43,5033666735,1083447446,5174182,11880,3745129,0,172,0,17,1,-41.0,72.2,72.2,53,0,3.7,50.0,,27,0
1685.7,16:48:44,5038885403,1083458270,5218668,10824,3748531,0,172,0,17,1,-41.0,65.0,72.2,36,0,3.7,51.0,,27,0
1686.7,16:48:45,5044116343,1083469334,5230940,11064,3751941,0,172,0,17,1,-40.0,72.2,72.2,45,0,3.3,50.0,,26,0
1687.7,16:48:46,5049327061,1083482352,5210718,13018,3755350,0,172,0,17,1,-41.0,72.2,72.2,59,0,3.5,51.0,,27,0
1688.7,16:48:47,5054367785,1083493986,5040724,11634,3758636,0,172,0,17,1,-41.0,65.0,72.2,55,0,2.9,50.0,,27,0
1689.7,16:48:48,5059545287,1083506043,5177502,12057,3762012,0,172,0,17,1,-39.0,65.0,72.2,51,0,6.8,51.0,,28,0
1690.7,16:48:49,5064849859,1083517449,5304572,11406,3765470,0,172,0,17,1,-41.0,72.2,72.2,53,0,3.6,50.0,,28,0
1691.7,16:48:50,5069507083,1083529221,4657224,11772,3768506,0,172,0,17,1,-40.0,72.2,72.2,69,0,3.9,50.0,,27,0
1692.7,16:48:51,5073958839,1083541053,4451756,11832,3771409,0,172,0,17,1,-41.0,72.2,72.2,71,0,3.3,50.0,,27,0
1693.8,16:48:52,5078933601,1083552147,4974762,11094,3774691,0,172,0,17,1,-40.0,72.2,72.2,49,0,3.4,50.0,,27,0
1694.8,16:48:53,5083902227,1083562893,4968626,10746,3777891,0,172,0,17,1,-41.0,72.2,72.2,49,0,4.0,50.0,,28,0
1695.8,16:48:54,5088872628,1083574539,4970401,11646,3781132,0,172,0,17,1,-40.0,65.0,72.2,46,0,3.2,50.0,,27,0
1696.8,16:48:55,5093617290,1083585425,4744662,10886,3784225,0,172,0,17,1,-40.0,72.2,72.2,58,0,3.8,50.0,,27,0
1697.8,16:48:56,5098335874,1083595523,4718584,10098,3787301,0,172,0,17,1,-40.0,65.0,72.2,57,0,3.1,50.0,,27,0
1698.8,16:48:57,5102993098,1083605587,4657224,10064,3790337,0,172,0,17,1,-41.0,72.2,72.2,66,0,3.1,50.0,,27,0
1699.8,16:48:58,5108208698,1083617005,5215600,11418,3793737,0,172,0,17,1,-41.0,72.2,72.2,56,0,3.8,51.0,,27,0
1700.8,16:48:59,5112735532,1083627127,4526834,10122,3796688,0,172,0,17,1,-41.0,72.2,72.2,65,0,3.0,50.0,,27,0
1701.9,16:49:00,5117925054,1083637981,5189522,10854,3800071,0,172,0,17,1,-40.0,72.2,72.2,66,0,3.6,50.0,,27,0
1702.9,16:49:01,5122442684,1083650961,4517630,12980,3803016,0,172,0,17,1,-40.0,72.2,72.2,65,0,3.3,51.0,,27,0
1703.9,16:49:03,5127477272,1083662205,5034588,11244,3806298,0,172,0,17,1,-38.0,65.0,72.2,51,0,3.5,50.0,,27,0
1704.9,16:49:04,5132020980,1083671817,4543708,9612,3809260,0,172,0,17,1,-40.0,65.0,72.2,66,0,4.2,50.0,,27,0
1705.9,16:49:05,5137003412,1083682695,4982432,10878,3812508,0,172,0,17,1,-40.0,72.2,72.2,45,0,3.5,50.0,,27,0
1706.9,16:49:06,5141959766,1083693519,4956354,10824,3815739,0,172,0,17,1,-39.0,72.2,72.2,53,0,4.1,50.0,,27,0
1707.9,16:49:07,5147173832,1083704517,5214066,10998,3819138,0,172,0,17,1,-41.0,72.2,72.2,40,0,3.6,49.0,,27,0
1708.9,16:49:08,5151877076,1083715815,4703244,11298,3822204,0,172,0,17,1,-40.0,72.2,72.2,59,0,5.4,50.0,,26,0
1709.9,16:49:09,5156678496,1083725817,4801420,10002,3825334,0,172,0,17,1,-41.0,65.0,72.2,51,0,7.1,50.0,,27,0
1711.0,16:49:10,5161597122,1083736811,4918626,10994,3828541,0,172,0,17,1,-39.0,65.0,72.2,58,0,3.6,50.0,,28,0
1712.0,16:49:11,5166772094,1083748079,5174972,11268,3831916,0,172,0,17,1,-41.0,72.2,72.2,54,0,6.3,50.0,,27,0
1713.0,16:49:12,5171285122,1083760493,4513028,12414,3834858,0,172,0,17,1,-40.0,72.2,72.2,69,0,4.3,50.0,,26,0
1714.0,16:49:13,5176160174,1083771137,4875052,10644,3838036,0,172,0,17,1,-40.0,72.2,72.2,60,0,5.4,51.0,,27,0
1715.0,16:49:14,5180993808,1083781769,4833634,10632,3841187,0,172,0,17,1,-40.0,72.2,72.2,53,0,6.6,50.0,,27,0
1716.0,16:49:15,5185924084,1083791867,4930276,10098,3844401,0,172,0,17,1,-42.0,58.5,72.2,50,0,6.0,54.0,,28,0
1717.0,16:49:16,5190447850,1083802097,4523766,10230,3847350,0,172,0,17,1,-41.0,58.5,72.2,57,0,5.7,51.0,,27,0
1718.0,16:49:17,5195537308,1083813969,5089458,11872,3850679,0,172,0,17,1,-40.0,65.0,72.2,49,0,5.2,50.0,,27,0
1719.1,16:49:18,5200733040,1083825549,5195732,11580,3854067,0,172,0,17,1,-40.0,72.2,72.2,48,0,5.6,50.0,,27,0
1720.1,16:49:19,5205775920,1083836685,5042880,11136,3857355,0,172,0,17,1,-39.0,65.0,72.2,50,0,7.8,51.0,,27,0
1721.1,16:49:20,5210552796,1083847251,4776876,10566,3860469,0,172,0,17,1,-40.0,65.0,72.2,66,0,5.4,50.0,,27,0
1722.1,16:49:21,5215639540,1083859143,5086744,11892,3863785,0,172,0,17,1,-39.0,65.0,72.2,54,0,4.2,49.0,,27,0
1723.1,16:49:22,5220338182,1083872589,4698642,13446,3866848,0,172,0,17,1,-40.0,72.2,72.2,52,0,3.8,50.0,,27,0
1724.1,16:49:23,5225862116,1083884751,5523934,12162,3870449,0,172,0,17,1,-41.0,72.2,72.2,51,0,6.3,50.0,,27,0
1725.1,16:49:24,5230930452,1083896211,5068336,11460,3873753,0,172,0,17,1,-41.0,65.0,72.2,54,0,5.9,51.0,,27,0
1726.1,16:49:25,5235892942,1083906957,4962490,10746,3876988,0,172,0,17,1,-41.0,72.2,72.2,52,0,5.2,51.0,,27,0
1727.1,16:49:26,5240438184,1083918279,4545242,11322,3879951,0,172,0,17,1,-40.0,65.0,72.2,64,0,5.3,51.0,,27,0
1728.1,16:49:27,5245385334,1083929157,4947150,10878,3883176,0,172,0,17,1,-41.0,65.0,72.2,57,0,4.4,51.0,,27,0
1729.2,16:49:28,5250762004,1083940803,5376670,11646,3886681,0,172,0,17,1,-39.0,72.2,72.2,37,0,4.3,50.0,,27,0
1730.2,16:49:29,5255969934,1083951183,5207930,10380,3890076,0,172,0,17,1,-40.0,72.2,72.2,45,0,4.3,50.0,,27,0
1731.2,16:49:30,5260872598,1083961833,4902664,10650,3893272,0,172,0,17,1,-41.0,65.0,72.2,58,0,6.2,50.0,,27,0
1732.2,16:49:31,5265536210,1083972935,4663612,11102,3896313,0,172,0,17,1,-40.0,65.0,72.2,51,0,4.2,51.0,,27,0
1733.2,16:49:32,5269678010,1083985121,4141800,12186,3899047,0,172,0,17,1,-41.0,72.2,72.2,68,0,4.4,50.0,,26,0
1734.2,16:49:33,5274783162,1083998927,5105152,13806,3902341,0,172,0,17,1,-41.0,58.5,72.2,55,0,6.8,51.0,,27,0
1735.2,16:49:34,5279664350,1084009979,4881188,11052,3905523,0,172,0,17,1,-40.0,72.2,72.2,53,0,6.3,51.0,,28,0
1736.2,16:49:35,5284536334,1084020557,4871984,10578,3908699,0,172,0,17,1,-40.0,65.0,72.2,52,0,5.0,51.0,,28,0
1737.2,16:49:36,5289698244,1084031111,5161910,10554,3912064,0,172,0,17,1,-40.0,65.0,72.2,53,0,5.9,51.0,,28,0
1738.3,16:49:37,5294625452,1084041611,4927208,10500,3915276,0,172,0,17,1,-40.0,65.0,72.2,55,0,4.7,52.0,,28,0
1739.3,16:49:38,5299611574,1084052747,4986122,11136,3918527,0,172,0,17,1,-41.0,65.0,72.2,50,0,15.0,51.0,,28,0
1740.3,16:49:39,5304845582,1084064273,5234008,11526,3921939,0,172,0,17,1,-40.0,72.2,72.2,53,0,4.7,53.0,,28,0
1741.3,16:49:40,5309754382,1084074911,4908800,10638,3925139,0,172,0,17,1,-40.0,65.0,72.2,45,0,6.1,51.0,,28,0
1742.3,16:49:41,5314341738,1084089279,4587356,14368,3928133,0,172,0,17,1,-40.0,72.2,72.2,57,0,3.8,51.0,,28,0
1743.3,16:49:42,5318667618,1084102649,4325880,13370,3930953,0,172,0,17,1,-40.0,65.0,72.2,60,0,3.5,49.0,,27,0
1744.3,16:49:43,5323295696,1084114201,4628078,11552,3933970,0,172,0,17,1,-40.0,72.2,72.2,54,0,4.8,50.0,,28,0
1745.3,16:49:44,5328535840,1084125847,5240144,11646,3937386,0,172,0,17,1,-41.0,72.2,72.2,51,0,4.8,50.0,,27,0
1746.3,16:49:45,5333409358,1084137885,4873518,12038,3940563,0,172,0,17,1,-40.0,72.2,72.2,63,0,3.4,50.0,,27,0
1747.4,16:49:46,5338244526,1084148913,4835168,11028,3943715,0,172,0,17,1,-40.0,72.2,72.2,55,0,5.7,51.0,,28,0
1748.4,16:49:47,5343156040,1084160767,4911514,11854,3946928,0,172,0,17,1,-40.0,58.5,72.2,52,0,4.2,50.0,,28,0
1749.4,16:49:48,5347774914,1084170763,4618874,9996,3949939,0,172,0,17,1,-40.0,65.0,72.2,49,0,3.0,50.0,,28,0
1750.4,16:49:49,5352495032,1084181317,4720118,10554,3953016,0,172,0,17,1,-40.0,65.0,72.2,59,0,9.1,50.0,,27,0
1751.4,16:49:50,5357189072,1084191601,4694040,10284,3956076,0,172,0,17,1,-40.0,72.2,72.2,59,0,7.1,52.0,,28,0
1752.4,16:49:51,5362039580,1084202347,4850508,10746,3959238,0,172,0,17,1,-41.0,65.0,72.2,47,0,3.9,51.0,,29,0
1753.4,16:49:52,5367125294,1084214043,5085714,11696,3962555,0,172,0,17,1,-40.0,65.0,72.2,63,0,4.4,51.0,,28,0
1754.4,16:49:53,5372074600,1084224663,4949306,10620,3965784,0,172,0,17,1,-40.0,72.2,72.2,49,0,4.1,50.0,,27,0
1755.4,16:49:54,5377118392,1084236375,5043792,11712,3969070,0,172,0,17,1,-39.0,72.2,72.2,55,0,4.2,50.0,,28,0
1756.4,16:49:55,5382303312,1084248483,5184920,12108,3972450,0,172,0,17,1,-38.0,72.2,72.2,52,0,3.8,50.0,,28,0
1757.4,16:49:56,5387426872,1084261017,5123560,12534,3975790,0,172,0,17,1,-40.0,65.0,72.2,64,0,3.9,51.0,,28,0
1758.5,16:49:57,5392191476,1084271277,4764604,10260,3978896,0,172,0,17,1,-40.0,65.0,72.2,51,0,3.5,50.0,,28,0
1759.5,16:49:58,5397345716,1084283265,5154240,11988,3982256,0,172,0,17,1,-39.0,65.0,72.2,51,0,3.6,51.0,,28,0
1760.5,16:49:59,5402394110,1084294239,5048394,10974,3985547,0,172,0,17,1,-41.0,72.2,72.2,49,0,4.0,50.0,,28,0
1761.5,16:50:00,5407759130,1084305711,5365020,11472,3989045,0,172,0,17,1,-40.0,72.2,72.2,47,0,4.0,50.0,,28,0
1762.5,16:50:01,5412172448,1084318941,4413318,13230,3991922,0,172,0,17,1,-40.0,72.2,72.2,69,0,4.8,51.0,,27,0
1763.5,16:50:02,5417018354,1084329603,4845906,10662,3995081,0,172,0,17,1,-39.0,65.0,72.2,61,0,6.8,51.0,,26,0
1764.5,16:50:03,5421865794,1084343883,4847440,14280,3998241,0,172,0,17,1,-41.0,65.0,72.2,50,0,5.3,51.0,,27,0
1765.5,16:50:04,5427076792,1084356677,5210998,12794,4001638,0,172,0,17,1,-40.0,72.2,72.2,46,0,5.4,50.0,,27,0
1766.5,16:50:05,5432128876,1084368553,5052084,11876,4004932,0,172,0,17,1,-39.0,72.2,72.2,54,0,5.4,51.0,,27,0
1767.5,16:50:06,5437264708,1084379161,5135832,10608,4008280,0,172,0,17,1,-40.0,65.0,72.2,50,0,5.4,50.0,,27,0
1768.6,16:50:07,5441977156,1084390455,4712448,11294,4011352,0,172,0,17,1,-39.0,72.2,72.2,61,0,4.9,50.0,,27,0
1769.6,16:50:08,5446922772,1084401843,4945616,11388,4014576,0,172,0,17,1,-40.0,65.0,72.2,54,0,5.9,50.0,,27,0
1770.6,16:50:09,5451659764,1084413315,4736992,11472,4017664,0,172,0,17,1,-40.0,72.2,72.2,48,0,5.5,50.0,,27,0
1771.6,16:50:10,5456430504,1084423761,4770740,10446,4020774,0,172,0,17,1,-40.0,72.2,72.2,52,0,7.6,51.0,,27,0
1772.6,16:50:11,5460767122,1084436649,4336618,12888,4023601,0,172,0,17,1,-40.0,72.2,72.2,60,0,6.5,51.0,,27,0
1773.6,16:50:12,5465520988,1084447935,4753866,11286,4026700,0,172,0,17,1,-40.0,72.2,72.2,57,0,5.9,51.0,,27,0
1774.6,16:50:13,5469644632,1084458065,4123644,10130,4029389,0,172,0,17,1,-40.0,58.5,72.2,78,0,4.5,50.0,,27,0
1775.6,16:50:14,5474495140,1084469171,4850508,11106,4032551,0,172,0,17,1,-38.0,65.0,72.2,53,0,3.3,50.0,,27,0
1776.6,16:50:15,5479391668,1084480397,4896528,11226,4035743,0,172,0,17,1,-40.0,57.8,72.2,49,0,4.3,50.0,,27,0
1777.7,16:50:16,5484007474,1084492181,4615806,11784,4038796,0,172,0,17,1,-40.0,72.2,72.2,68,0,4.1,51.0,,27,0
1778.7,16:50:17,5489109204,1084505469,5101730,13288,4042089,0,172,0,17,1,-39.0,72.2,72.2,57,0,5.0,50.0,,27,0
1779.7,16:50:18,5494194414,1084517169,5085210,11700,4045404,0,172,0,17,1,-40.0,72.2,72.2,54,0,5.4,50.0,,27,0
1780.7,16:50:19,5499037252,1084527645,4842838,10476,4048561,0,172,0,17,1,-40.0,72.2,72.2,65,0,4.9,49.0,,27,0
1781.7,16:50:20,5504074908,1084538241,5037656,10596,4051845,0,172,0,17,1,-39.0,72.2,72.2,58,0,5.3,50.0,,27,0
1782.7,16:50:21,5508339428,1084551399,4264520,13158,4054625,0,172,0,17,1,-39.0,72.2,72.2,67,0,3.9,51.0,,27,0
1783.7,16:50:22,5513377084,1084561443,5037656,10044,4057909,0,172,0,17,1,-40.0,72.2,72.2,48,0,3.7,50.0,,27,0
1784.7,16:50:23,5518658646,1084572213,5281562,10770,4061352,0,172,0,17,1,-39.0,72.2,72.2,49,0,5.1,50.0,,27,0
1785.7,16:50:24,5523918732,1084582743,5260086,10530,4064781,0,172,0,17,1,-40.0,65.0,72.2,41,0,11.5,52.0,,27,0
1786.8,16:50:25,5528618908,1084592625,4700176,9882,4067845,0,172,0,17,1,-40.0,65.0,72.2,61,0,8.3,51.0,,28,0
1787.8,16:50:26,5533256190,1084603209,4637282,10584,4070868,0,172,0,17,1,-41.0,72.2,72.2,54,0,4.5,50.0,,28,0
1788.8,16:50:27,5538393556,1084614387,5137366,11178,4074217,0,172,0,17,1,-40.0,65.0,72.2,56,0,3.9,51.0,,27,0
1789.8,16:50:28,5543202646,1084625427,4809090,11040,4077352,0,172,0,17,1,-40.0,72.2,72.2,53,0,3.6,52.0,,28,0
1790.8,16:50:29,5548201952,1084635669,4999306,10242,4080611,0,172,0,17,1,-39.0,72.2,72.2,47,0,4.4,51.0,,28,0
1791.8,16:50:30,5553204326,1084645953,5002374,10284,4083873,0,172,0,17,1,-39.0,72.2,72.2,49,0,5.4,51.0,,29,0
1792.8,16:50:31,5557637586,1084658385,4433260,12432,4086762,0,172,0,17,1,-40.0,72.2,72.2,66,0,4.1,50.0,,28,0
1793.8,16:50:32,5562357704,1084669587,4720118,11202,4089839,0,172,0,17,1,-38.0,65.0,72.2,59,0,4.6,51.0,,27,0
1794.9,16:50:33,5567470526,1084680387,5112822,10800,4093172,0,172,0,17,1,-39.0,72.2,72.2,50,0,14.7,51.0,,28,0
1795.9,16:50:34,5572756942,1084692407,5286416,12020,4096619,0,172,0,17,1,-40.0,72.2,72.2,50,0,6.0,51.0,,28,0
1796.9,16:50:36,5577717898,1084703597,4960956,11190,4099853,0,172,0,17,1,-40.0,72.2,72.2,68,0,4.5,51.0,,29,0
1797.9,16:50:37,5583166666,1084716095,5448768,12498,4103405,0,172,0,17,1,-39.0,72.2,72.2,53,0,6.2,51.0,,28,0
1798.9,16:50:38,5587627538,1084726745,4460872,10650,4106313,0,172,0,17,1,-41.0,65.0,72.2,62,0,4.0,51.0,,27,0
1799.9,16:50:39,5592366064,1084737437,4738526,10692,4109402,0,172,0,17,1,-40.0,72.2,72.2,57,0,4.0,51.0,,27,0
1800.9,16:50:40,5597445138,1084748561,5079074,11124,4112713,0,172,0,17,1,-40.0,72.2,72.2,63,0,3.8,52.0,,28,0
1801.9,16:50:41,5602197470,1084758497,4752332,9936,4115811,0,172,0,17,1,-40.0,72.2,72.2,62,0,5.2,51.0,,27,0
1802.9,16:50:42,5606797936,1084768985,4600466,10488,4118812,0,172,0,17,1,-39.0,65.0,72.2,58,0,4.7,50.0,,28,0
1803.9,16:50:43,5611467432,1084782755,4669496,13770,4121886,0,172,0,17,1,-40.0,72.2,72.2,80,0,5.3,51.0,,27,0
1804.9,16:50:44,5616461224,1084793771,4993792,11016,4125110,0,172,0,17,1,-40.0,65.0,72.2,56,0,3.9,51.0,,28,0
1806.0,16:50:45,5620986524,1084803893,4525300,10122,4128060,0,172,0,17,1,-39.0,72.2,72.2,64,0,4.9,51.0,,27,0
1807.0,16:50:46,5625774138,1084814261,4787614,10368,4131181,0,172,0,17,1,-40.0,65.0,72.2,72,0,5.4,50.0,,27,0
1808.0,16:50:47,5630304040,1084824251,4529902,9990,4134134,0,172,0,17,1,-40.0,72.2,72.2,57,0,5.9,51.0,,27,0
1809.0,16:50:48,5634911822,1084834761,4607782,10510,4137149,0,172,0,17,1,-40.0,65.0,72.2,69,0,4.9,50.0,,27,0
1810.0,16:50:49,5640105946,1084845885,5194124,11124,4140535,0,172,0,17,1,-41.0,65.0,72.2,42,0,13.9,50.0,,26,0
1811.0,16:50:50,5645266322,1084856913,5160376,11028,4143899,0,172,0,17,1,-40.0,72.2,72.2,51,0,4.8,50.0,,27,0
1812.0,16:50:51,5649951158,1084867305,4684836,10392,4146953,0,172,0,17,1,-39.0,72.2,72.2,61,0,4.0,50.0,,28,0
1813.0,16:50:52,5654531682,1084877049,4580524,9744,4149939,0,172,0,17,1,-40.0,72.2,72.2,56,0,4.2,50.0,,27,0
1814.0,16:50:53,5658991020,1084890129,4459338,13080,4152846,0,172,0,17,1,-40.0,65.0,72.2,59,0,4.3,51.0,,28,0
1815.1,16:50:54,5663479504,1084899657,4488484,9528,4155772,0,172,0,17,1,-39.0,72.2,72.2,59,0,4.0,50.0,,27,0
1816.1,16:50:55,5668644482,1084911483,5164978,11826,4159139,0,172,0,17,1,-40.0,72.2,72.2,56,0,4.7,51.0,,27,0
1817.1,16:50:56,5673277162,1084922607,4632680,11124,4162159,0,172,0,17,1,-39.0,65.0,72.2,52,0,6.1,50.0,,28,0
1818.1,16:50:57,5677914444,1084932189,4637282,9582,4165182,0,172,0,17,1,-40.0,72.2,72.2,52,0,4.3,51.0,,27,0
1819.1,16:50:58,5682775690,1084942689,4861246,10500,4168351,0,172,0,17,1,-40.0,72.2,72.2,60,0,4.4,51.0,,27,0
1820.1,16:50:59,5687664548,1084952841,4888858,10152,4171538,0,172,0,17,1,-40.0,72.2,72.2,57,0,4.1,51.0,,28,0
1821.1,16:51:00,5692329442,1084963545,4664894,10704,4174579,0,172,0,17,1,-40.0,65.0,72.2,67,0,5.2,50.0,,28,0
1822.1,16:51:01,5696661458,1084973913,4332016,10368,4177403,0,172,0,17,1,-40.0,65.0,72.2,72,0,5.1,50.0,,28,0
1823.1,16:51:02,5701608608,1084983741,4947150,9828,4180628,0,172,0,17,1,-40.0,65.0,72.2,53,0,4.2,50.0,,28,0
1824.2,16:51:03,5705972838,1084996323,4364230,12582,4183473,0,172,0,17,1,-38.0,65.0,72.2,68,0,3.9,50.0,,27,0
1825.2,16:51:04,5710602450,1085007081,4629612,10758,4186529,0,172,0,17,1,-40.0,58.5,72.2,67,0,7.7,50.0,,28,0
1826.2,16:51:05,5715885546,1085018379,5283096,11298,4189935,0,172,0,17,1,-40.0,72.2,72.2,44,0,5.0,50.0,,29,0
1827.2,16:51:06,5721098078,1085030595,5212532,12216,4193333,0,172,0,17,1,-40.0,52.0,72.2,62,0,8.9,51.0,,28,0
1828.2,16:51:07,5725844274,1085041503,4746196,10908,4196427,0,172,0,17,1,-39.0,72.2,72.2,52,0,13.8,52.0,,28,0
1829.2,16:51:08,5730875794,1085052789,5031520,11286,4199707,0,172,0,17,1,-41.0,72.2,72.2,49,0,11.6,54.0,,29,0
1830.2,16:51:09,5736280076,1085064453,5404282,11664,4203230,0,172,0,17,1,-40.0,72.2,72.2,45,0,10.8,52.0,,30,0
1831.2,16:51:10,5741441986,1085074983,5161910,10530,4206595,0,172,0,17,1,-40.0,65.0,72.2,52,0,6.4,53.0,,29,0
1832.2,16:51:11,5746123754,1085085351,4681768,10368,4209647,0,172,0,17,1,-40.0,65.0,72.2,55,0,7.9,51.0,,28,0
1833.2,16:51:12,5750954320,1085096163,4830566,10812,4212796,0,172,0,17,1,-40.0,72.2,72.2,46,0,8.3,51.0,,29,0
1834.2,16:51:13,5755332356,1085109123,4378036,12960,4215650,0,172,0,17,1,-40.0,65.0,72.2,43,0,8.7,51.0,,29,0
1835.3,16:51:14,5760414498,1085119491,5082142,10368,4218963,0,172,0,17,1,-40.0,65.0,72.2,47,0,9.1,51.0,,29,0
1836.3,16:51:15,5765419940,1085130399,5005442,10908,4222226,0,172,0,17,1,-40.0,72.2,72.2,55,0,6.4,52.0,,28,0
1837.3,16:51:16,5770256642,1085140659,4836702,10260,4225379,0,172,0,17,1,-40.0,65.0,72.2,53,0,7.8,52.0,,28,0
1838.3,16:51:17,5774725184,1085150811,4468542,10152,4228292,0,172,0,17,1,-38.0,72.2,72.2,64,0,7.7,51.0,,29,0
1839.3,16:51:18,5779504258,1085161817,4779074,11006,4231414,0,172,0,17,1,-40.0,72.2,72.2,47,0,23.1,56.0,,28,0
1840.3,16:51:19,5784395492,1085172585,4891234,10768,4234609,0,172,0,17,1,-40.0,57.8,72.2,50,0,5.9,51.0,,30,0
1841.3,16:51:20,5789292020,1085183397,4896528,10812,4237801,0,172,0,17,1,-40.0,72.2,72.2,54,0,5.4,51.0,,30,0
1842.3,16:51:21,5794283656,1085194305,4991636,10908,4241055,0,172,0,17,1,-40.0,57.8,72.2,64,0,5.7,51.0,,29,0
1843.3,16:51:22,5799068202,1085205495,4784546,11190,4244174,0,172,0,17,1,-39.0,72.2,72.2,67,0,5.8,51.0,,28,0
1844.4,16:51:23,5803357266,1085218509,4289064,13014,4246970,0,172,0,17,1,-38.0,57.8,72.2,68,0,11.4,54.0,,28,0
1845.4,16:51:24,5808379582,1085229687,5022316,11178,4250244,0,172,0,17,1,-41.0,72.2,72.2,52,0,10.0,51.0,,28,0
1846.4,16:51:25,5813716368,1085240919,5336786,11232,4253723,0,172,0,17,1,-41.0,58.5,72.2,48,0,4.5,52.0,,29,0
1847.4,16:51:26,5818105142,1085250975,4388774,10056,4256584,0,172,0,17,1,-39.0,65.0,72.2,59,0,6.8,52.0,,28,0
1848.4,16:51:27,5822961786,1085261289,4856644,10314,4259750,0,172,0,17,1,-39.0,72.2,72.2,57,0,4.8,51.0,,28,0
1849.4,16:51:28,5828315446,1085274411,5353660,13122,4263240,0,172,0,17,1,-38.0,72.2,72.2,52,0,5.3,51.0,,28,0
1850.4,16:51:29,5833501900,1085287425,5186454,13014,4266621,0,172,0,17,1,-40.0,72.2,72.2,67,0,4.1,51.0,,29,0
1851.4,16:51:30,5838731306,1085299953,5229406,12528,4270030,0,172,0,17,1,-39.0,72.2,72.2,61,0,3.9,51.0,,28,0
1852.4,16:51:31,5843972984,1085312643,5241678,12690,4273447,0,172,0,17,1,-41.0,72.2,72.2,61,0,6.0,53.0,,27,0
1853.4,16:51:32,5849317440,1085325657,5344456,13014,4276931,0,172,0,17,1,-39.0,65.0,72.2,59,0,8.9,52.0,,28,0
1854.5,16:51:33,5853917906,1085338455,4600466,12798,4279930,0,172,0,17,1,-39.0,65.0,72.2,61,0,4.7,52.0,,29,0
1855.5,16:51:34,5858687112,1085349429,4769206,10974,4283039,0,172,0,17,1,-40.0,65.0,72.2,48,0,4.0,51.0,,28,0
1856.5,16:51:35,5863460920,1085359797,4773808,10368,4286151,0,172,0,17,1,-38.0,65.0,72.2,60,0,4.5,51.0,,29,0
1857.5,16:51:36,5868115076,1085369691,4654156,9894,4289185,0,172,0,17,1,-41.0,65.0,72.2,52,0,7.5,51.0,,28,0
1858.5,16:51:37,5873168642,1085381459,5053566,11768,4292481,0,172,0,17,1,-39.0,72.2,72.2,53,0,5.4,51.0,,27,0
1859.5,16:51:38,5878261522,1085392877,5092880,11418,4295801,0,172,0,17,1,-39.0,72.2,72.2,49,0,4.2,51.0,,28,0
1860.5,16:51:39,5883268498,1085403365,5006976,10488,4299065,0,172,0,17,1,-40.0,72.2,72.2,43,0,5.9,51.0,,28,0
1861.5,16:51:40,5888289280,1085413985,5020782,10620,4302338,0,172,0,17,1,-40.0,72.2,72.2,55,0,4.3,50.0,,28,0
1862.5,16:51:41,5893339208,1085424419,5049928,10434,4305630,0,172,0,17,1,-38.0,72.2,72.2,47,0,3.8,51.0,,28,0
1863.5,16:51:42,5898517992,1085435003,5178784,10584,4309006,0,172,0,17,1,-40.0,65.0,72.2,58,0,4.5,50.0,,28,0
1864.6,16:51:43,5902994204,1085447567,4476212,12564,4311924,0,172,0,17,1,-39.0,72.2,72.2,60,0,4.1,50.0,,28,0
1865.6,16:51:44,5907620748,1085458001,4626544,10434,4314940,0,172,0,17,1,-40.0,72.2,72.2,62,0,4.2,51.0,,28,0
1866.6,16:51:45,5912572500,1085468963,4951752,10962,4318168,0,172,0,17,1,-41.0,72.2,72.2,55,0,3.5,51.0,,28,0
1867.6,16:51:46,5917432212,1085479331,4859712,10368,4321336,0,172,0,17,1,-41.0,72.2,72.2,65,0,4.5,50.0,,28,0
1868.6,16:51:47,5922038814,1085489657,4606602,10326,4324339,0,172,0,17,1,-39.0,72.2,72.2,59,0,4.8,51.0,,28,0
1869.6,16:51:48,5927236596,1085500933,5197782,11276,4327733,0,172,0,17,1,-39.0,72.2,72.2,53,0,5.1,50.0,,28,0
1870.6,16:51:49,5931929766,1085512587,4693170,11654,4330799,0,172,0,17,1,-38.0,72.2,72.2,58,0,16.4,51.0,,28,0
1871.6,16:51:50,5936823226,1085523441,4893460,10854,4333989,0,172,0,17,1,-39.0,65.0,72.2,55,0,11.7,53.0,,29,0
1872.6,16:51:51,5941887582,1085534373,5064356,10932,4337291,0,172,0,17,1,-38.0,65.0,72.2,45,0,8.3,53.0,,30,0
1873.7,16:51:52,5946652186,1085544753,4764604,10380,4340397,0,172,0,17,1,-40.0,57.8,72.2,59,0,6.9,51.0,,29,0
1874.7,16:51:53,5951042494,1085558037,4390308,13284,4343259,0,172,0,17,1,-43.0,72.2,72.2,76,0,5.8,51.0,,29,0
1875.7,16:51:54,5955969702,1085568783,4927208,10746,4346471,0,172,0,17,1,-40.0,65.0,72.2,52,0,6.6,52.0,,28,0
1876.7,16:51:55,5961082524,1085579433,5112822,10650,4349804,0,172,0,17,1,-40.0,65.0,72.2,42,0,6.0,51.0,,29,0
1877.7,16:51:56,5966008198,1085589801,4925674,10368,4353015,0,172,0,17,1,-41.0,72.2,72.2,61,0,8.3,51.0,,28,0
1878.7,16:51:57,5970953814,1085601423,4945616,11622,4356239,0,172,0,17,1,-42.0,65.0,72.2,54,0,18.9,54.0,,27,0
1879.7,16:51:58,5975666514,1085611835,4712700,10412,4359312,0,172,0,17,1,-41.0,72.2,72.2,57,0,5.1,51.0,,28,0
1880.7,16:51:59,5980810638,1085622929,5144124,11094,4362666,0,172,0,17,1,-41.0,65.0,72.2,43,0,4.7,51.0,,29,0
1881.7,16:52:00,5985743982,1085634293,4933344,11364,4365882,0,172,0,17,1,-41.0,72.2,72.2,46,0,3.5,51.0,,28,0
1882.8,16:52:01,5990232466,1085643929,4488484,9636,4368808,0,172,0,17,1,-41.0,65.0,72.2,57,0,4.3,56.0,,28,0
1883.8,16:52:02,5994898604,1085654645,4666138,10716,4371851,0,172,0,17,1,-41.0,72.2,72.2,64,0,3.9,50.0,,27,0
1884.8,16:52:03,5999681616,1085667023,4783012,12378,4374971,0,172,0,17,1,-40.0,72.2,72.2,69,0,5.3,51.0,,28,0
1885.8,16:52:04,6004177770,1085677727,4496154,10704,4377907,0,172,0,17,1,-42.0,72.2,72.2,63,0,3.5,50.0,,27,0
1886.8,16:52:05,6009788032,1085689499,5610262,11772,4381559,0,172,0,17,1,-40.0,65.0,72.2,43,0,6.4,51.0,,28,0
1887.8,16:52:06,6014664618,1085700701,4876586,11202,4384738,0,172,0,17,1,-40.0,72.2,72.2,48,0,3.8,51.0,,28,0
1888.8,16:52:07,6019364794,1085711069,4700176,10368,4387802,0,172,0,17,1,-40.0,72.2,72.2,55,0,4.0,51.0,,28,0
1889.8,16:52:08,6024426082,1085721299,5061288,10230,4391102,0,172,0,17,1,-41.0,72.2,72.2,43,0,4.3,51.0,,28,0
1890.8,16:52:09,6029393174,1085732435,4967092,11136,4394340,0,172,0,17,1,-41.0,65.0,72.2,52,0,3.9,50.0,,27,0
1891.9,16:52:10,6034852680,1085744045,5459506,11610,4397899,0,172,0,17,1,-41.0,72.2,72.2,42,0,4.3,51.0,,28,0
1892.9,16:52:11,6039766082,1085754305,4913402,10260,4401102,0,172,0,17,1,-41.0,65.0,72.2,53,0,3.6,50.0,,27,0
1893.9,16:52:13,6044578240,1085765141,4812158,10836,4404239,0,172,0,17,1,-41.0,65.0,72.2,59,0,4.9,51.0,,28,0
1894.9,16:52:14,6049356650,1085775695,4778410,10554,4407354,0,172,0,17,1,-40.0,72.2,72.2,58,0,4.5,50.0,,27,0
1895.9,16:52:15,6053685598,1085787575,4328948,11880,4410176,0,172,0,17,1,-41.0,72.2,72.2,60,0,3.5,51.0,,27,0
1896.9,16:52:16,6058592864,1085798267,4907266,10692,4413375,0,172,0,17,1,-42.0,72.2,72.2,62,0,3.8,50.0,,27,0
1897.9,16:52:17,6063194864,1085808473,4602000,10206,4416375,0,172,0,17,1,-42.0,65.0,72.2,49,0,3.3,51.0,,27,0
1898.9,16:52:18,6067911914,1085818745,4717050,10272,4419450,0,172,0,17,1,-41.0,72.2,72.2,65,0,3.9,51.0,,27,0
1899.9,16:52:19,6072571262,1085828995,4659348,10250,4422493,0,172,0,17,1,-42.0,72.2,72.2,55,0,3.6,50.0,,27,0
1901.0,16:52:20,6077517706,1085840097,4946444,11102,4425724,0,172,0,17,1,-40.0,72.2,72.2,53,0,4.2,51.0,,27,0
1902.0,16:52:21,6082027666,1085850309,4509960,10212,4428664,0,172,0,17,1,-42.0,65.0,72.2,51,0,3.6,50.0,,27,0
1903.0,16:52:22,6086803008,1085860743,4775342,10434,4431777,0,172,0,17,1,-40.0,72.2,72.2,55,0,3.3,50.0,,27,0
1904.0,16:52:23,6091529262,1085871471,4726254,10728,4434858,0,172,0,17,1,-40.0,72.2,72.2,56,0,3.4,51.0,,27,0
1905.0,16:52:24,6096706512,1085882229,5177250,10758,4438233,0,172,0,17,1,-41.0,72.2,72.2,41,0,4.8,52.0,,27,0
1906.0,16:52:25,6101495660,1085896551,4789148,14322,4441355,0,172,0,17,1,-40.0,72.2,72.2,63,0,6.6,51.0,,27,0
1907.0,16:52:26,6106320090,1085907255,4824430,10704,4444544,0,172,0,17,1,-41.0,65.0,72.2,54,0,5.7,50.0,,27,0
1908.0,16:52:27,6110989660,1085918211,4669570,10956,4447545,0,172,0,17,1,-39.0,72.2,72.2,53,0,3.0,50.0,,27,0
1909.1,16:52:28,6116222134,1085930085,5232474,11874,4450956,0,172,0,17,1,-39.0,65.0,72.2,56,0,3.5,50.0,,27,0
1910.1,16:52:29,6121118662,1085940345,4896528,10260,4454148,0,172,0,17,1,-39.0,72.2,72.2,61,0,3.1,51.0,,27,0
1911.1,16:52:30,6126211542,1085952573,5092880,12228,4457468,0,172,0,17,1,-40.0,72.2,72.2,58,0,4.3,50.0,,27,0
1912.1,16:52:31,6131187838,1085963763,4976296,11190,4460712,0,172,0,17,1,-41.0,58.5,72.2,64,0,4.7,52.0,,28,0
1913.1,16:52:32,6136340544,1085974941,5152706,11178,4464071,0,172,0,17,1,-39.0,72.2,72.2,56,0,3.6,51.0,,27,0
1914.1,16:52:33,6141151168,1085985417,4810624,10476,4467207,0,172,0,17,1,-41.0,72.2,72.2,61,0,5.3,53.0,,28,0
1915.1,16:52:34,6146365234,1085996673,5214066,11256,4470606,0,172,0,17,1,-40.0,72.2,72.2,44,0,3.8,51.0,,28,0
1916.1,16:52:35,6150646889,1086009943,4281655,13270,4473398,0,172,0,17,1,-38.0,72.2,72.2,66,0,3.8,51.0,,28,0
1917.1,16:52:36,6155594661,1086020659,4947772,10716,4476624,0,172,0,17,1,-40.0,72.2,72.2,57,0,3.5,50.0,,27,0
1918.1,16:52:37,6160483519,1086031297,4888858,10638,4479811,0,172,0,17,1,-41.0,72.2,72.2,59,0,3.2,50.0,,27,0
1919.2,16:52:38,6165611681,1086042217,5128162,10920,4483154,0,172,0,17,1,-39.0,72.2,72.2,51,0,3.4,50.0,,27,0
1920.2,16:52:39,6170343159,1086052207,4731478,9990,4486239,0,172,0,17,1,-40.0,72.2,72.2,59,0,3.4,51.0,,27,0
1921.2,16:52:40,6175337863,1086063559,4994704,11352,4489495,0,172,0,17,1,-41.0,65.0,72.2,52,0,3.4,51.0,,27,0
1922.2,16:52:41,6180176099,1086074545,4838236,10986,4492649,0,172,0,17,1,-40.0,65.0,72.2,61,0,3.3,50.0,,28,0
1923.2,16:52:42,6185017403,1086085285,4841304,10740,4495805,0,172,0,17,1,-39.0,65.0,72.2,70,0,3.3,50.0,,27,0
1924.2,16:52:43,6189897309,1086095709,4879906,10424,4498987,0,172,0,17,1,-40.0,72.2,72.2,57,0,3.8,50.0,,28,0
1925.2,16:52:44,6194665603,1086108969,4768294,13260,4502096,0,172,0,17,1,-39.0,65.0,72.2,55,0,3.5,52.0,,28,0
1926.2,16:52:45,6199424071,1086119067,4758468,10098,4505198,0,172,0,17,1,-39.0,65.0,72.2,60,0,3.5,51.0,,27,0
1927.2,16:52:46,6204427979,1086129717,5003908,10650,4508460,0,172,0,17,1,-40.0,65.0,72.2,50,0,3.6,50.0,,27,0
1928.2,16:52:47,6208988561,1086139395,4560582,9678,4511433,0,172,0,17,1,-41.0,72.2,72.2,54,0,3.3,50.0,,27,0
1929.3,16:52:48,6213941847,1086150477,4953286,11082,4514662,0,172,0,17,1,-41.0,72.2,72.2,54,0,3.7,51.0,,27,0
1930.3,16:52:49,6218978207,1086162415,5036360,11938,4517947,0,172,0,17,1,-40.0,65.0,72.2,63,0,3.4,50.0,,27,0
1931.3,16:52:50,6223769950,1086173406,4791743,10991,4521081,0,172,0,17,1,-39.0,72.2,72.2,57,0,3.2,50.0,,27,0
1932.3,16:52:51,6228529952,1086184098,4760002,10692,4524184,0,172,0,17,1,-41.0,72.2,72.2,49,0,3.6,50.0,,27,0
1933.3,16:52:52,6233767650,1086194478,5237698,10380,4527599,0,172,0,17,1,-39.0,72.2,72.2,48,0,3.5,50.0,,28,0
1934.3,16:52:53,6238294484,1086206358,4526834,11880,4530550,0,172,0,17,1,-39.0,72.2,72.2,57,0,10.4,50.0,,27,0
1935.3,16:52:54,6243017670,1086216780,4723186,10422,4533629,0,172,0,17,1,-41.0,72.2,72.2,48,0,6.4,50.0,,27,0
1936.3,16:52:55,6247654952,1086226674,4637282,9894,4536652,0,172,0,17,1,-40.0,65.0,65.0,61,0,3.5,50.0,,28,0
1937.3,16:52:56,6252425692,1086236958,4770740,10284,4539762,0,172,0,17,1,-39.0,65.0,72.2,57,0,9.1,50.0,,27,0
1938.4,16:52:57,6257593738,1086248052,5168046,11094,4543131,0,172,0,17,1,-39.0,72.2,72.2,51,0,6.3,51.0,,28,0
1939.4,16:52:58,6262547024,1086258312,4953286,10260,4546360,0,172,0,17,1,-40.0,65.0,72.2,60,0,5.7,51.0,,28,0
1940.4,16:52:59,6267619962,1086268854,5072938,10542,4549667,0,172,0,17,1,-39.0,65.0,72.2,56,0,4.5,51.0,,28,0
1941.4,16:53:00,6272074698,1086278952,4454736,10098,4552571,0,172,0,17,1,-40.0,72.2,72.2,65,0,5.7,51.0,,28,0
1942.4,16:53:01,6276472676,1086288738,4397978,9786,4555438,0,172,0,17,1,-39.0,65.0,72.2,65,0,6.3,54.0,,28,0
1943.4,16:53:02,6281228076,1086299064,4755400,10326,4558538,0,172,0,17,1,-40.0,65.0,72.2,60,0,5.0,51.0,,28,0
1944.4,16:53:03,6285747240,1086309714,4519164,10650,4561484,0,172,0,17,1,-39.0,72.2,72.2,56,0,11.6,52.0,,28,0
1945.4,16:53:04,6290540582,1086322610,4793342,12896,4564611,0,172,0,17,1,-40.0,72.2,72.2,56,0,5.3,51.0,,29,0
1946.4,16:53:05,6295388022,1086332990,4847440,10380,4567771,0,172,0,17,1,-41.0,72.2,72.2,59,0,6.4,52.0,,28,0
1947.4,16:53:06,6300799062,1086344276,5411040,11286,4571299,0,172,0,17,1,-39.0,72.2,72.2,53,0,12.0,51.0,,29,0
1948.5,16:53:07,6305795300,1086355466,4996238,11190,4574556,0,172,0,17,1,-39.0,65.0,72.2,58,0,43.8,62.0,,29,0
1949.5,16:53:08,6310928064,1086366386,5132764,10920,4577902,0,172,0,17,1,-40.0,65.0,72.2,50,0,51.5,64.0,,30,0
1950.5,16:53:09,6315775504,1086376658,4847440,10272,4581062,0,172,0,17,1,-39.0,65.0,72.2,52,0,49.9,64.0,,32,0
1951.5,16:53:10,6320521700,1086386756,4746196,10098,4584156,0,172,0,17,1,-40.0,65.0,72.2,52,0,51.2,65.0,,33,0
1952.5,16:53:11,6325264828,1086396770,4743128,10014,4587248,0,172,0,17,1,-38.0,65.0,72.2,60,0,49.6,66.0,,34,0
1953.5,16:53:12,6330141414,1086407300,4876586,10530,4590427,0,172,0,17,1,-39.0,65.0,72.2,67,0,37.4,65.0,,35,0
1954.5,16:53:13,6334774094,1086417410,4632680,10110,4593447,0,172,0,17,1,-39.0,65.0,72.2,52,0,31.0,63.0,,37,0
1955.5,16:53:14,6339354618,1086426968,4580524,9558,4596433,0,172,0,17,1,-41.0,65.0,72.2,70,0,14.0,63.0,,37,0
1956.5,16:53:15,6344576976,1086437984,5222358,11016,4599838,0,172,0,17,1,-38.0,72.2,72.2,52,0,14.0,62.0,,37,0
1957.5,16:53:16,6349447426,1086448364,4870450,10380,4603013,0,172,0,17,1,-40.0,72.2,72.2,51,0,8.4,57.0,,38,0
1958.5,16:53:17,6354635414,1086458678,5187988,10314,4606395,0,172,0,17,1,-40.0,65.0,72.2,46,0,1.9,56.0,,37,0
1959.5,16:53:18,6359496660,1086469478,4861246,10800,4609564,0,172,0,17,1,-39.0,65.0,72.2,51,0,2.1,55.0,,35,0
1960.6,16:53:19,6363663004,1086482018,4166344,12540,4612280,0,172,0,17,1,-40.0,65.0,72.2,56,0,1.8,54.0,,34,0
1961.6,16:53:20,6368637412,1086493716,4974408,11698,4615534,0,172,0,17,1,-39.0,72.2,72.2,54,0,2.3,54.0,,33,0
1962.6,16:53:21,6373193392,1086504516,4555980,10800,4618504,0,172,0,17,1,-40.0,65.0,72.2,66,0,1.8,53.0,,32,0
1963.6,16:53:22,6378054638,1086515274,4861246,10758,4621673,0,172,0,17,1,-41.0,65.0,72.2,58,0,1.9,52.0,,30,0
1964.6,16:53:23,6382806970,1086525492,4752332,10218,4624771,0,172,0,17,1,-40.0,72.2,72.2,65,0,2.9,53.0,,30,0
1965.6,16:53:24,6388300224,1086537426,5493254,11934,4628352,0,172,0,17,1,-41.0,72.2,72.2,42,0,2.5,54.0,,29,0
1966.6,16:53:25,6393388502,1086548562,5088278,11136,4631669,0,172,0,17,1,-41.0,65.0,72.2,55,0,2.1,53.0,,29,0
1967.6,16:53:26,6398449168,1086559794,5060666,11232,4634968,0,172,0,17,1,-40.0,65.0,72.2,65,0,2.1,53.0,,30,0
1968.7,16:53:27,6403529776,1086570702,5080608,10908,4638280,0,172,0,17,1,-40.0,65.0,72.2,63,0,2.6,53.0,,29,0
1969.7,16:53:28,6408481528,1086581286,4951752,10584,4641508,0,172,0,17,1,-39.0,72.2,72.2,51,0,2.6,52.0,,28,0
1970.7,16:53:29,6413154092,1086594258,4672564,12972,4644554,0,172,0,17,1,-41.0,72.2,72.2,49,0,2.4,52.0,,29,0
1971.7,16:53:30,6417880346,1086604302,4726254,10044,4647635,0,172,0,17,1,-41.0,65.0,72.2,61,0,2.3,53.0,,29,0
1972.7,16:53:31,6423119616,1086617680,5239270,13378,4651052,0,172,0,17,1,-39.0,72.2,72.2,45,0,2.3,52.0,,28,0
1973.7,16:53:32,6428063698,1086631964,4944082,14284,4654275,0,172,0,17,1,-41.0,65.0,72.2,49,0,2.0,52.0,,29,0
1974.7,16:53:33,6433219472,1086643112,5155774,11148,4657636,0,172,0,17,1,-40.0,72.2,72.2,45,0,2.3,51.0,,28,0
1975.7,16:53:34,6437899706,1086654838,4680234,11726,4660687,0,172,0,17,1,-39.0,72.2,72.2,68,0,2.3,52.0,,29,0
1976.7,16:53:35,6442832138,1086667170,4932432,12332,4663903,0,172,0,17,1,-40.0,72.2,72.2,56,0,2.1,52.0,,29,0
1977.8,16:53:36,6447634180,1086677592,4802042,10422,4667034,0,172,0,17,1,-39.0,72.2,72.2,52,0,2.3,53.0,,28,0
1978.8,16:53:37,6453036928,1086689646,5402748,12054,4670556,0,172,0,17,1,-40.0,65.0,72.2,49,0,2.4,52.0,,28,0
1979.8,16:53:38,6457928854,1086700782,4891926,11136,4673745,0,172,0,17,1,-39.0,72.2,72.2,65,0,3.5,53.0,,27,0
1980.8,16:53:39,6462233258,1086712794,4304404,12012,4676551,0,172,0,17,1,-41.0,72.2,72.2,65,0,3.3,52.0,,28,0
1981.8,16:53:40,6467102174,1086723702,4868916,10908,4679725,0,172,0,17,1,-39.0,72.2,72.2,44,0,2.9,52.0,,29,0
1982.8,16:53:41,6471895924,1086733908,4793750,10206,4682850,0,172,0,17,1,-40.0,72.2,72.2,56,0,2.8,51.0,,28,0
1983.8,16:53:42,6476576158,1086743466,4680234,9558,4685901,0,172,0,17,1,-39.0,72.2,72.2,54,0,3.9,52.0,,28,0
1984.8,16:53:43,6481624873,1086754764,5048715,11298,4689193,0,172,0,17,1,-41.0,57.8,72.2,63,0,3.3,52.0,,28,0
1985.8,16:53:44,6486660083,1086765684,5035210,10920,4692476,0,172,0,17,1,-41.0,72.2,72.2,54,0,3.3,52.0,,28,0
1986.9,16:53:45,6491627175,1086776604,4967092,10920,4695714,0,172,0,17,1,-41.0,72.2,72.2,53,0,2.9,51.0,,27,0
1987.9,16:53:47,6496447003,1086787428,4819828,10824,4698856,0,172,0,17,1,-40.0,65.0,72.2,65,0,6.0,51.0,,28,0
1988.9,16:53:48,6501257627,1086797820,4810624,10392,4701992,0,172,0,17,1,-40.0,72.2,72.2,55,0,3.5,51.0,,29,0
1989.9,16:53:49,6506140349,1086808944,4882722,11124,4705175,0,172,0,17,1,-40.0,72.2,72.2,70,0,3.0,51.0,,28,0
1990.9,16:53:50,6510774563,1086819798,4634214,10854,4708196,0,172,0,17,1,-40.0,57.8,72.2,73,0,2.4,50.0,,28,0
1991.9,16:53:51,6515225996,1086833373,4451433,13575,4711110,0,172,0,17,1,-40.0,65.0,72.2,58,0,5.8,51.0,,27,0
1992.9,16:53:52,6519783510,1086843159,4557514,9786,4714081,0,172,0,17,1,-39.0,65.0,72.2,51,0,4.9,51.0,,28,0
1993.9,16:53:53,6524787418,1086854025,5003908,10866,4717343,0,172,0,17,1,-40.0,72.2,72.2,46,0,4.0,51.0,,29,0
1995.0,16:53:54,6529923250,1086864903,5135832,10878,4720691,0,172,0,17,1,-39.0,72.2,72.2,60,0,3.4,52.0,,28,0
1996.0,16:53:55,6534960906,1086875955,5037656,11052,4723975,0,172,0,17,1,-39.0,65.0,72.2,56,0,4.2,51.0,,28,0
1997.0,16:53:56,6539960212,1086887793,4999306,11838,4727234,0,172,0,17,1,-41.0,72.2,72.2,53,0,4.0,51.0,,29,0
1998.0,16:53:57,6545533234,1086900387,5573022,12594,4730867,0,172,0,17,1,-39.0,72.2,72.2,48,0,9.2,53.0,,28,0
1999.0,16:53:58,6550517200,1086912645,4983966,12258,4734116,0,172,0,17,1,-38.0,72.2,72.2,59,0,4.9,52.0,,29,0
2000.0,16:53:59,6555844782,1086924333,5327582,11688,4737589,0,172,0,17,1,-39.0,65.0,72.2,46,0,6.3,51.0,,29,0
2001.0,16:54:00,6560870166,1086935373,5025384,11040,4740865,0,172,0,17,1,-40.0,65.0,72.2,52,0,3.1,52.0,,30,0
2002.0,16:54:01,6565001228,1086947859,4131062,12486,4743558,0,172,0,17,1,-39.0,65.0,72.2,68,0,2.5,51.0,,28,0
2003.0,16:54:02,6569865542,1086959091,4864314,11232,4746729,0,172,0,17,1,-40.0,65.0,72.2,49,0,3.5,52.0,,27,0
2004.1,16:54:03,6575022850,1086969891,5157308,10800,4750091,0,172,0,17,1,-40.0,57.8,72.2,47,0,2.1,51.0,,28,0
2005.1,16:54:04,6579980738,1086980529,4957888,10638,4753323,0,172,0,17,1,-41.0,65.0,72.2,48,0,2.3,51.0,,28,0
2006.1,16:54:05,6584337298,1086990153,4356560,9624,4756163,0,172,0,17,1,-40.0,58.5,72.2,66,0,2.5,52.0,,28,0
2007.1,16:54:06,6589155592,1087001235,4818294,11082,4759304,0,172,0,17,1,-39.0,72.2,72.2,62,0,6.3,51.0,,27,0
2008.1,16:54:07,6594366590,1087012749,5210998,11514,4762701,0,172,0,17,1,-40.0,72.2,72.2,51,0,5.4,51.0,,27,0
2009.1,16:54:08,6599149602,1087023735,4783012,10986,4765819,0,172,0,17,1,-40.0,72.2,72.2,54,0,5.7,52.0,,27,0
2010.1,16:54:09,6603911138,1087034493,4761536,10758,4768923,0,172,0,17,1,-39.0,72.2,72.2,50,0,4.9,51.0,,28,0
2011.1,16:54:10,6608772384,1087045239,4861246,10746,4772092,0,172,0,17,1,-41.0,65.0,72.2,54,0,7.4,52.0,,28,0
2012.2,16:54:11,6613474689,1087058223,4702305,12984,4775159,0,172,0,17,1,-41.0,72.2,72.2,48,0,6.7,52.0,,29,0
2013.2,16:54:12,6618182535,1087070217,4707846,11994,4778228,0,172,0,17,1,-40.0,65.0,72.2,56,0,5.4,51.0,,28,0
2014.2,16:54:13,6623014635,1087081395,4832100,11178,4781378,0,172,0,17,1,-39.0,72.2,72.2,67,0,2.4,51.0,,29,0
2015.2,16:54:14,6625468123,1087090293,2453488,8898,4782978,0,172,0,17,1,-40.0,65.0,72.2,33,35,2.9,51.0,,28,0
2016.2,16:54:15,6628465559,1087098849,2997436,8556,4784932,0,172,0,17,1,-39.0,72.2,72.2,47,0,4.4,51.0,,28,0
2017.2,16:54:16,6631443053,1087110753,2977494,11904,4786873,0,172,0,17,1,-41.0,72.2,72.2,54,0,2.9,51.0,,28,0
2018.2,16:54:17,6636327931,1087121349,4884878,10596,4790058,0,172,0,17,1,-39.0,72.2,72.2,48,0,2.4,50.0,,27,0
2019.2,16:54:18,6641655513,1087134183,5327582,12834,4793531,0,172,0,17,1,-39.0,72.2,72.2,53,0,2.3,51.0,,27,0
2020.3,16:54:19,6646664023,1087145469,5008510,11286,4796796,0,172,0,17,1,-39.0,65.0,72.2,47,0,5.2,51.0,,28,0
2021.3,16:54:20,6651583561,1087156389,4919538,10920,4800003,0,172,0,17,1,-40.0,72.2,72.2,54,0,3.0,51.0,,28,0
2022.3,16:54:21,6656010331,1087170595,4426770,14206,4802900,0,172,0,17,1,-40.0,65.0,72.2,68,0,2.9,51.0,,28,0
2023.3,16:54:22,6661225931,1087182013,5215600,11418,4806300,0,172,0,17,1,-40.0,72.2,72.2,43,0,5.0,53.0,,28,0
2024.3,16:54:23,6666301025,1087192975,5075094,10962,4809609,0,172,0,17,1,-39.0,72.2,72.2,50,0,2.4,51.0,,27,0
2025.3,16:54:24,6671350953,1087204003,5049928,11028,4812901,0,172,0,17,1,-41.0,72.2,72.2,53,0,2.5,50.0,,27,0
2026.3,16:54:25,6675896817,1087213615,4545864,9612,4815865,0,172,0,17,1,-39.0,72.2,72.2,59,0,2.6,51.0,,28,0
2027.3,16:54:26,6680758063,1087224289,4861246,10674,4819034,0,172,0,17,1,-40.0,72.2,72.2,58,0,2.1,51.0,,28,0
2028.3,16:54:27,6685607037,1087234831,4848974,10542,4822195,0,172,0,17,1,-41.0,65.0,72.2,67,0,3.0,50.0,,28,0
2029.4,16:54:28,6690365505,1087245967,4758468,11136,4825297,0,172,0,17,1,-40.0,72.2,72.2,60,0,2.4,50.0,,27,0
2030.4,16:54:29,6695696155,1087258963,5330650,12996,4828772,0,172,0,17,1,-42.0,72.2,72.2,57,0,2.4,51.0,,28,0
2031.4,16:54:30,6701003795,1087272409,5307640,13446,4832232,0,172,0,17,1,-42.0,72.2,72.2,50,0,2.4,51.0,,27,0
2032.4,16:54:31,6705996965,1087287421,4993170,15012,4835487,0,172,0,17,1,-43.0,72.2,72.2,53,0,2.3,51.0,,27,0
2033.4,16:54:32,6711105185,1087298869,5108220,11448,4838817,0,172,0,17,1,-44.0,72.2,72.2,54,0,2.1,51.0,,27,0
2034.4,16:54:33,6716296241,1087310329,5191056,11460,4842201,0,172,0,17,1,-40.0,72.2,72.2,57,0,2.5,51.0,,27,0
2035.4,16:54:34,6721310887,1087321507,5014646,11178,4845470,0,172,0,17,1,-39.0,72.2,72.2,49,0,6.1,51.0,,27,0
2036.4,16:54:35,6725929761,1087332169,4618874,10662,4848481,0,172,0,17,1,-42.0,65.0,72.2,54,0,2.4,50.0,,28,0
2037.5,16:54:36,6730751123,1087343383,4821362,11214,4851624,0,172,0,17,1,-40.0,72.2,72.2,64,0,2.3,50.0,,29,0
2038.5,16:54:37,6735662991,1087354129,4911868,10746,4854826,0,172,0,17,1,-41.0,72.2,72.2,53,0,2.4,50.0,,28,0
2039.5,16:54:38,6740763541,1087364629,5100550,10500,4858151,0,172,0,17,1,-41.0,65.0,72.2,53,0,1.9,51.0,,28,0
2040.5,16:54:39,6746068113,1087376401,5304572,11772,4861609,0,172,0,17,1,-41.0,65.0,72.2,49,0,2.3,52.0,,27,0
2041.5,16:54:40,6750875669,1087386931,4807556,10530,4864743,0,172,0,17,1,-42.0,65.0,72.2,49,0,2.0,51.0,,26,0
2042.5,16:54:41,6755537495,1087400659,4661826,13728,4867782,0,172,0,17,1,-40.0,65.0,72.2,45,0,2.3,51.0,,28,0
2043.5,16:54:42,6760450897,1087411063,4913402,10404,4870985,0,172,0,17,1,-41.0,72.2,72.2,46,0,2.3,50.0,,27,0
2044.5,16:54:43,6765483951,1087422361,5033054,11298,4874266,0,172,0,17,1,-41.0,72.2,72.2,46,0,2.1,50.0,,26,0
2045.6,16:54:44,6770489393,1087432903,5005442,10542,4877529,0,172,0,17,1,-41.0,72.2,72.2,46,0,2.8,50.0,,27,0
2046.6,16:54:45,6775171161,1087442581,4681768,9678,4880581,0,172,0,17,1,-39.0,72.2,72.2,60,0,2.4,50.0,,26,0
2047.6,16:54:46,6780468063,1087454365,5296902,11784,4884034,0,172,0,17,1,-40.0,72.2,72.2,50,0,2.1,50.0,,27,0
2048.6,16:54:47,6785197385,1087465015,4729322,10650,4887117,0,172,0,17,1,-39.0,72.2,72.2,63,0,2.1,50.0,,27,0
2049.6,16:54:48,6789782511,1087474681,4585126,9666,4890106,0,172,0,17,1,-39.0,72.2,72.2,57,0,2.5,51.0,,26,0
2050.6,16:54:49,6794810963,1087486111,5028452,11430,4893384,0,172,0,17,1,-41.0,72.2,72.2,53,0,2.3,50.0,,27,0
2051.6,16:54:50,6799805667,1087496893,4994704,10782,4896640,0,172,0,17,1,-40.0,72.2,72.2,50,0,2.1,51.0,,26,0
2052.6,16:54:51,6804272321,1087510697,4466654,13804,4899563,0,172,0,17,1,-41.0,65.0,72.2,69,0,2.1,50.0,,27,0
2053.6,16:54:52,6809177141,1087521497,4904820,10800,4902761,0,172,0,17,1,-41.0,72.2,72.2,50,0,2.4,51.0,,26,0
2054.7,16:54:53,6814481713,1087533227,5304572,11730,4906219,0,172,0,17,1,-40.0,72.2,72.2,54,0,2.4,50.0,,26,0
2055.7,16:54:54,6819646691,1087544729,5164978,11502,4909586,0,172,0,17,1,-40.0,72.2,72.2,49,0,2.1,50.0,,27,0
2056.7,16:54:55,6824498733,1087554773,4852042,10044,4912788,0,172,0,17,1,-40.0,72.2,72.2,47,0,2.1,50.0,,26,0
2057.7,16:54:56,6829333901,1087565165,4835168,10392,4915901,0,172,0,17,1,-41.0,72.2,72.2,56,0,2.1,50.0,,27,0
2058.7,16:54:57,6834475869,1087576109,5141968,10944,4919297,0,172,0,17,1,-42.0,65.0,72.2,45,0,2.1,50.0,,26,0
2059.7,16:54:58,6839156103,1087586153,4680234,10044,4922304,0,172,0,17,1,-40.0,58.5,72.2,63,0,2.4,50.0,,26,0
2060.7,16:54:59,6843848609,1087596491,4692506,10338,4925363,0,172,0,17,1,-41.0,65.0,72.2,47,0,2.3,50.0,,27,0
2061.7,16:55:00,6848803429,1087606373,4954820,9882,4928593,0,172,0,17,1,-40.0,72.2,72.2,55,0,2.1,49.0,,27,0
2062.8,16:55:01,6852839383,1087617563,4035954,11190,4931224,0,172,0,17,1,-40.0,65.0,72.2,71,0,2.5,50.0,,26,0
2063.8,16:55:02,6857827951,1087629119,4988568,11556,4934476,0,172,0,17,1,-39.0,65.0,72.2,56,0,1.8,50.0,,26,0
2064.8,16:55:03,6862498981,1087638863,4671030,9744,4937521,0,172,0,17,1,-41.0,65.0,72.2,52,0,2.3,50.0,,27,0
2065.8,16:55:04,6867292731,1087648907,4793750,10044,4940646,0,172,0,17,1,-41.0,72.2,72.2,51,0,2.3,50.0,,26,0
2066.8,16:55:05,6872345727,1087659599,5052996,10692,4943940,0,172,0,17,1,-41.0,72.2,72.2,46,0,2.0,49.0,,27,0
2067.8,16:55:06,6877276625,1087670291,4930898,10692,4947155,0,172,0,17,1,-42.0,72.2,72.2,55,0,2.1,50.0,,26,0
2068.8,16:55:07,6882219173,1087681967,4942548,11676,4950377,0,172,0,17,1,-40.0,72.2,72.2,62,0,2.0,51.0,,26,0
2069.8,16:55:08,6887112633,1087692725,4893460,10758,4953567,0,172,0,17,1,-41.0,65.0,72.2,62,0,2.0,50.0,,26,0
2070.8,16:55:09,6891986151,1087702877,4873518,10152,4956744,0,172,0,17,1,-42.0,72.2,72.2,57,0,2.1,50.0,,27,0
2071.9,16:55:10,6896743085,1087713365,4756934,10488,4959888,0,172,0,17,1,-42.0,72.2,72.2,63,0,2.5,50.0,,26,0
2072.9,16:55:12,6901799149,1087725107,5056064,11742,4963141,0,172,0,17,1,-41.0,72.2,72.2,57,0,2.3,50.0,,25,0
2073.9,16:55:13,6906221671,1087736447,4422522,11340,4966024,0,172,0,17,1,-42.0,65.0,72.2,55,0,2.1,49.0,,25,0
2074.9,16:55:14,6910980139,1087747085,4758468,10638,4969126,0,172,0,17,1,-39.0,65.0,72.2,57,0,2.3,50.0,,26,0
2075.9,16:55:15,6916085291,1087758167,5105152,11082,4972454,0,172,0,17,1,-40.0,72.2,72.2,53,0,2.0,49.0,,26,0
2076.9,16:55:16,6921256115,1087772345,5170824,14178,4975826,0,172,0,17,1,-41.0,72.2,72.2,43,0,2.4,49.0,,26,0
2077.9,16:55:17,6926235479,1087782983,4979364,10638,4979072,0,172,0,17,1,-41.0,65.0,72.2,46,0,2.1,49.0,,26,0
2078.9,16:55:18,6931122803,1087793591,4887324,10608,4982258,0,172,0,17,1,-44.0,65.0,72.2,52,0,2.6,50.0,,25,0
2080.0,16:55:19,6935845989,1087803929,4723186,10338,4985337,0,172,0,17,1,-43.0,65.0,72.2,52,0,5.9,49.0,,26,0
2081.0,16:55:20,6940582981,1087814513,4736992,10584,4988425,0,172,0,17,1,-40.0,65.0,72.2,60,0,4.4,50.0,,27,0
2082.0,16:55:21,6945426441,1087825229,4843460,10716,4991583,0,172,0,17,1,-42.0,72.2,72.2,46,0,1.6,50.0,,26,0
2083.0,16:55:22,6950330285,1087837413,4903844,12184,4994791,0,172,0,17,1,-41.0,72.2,72.2,56,0,1.9,49.0,,25,0
2084.0,16:55:23,6954728263,1087850061,4397978,12648,4997658,0,172,0,17,1,-41.0,72.2,72.2,53,0,1.5,49.0,,26,0
2085.0,16:55:24,6960364179,1087863237,5635916,13176,5001332,0,172,0,17,1,-42.0,72.2,72.2,55,0,1.9,49.0,,26,0
2086.0,16:55:25,6965249969,1087873683,4885790,10446,5004517,0,172,0,17,1,-39.0,72.2,72.2,55,0,2.4,50.0,,25,0
2087.0,16:55:26,6970011505,1087885023,4761536,11340,5007621,0,172,0,17,1,-42.0,72.2,72.2,66,0,1.6,49.0,,26,0
2088.1,16:55:27,6974954053,1087895823,4942548,10800,5010843,0,172,0,17,1,-42.0,72.2,72.2,60,0,1.8,48.0,,26,0
2089.1,16:55:28,6980071477,1087906677,5117424,10854,5014179,0,172,0,17,1,-40.0,65.0,72.2,62,0,2.0,48.0,,25,0
2090.1,16:55:29,6984931189,1087916895,4859712,10218,5017347,0,172,0,17,1,-41.0,65.0,72.2,42,0,1.9,49.0,,26,0
2091.1,16:55:30,6989560801,1087926303,4629612,9408,5020365,0,172,0,17,1,-41.0,72.2,72.2,59,0,2.8,49.0,,25,0
2092.1,16:55:31,6994885315,1087937049,5324514,10746,5023836,0,172,0,17,1,-40.0,65.0,72.2,48,0,4.9,49.0,,25,0
2093.1,16:55:32,6999649919,1087947267,4764604,10218,5026942,0,172,0,17,1,-39.0,72.2,72.2,61,0,3.6,52.0,,26,0
2094.1,16:55:33,7004221239,1087961061,4571320,13794,5029922,0,172,0,17,1,-41.0,65.0,72.2,59,0,1.9,50.0,,27,0
2095.1,16:55:34,7009246623,1087972293,5025384,11232,5033198,0,172,0,17,1,-41.0,72.2,72.2,53,0,3.9,49.0,,25,0
2096.1,16:55:35,7014040373,1087982727,4793750,10434,5036323,0,172,0,17,1,-39.0,72.2,72.2,64,0,3.1,50.0,,25,0
2097.2,16:55:36,7019099505,1087994187,5059132,11460,5039621,0,172,0,17,1,-41.0,65.0,72.2,48,0,2.0,52.0,,26,0
2098.2,16:55:37,7024108015,1088005905,5008510,11718,5042886,0,172,0,17,1,-40.0,72.2,72.2,71,0,3.3,49.0,,26,0
2099.2,16:55:38,7029230041,1088017203,5122026,11298,5046225,0,172,0,17,1,-40.0,72.2,72.2,59,0,4.5,49.0,,25,0
2100.2,16:55:39,7034290707,1088028891,5060666,11688,5049524,0,172,0,17,1,-41.0,65.0,72.2,67,0,2.8,49.0,,26,0
2101.2,16:55:40,7039541589,1088040621,5250882,11730,5052947,0,172,0,17,1,-41.0,72.2,72.2,47,0,3.5,50.0,,26,0
2102.2,16:55:41,7044618291,1088056411,5076702,15790,5056260,0,172,0,17,1,-40.0,72.2,72.2,60,0,4.0,50.0,,26,0
2103.2,16:55:42,7049339943,1088068335,4721652,11924,5059338,0,172,0,17,1,-40.0,72.2,72.2,64,0,2.3,50.0,,26,0
2104.2,16:55:43,7053667357,1088082911,4327414,14576,5062159,0,172,0,17,1,-41.0,72.2,72.2,62,0,3.4,49.0,,26,0
2105.2,16:55:44,7059195893,1088095973,5528536,13062,5065763,0,172,0,17,1,-41.0,72.2,72.2,58,0,3.1,50.0,,27,0
2106.3,16:55:45,7064039353,1088108077,4843460,12104,5068921,0,172,0,17,1,-40.0,65.0,72.2,55,0,2.8,49.0,,27,0
2107.3,16:55:46,7068832191,1088120347,4792838,12270,5072046,0,172,0,17,1,-41.0,65.0,72.2,69,0,3.1,50.0,,26,0
2108.3,16:55:47,7073632900,1088130445,4800709,10098,5075177,0,172,0,17,1,-40.0,65.0,72.2,53,0,5.5,56.0,,27,0
2109.3,16:55:48,7078655216,1088142307,5022316,11862,5078451,0,172,0,17,1,-41.0,72.2,72.2,61,0,20.1,50.0,,26,0
2110.3,16:55:49,7083591849,1088154349,4936633,12042,5081670,0,172,0,17,1,-39.0,72.2,72.2,66,0,2.9,50.0,,27,0
2111.3,16:55:50,7088608315,1088165759,5016466,11410,5084941,0,172,0,17,1,-40.0,65.0,72.2,54,0,2.3,49.0,,27,0
2112.3,16:55:51,7093533077,1088176679,4924762,10920,5088152,0,172,0,17,1,-42.0,72.2,72.2,58,0,2.3,49.0,,26,0
2113.3,16:55:52,7098151716,1088187812,4618639,11133,5091175,0,172,0,17,1,-41.0,72.2,72.2,58,0,9.6,50.0,,27,0
2114.3,16:55:53,7102387090,1088200634,4235374,12822,5093936,0,172,0,17,1,-41.0,72.2,72.2,62,0,5.6,50.0,,27,0
2115.4,16:55:54,7107140956,1088211122,4753866,10488,5097035,0,172,0,17,1,-40.0,72.2,72.2,54,0,5.9,52.0,,27,0
2116.4,16:55:55,7112149466,1088221988,5008510,10866,5100300,0,172,0,17,1,-41.0,72.2,72.2,65,0,3.5,50.0,,26,0
2117.4,16:55:56,7117162578,1088233580,5013112,11592,5103568,0,172,0,17,1,-41.0,65.0,72.2,60,0,2.0,51.0,,27,0
2118.4,16:55:57,7121775316,1088243960,4612738,10380,5106575,0,172,0,17,1,-42.0,72.2,72.2,57,0,6.9,50.0,,26,0
2119.4,16:55:58,7126747632,1088255678,4972316,11718,5109817,0,172,0,17,1,-42.0,52.0,72.2,70,0,2.4,50.0,,27,0
2120.4,16:55:59,7131541382,1088266652,4793750,10974,5112942,0,172,0,17,1,-41.0,65.0,72.2,54,0,2.0,50.0,,26,0
2121.4,16:56:00,7136615854,1088278028,5074472,11376,5116250,0,172,0,17,1,-42.0,65.0,135.0,52,0,5.3,50.0,,27,0
2122.4,16:56:01,7141885144,1088289530,5269290,11502,5119685,0,172,0,17,1,-40.0,72.2,72.2,46,0,8.2,50.0,,26,0
2123.4,16:56:02,7146571514,1088299598,4686370,10068,5122740,0,172,0,17,1,-42.0,72.2,72.2,51,0,2.9,49.0,,27,0
2124.5,16:56:03,7150921938,1088316890,4350424,17292,5125576,0,172,0,17,1,-41.0,72.2,72.2,58,0,3.9,50.0,,27,0
2125.5,16:56:04,7155453374,1088329006,4531436,12116,5128530,0,172,0,17,1,-42.0,65.0,72.2,71,0,3.0,49.0,,27,0
2126.5,16:56:05,7160615284,1088341110,5161910,12104,5131895,0,172,0,17,1,-42.0,72.2,72.2,53,0,3.1,49.0,,26,0
2127.5,16:56:06,7165744980,1088352390,5129696,11280,5135239,0,172,0,17,1,-41.0,72.2,72.2,58,0,6.0,52.0,,26,0
2128.5,16:56:07,7170483018,1088364458,4738038,12068,5138330,0,172,0,17,1,-39.0,65.0,72.2,54,0,3.5,49.0,,26,0
2129.5,16:56:08,7175413294,1088375564,4930276,11106,5141544,0,172,0,17,1,-41.0,65.0,72.2,55,0,2.1,50.0,,27,0
2130.5,16:56:09,7180055178,1088385770,4641884,10206,5144570,0,172,0,17,1,-41.0,58.5,72.2,51,0,13.0,55.0,,26,0
2131.5,16:56:10,7184716714,1088396156,4661536,10386,5147610,0,172,0,17,1,-41.0,72.2,72.2,64,0,13.6,55.0,,27,0
2132.5,16:56:11,7189505862,1088406644,4789148,10488,5150732,0,172,0,17,1,-41.0,72.2,72.2,66,0,13.9,56.0,,29,0
2133.6,16:56:12,7194353302,1088416862,4847440,10218,5153892,0,172,0,17,1,-41.0,65.0,72.2,52,0,14.6,57.0,,30,0
2134.6,16:56:13,7198659240,1088429552,4305938,12690,5156699,0,172,0,17,1,-41.0,72.2,72.2,72,0,14.0,57.0,,31,0
2135.6,16:56:14,7203785868,1088440586,5126628,11034,5160041,0,172,0,17,1,-40.0,72.2,72.2,53,0,13.9,57.0,,33,0
2136.6,16:56:15,7208875680,1088451494,5089812,10908,5163359,0,172,0,17,1,-41.0,72.2,72.2,53,0,13.8,56.0,,34,0
2137.6,16:56:16,7213748286,1088461754,4872606,10260,5166536,0,172,0,17,1,-41.0,72.2,72.2,52,0,14.4,58.0,,34,0
2138.6,16:56:17,7218604930,1088472338,4856644,10584,5169702,0,172,0,17,1,-42.0,72.2,72.2,49,0,14.0,62.0,,34,0
2139.6,16:56:18,7223558216,1088483660,4953286,11322,5172931,0,172,0,17,1,-42.0,72.2,72.2,59,0,13.9,62.0,,35,0
2140.6,16:56:19,7228749894,1088495324,5191678,11664,5176316,0,172,0,17,1,-40.0,72.2,72.2,52,0,6.5,52.0,,37,0
2141.6,16:56:20,7233815162,1088506364,5065268,11040,5179618,0,172,0,17,1,-40.0,72.2,72.2,56,0,2.4,52.0,,36,0
2142.6,16:56:21,7238435570,1088516864,4620408,10500,5182630,0,172,0,17,1,-41.0,65.0,72.2,61,0,2.1,52.0,,35,0
2143.6,16:56:22,7243534232,1088528652,5098662,11788,5185965,0,172,0,17,1,-41.0,72.2,72.2,45,0,2.9,52.0,,34,0
2144.6,16:56:23,7247823296,1088541096,4289064,12444,5188761,0,172,0,17,1,-44.0,72.2,72.2,68,0,2.3,52.0,,32,0
2145.7,16:56:24,7253014352,1088552544,5191056,11448,5192145,0,172,0,17,1,-41.0,65.0,72.2,53,0,8.0,52.0,,31,0
2146.7,16:56:25,7257941560,1088563398,4927208,10854,5195357,0,172,0,17,1,-41.0,72.2,72.2,56,0,4.1,51.0,,29,0
2147.7,16:56:26,7263054382,1088575344,5112822,11946,5198690,0,172,0,17,1,-40.0,72.2,72.2,72,0,4.8,51.0,,28,0
2148.7,16:56:27,7267897220,1088585466,4842838,10122,5201847,0,172,0,17,1,-41.0,65.0,72.2,52,0,2.9,51.0,,28,0
2149.7,16:56:28,7273043790,1088597058,5146570,11592,5205202,0,172,0,17,1,-41.0,72.2,72.2,63,0,2.9,51.0,,28,0
2150.7,16:56:29,7277943386,1088608002,4899596,10944,5208396,0,172,0,17,1,-41.0,72.2,72.2,71,0,3.0,51.0,,27,0
2151.7,16:56:30,7283140578,1088618478,5197192,10476,5211784,0,172,0,17,1,-41.0,72.2,72.2,44,0,7.0,50.0,,27,0
2152.8,16:56:31,7288113806,1088629272,4973228,10794,5215026,0,172,0,17,1,-41.0,57.8,72.2,56,0,6.1,52.0,,28,0
2153.8,16:56:32,7292767962,1088638950,4654156,9678,5218060,0,172,0,17,1,-40.0,65.0,72.2,57,0,6.9,51.0,,27,0
2154.8,16:56:33,7297245708,1088651424,4477746,12474,5220979,0,172,0,17,1,-41.0,72.2,72.2,57,0,2.4,51.0,,28,0
2155.8,16:56:34,7302226606,1088662722,4980898,11298,5224226,0,172,0,17,1,-40.0,72.2,72.2,57,0,5.4,54.0,,29,0
2156.8,16:56:35,7307333914,1088674662,5107308,11940,5227556,0,172,0,17,1,-41.0,72.2,72.2,46,0,4.7,52.0,,28,0
2157.8,16:56:36,7312179820,1088685678,4845906,11016,5230715,0,172,0,17,1,-40.0,72.2,72.2,51,0,5.4,52.0,,29,0
2158.8,16:56:37,7316749606,1088696316,4569786,10638,5233694,0,172,0,17,1,-41.0,72.2,72.2,59,0,8.9,51.0,,28,0
2159.8,16:56:38,7321945264,1088707506,5195658,11190,5237081,0,172,0,17,1,-41.0,72.2,72.2,56,0,9.6,52.0,,28,0
2160.8,16:56:39,7327441586,1088719332,5496322,11826,5240664,0,172,0,17,1,-39.0,72.2,72.2,48,0,6.6,52.0,,28,0
2161.8,16:56:40,7332810586,1088731482,5369000,12150,5244164,0,172,0,17,1,-40.0,72.2,72.2,55,0,2.5,51.0,,29,0
2162.9,16:56:41,7338132032,1088742390,5321446,10908,5247633,0,172,0,17,1,-41.0,65.0,72.2,41,0,2.3,51.0,,28,0
2163.9,16:56:42,7343059240,1088753298,4927208,10908,5250845,0,172,0,17,1,-41.0,72.2,72.2,63,0,1.9,51.0,,28,0
2164.9,16:56:44,7347549258,1088764944,4490018,11646,5253776,0,172,0,17,1,-41.0,72.2,72.2,71,0,2.0,51.0,,27,0
2165.9,16:56:45,7352456524,1088777634,4907266,12690,5256971,0,172,0,17,1,-41.0,72.2,72.2,50,0,24.6,51.0,,27,0
2166.9,16:56:46,7357653426,1088787570,5196902,9936,5260360,0,172,0,17,1,-39.0,65.0,72.2,46,0,5.6,58.0,,28,0
2167.9,16:56:47,7362689548,1088798598,5036122,11028,5263643,0,172,0,17,1,-40.0,72.2,72.2,48,0,4.0,51.0,,29,0
2168.9,16:56:48,7367767088,1088809182,5077540,10584,5266953,0,172,0,17,1,-41.0,72.2,72.2,40,0,2.4,51.0,,28,0
2169.9,16:56:49,7372864570,1088820252,5097482,11070,5270276,0,172,0,17,1,-40.0,72.2,72.2,45,0,3.0,51.0,,27,0
2170.9,16:56:50,7377754962,1088830350,4890392,10098,5273464,0,172,0,17,1,-39.0,65.0,72.2,53,0,3.9,50.0,,27,0
2172.0,16:56:51,7382715918,1088840448,4960956,10098,5276698,0,172,0,17,1,-40.0,72.2,72.2,49,0,2.4,50.0,,27,0
2173.0,16:56:52,7387979072,1088851572,5263154,11124,5280129,0,172,0,17,1,-40.0,65.0,72.2,51,0,2.1,51.0,,27,0
2174.0,16:56:53,7392991240,1088862212,5012168,10640,5283402,0,172,0,17,1,-42.0,72.2,72.2,56,0,1.9,51.0,,27,0
2175.0,16:56:54,7397992670,1088873662,5001430,11450,5286668,0,172,0,17,1,-41.0,72.2,72.2,66,0,2.0,49.0,,27,0
2176.0,16:56:55,7402482688,1088886514,4490018,12852,5289595,0,172,0,17,1,-41.0,72.2,72.2,70,0,3.1,51.0,,27,0
2177.0,16:56:56,7407383818,1088897164,4901130,10650,5292790,0,172,0,17,1,-41.0,65.0,72.2,63,0,2.8,50.0,,26,0
2178.0,16:56:57,7412206714,1088907802,4822896,10638,5295934,0,172,0,17,1,-40.0,72.2,72.2,61,0,1.6,50.0,,27,0
2179.0,16:56:58,7416854734,1088918170,4648020,10368,5298964,0,172,0,17,1,-41.0,72.2,72.2,56,0,1.9,50.0,,26,0
2180.1,16:56:59,7421836254,1088929564,4981520,11394,5302212,0,172,0,17,1,-41.0,72.2,72.2,62,0,1.8,50.0,,27,0
2181.1,16:57:00,7426755792,1088940214,4919538,10650,5305419,0,172,0,17,1,-41.0,72.2,72.2,57,0,2.6,50.0,,27,0
2182.1,16:57:01,7431963722,1088951068,5207930,10854,5308814,0,172,0,17,1,-40.0,72.2,65.0,49,0,1.9,50.0,,26,0
2183.1,16:57:02,7436593334,1088961598,4629612,10530,5311832,0,172,0,17,1,-42.0,65.0,72.2,75,0,1.8,50.0,,27,0
2184.1,16:57:03,7441706156,1088973208,5112822,11610,5315165,0,172,0,17,1,-41.0,72.2,72.2,60,0,1.9,50.0,,27,0
2185.1,16:57:04,7447144808,1088984992,5438652,11784,5318711,0,172,0,17,1,-41.0,72.2,72.2,42,0,1.9,50.0,,26,0
2186.1,16:57:05,7451593408,1088997682,4448600,12690,5321611,0,172,0,17,1,-42.0,72.2,72.2,63,0,2.0,50.0,,26,0
2187.1,16:57:06,7456851960,1089009184,5258552,11502,5325039,0,172,0,17,1,-41.0,72.2,72.2,56,0,1.6,50.0,,27,0
2188.2,16:57:07,7461509184,1089019876,4657224,10692,5328075,0,172,0,17,1,-41.0,72.2,72.2,63,0,1.9,49.0,,26,0
2189.2,16:57:08,7466430256,1089030472,4921072,10596,5331327,0,172,0,17,1,-41.0,72.2,72.2,45,0,3.8,49.0,,26,0
2190.2,16:57:09,7470944818,1089040786,4514562,10314,5334226,0,172,0,17,1,-41.0,65.0,72.2,58,0,2.1,50.0,,26,0
2191.2,16:57:10,7475639480,1089050722,4694662,9936,5337287,0,172,0,17,1,-40.0,72.2,72.2,53,0,1.9,51.0,,27,0
2192.2,16:57:11,7480844342,1089061252,5204862,10530,5340680,0,172,0,17,1,-40.0,65.0,72.2,55,0,1.9,50.0,,26,0
2193.2,16:57:12,7486316120,1089072592,5471778,11340,5344247,0,172,0,17,1,-41.0,72.2,72.2,37,0,1.9,50.0,,26,0
2194.2,16:57:13,7491468826,1089083446,5152706,10854,5347606,0,172,0,17,1,-41.0,72.2,72.2,51,0,1.8,50.0,,27,0
2195.2,16:57:14,7496825554,1089095392,5356728,11946,5351098,0,172,0,17,1,-42.0,72.2,72.2,49,0,1.8,50.0,,26,0
2196.2,16:57:15,7501449030,1089108904,4623476,13512,5354112,0,172,0,17,1,-42.0,72.2,72.2,72,0,2.3,49.0,,25,0
2197.3,16:57:16,7506517366,1089119920,5068336,11016,5357416,0,172,0,17,1,-42.0,72.2,72.2,58,0,1.8,49.0,,26,0
2198.3,16:57:17,7511150046,1089131290,4632680,11370,5360436,0,172,0,17,1,-41.0,65.0,150.0,63,0,1.6,49.0,,27,0
2199.3,16:57:18,7516075720,1089143356,4925674,12066,5363647,0,172,0,17,1,-41.0,65.0,72.2,51,0,1.8,49.0,,26,0
2200.3,16:57:19,7520760556,1089153184,4684836,9828,5366701,0,172,0,17,1,-40.0,72.2,72.2,51,0,2.3,51.0,,27,0
2201.3,16:57:20,7525644812,1089163606,4884256,10422,5369885,0,172,0,17,1,-40.0,65.0,72.2,54,0,1.9,50.0,,26,0
2202.3,16:57:21,7530095568,1089174862,4450756,11256,5372787,0,172,0,17,1,-41.0,65.0,72.2,68,0,2.1,50.0,,26,0
2203.3,16:57:22,7535223730,1089185770,5128162,10908,5376130,0,172,0,17,1,-42.0,65.0,72.2,54,0,1.6,49.0,,25,0
2204.3,16:57:23,7540395434,1089197046,5171704,11276,5379507,0,172,0,17,1,-41.0,72.2,72.2,51,0,2.0,49.0,,26,0
2205.4,16:57:24,7545248066,1089207890,4852632,10844,5382676,0,172,0,17,1,-40.0,72.2,72.2,60,0,1.8,49.0,,27,0
2206.4,16:57:25,7549320836,1089220472,4072770,12582,5385331,0,172,0,17,1,-42.0,65.0,72.2,61,0,2.0,49.0,,26,0
2207.4,16:57:26,7554508824,1089231674,5187988,11202,5388713,0,172,0,17,1,-42.0,65.0,72.2,51,0,1.8,50.0,,25,0
2208.4,16:57:27,7559301040,1089242042,4792216,10368,5391837,0,172,0,17,1,-42.0,72.2,72.2,53,0,1.9,50.0,,26,0
2209.4,16:57:28,7564068712,1089252572,4767672,10530,5394945,0,172,0,17,1,-41.0,65.0,72.2,53,0,1.8,50.0,,27,0
2210.4,16:57:29,7568710596,1089262304,4641884,9732,5397971,0,172,0,17,1,-41.0,65.0,72.2,49,0,1.9,50.0,,26,0
2211.4,16:57:30,7573564172,1089273158,4853576,10854,5401135,0,172,0,17,1,-41.0,72.2,72.2,61,0,1.6,50.0,,27,0
2212.4,16:57:31,7578678528,1089284822,5114356,11664,5404469,0,172,0,17,1,-41.0,72.2,72.2,58,0,1.9,50.0,,27,0
2213.5,16:57:32,7583217634,1089294704,4539106,9882,5407428,0,172,0,17,1,-42.0,72.2,72.2,64,0,1.9,50.0,,26,0
2214.5,16:57:33,7588683276,1089306260,5465642,11556,5410991,0,172,0,17,1,-48.0,72.2,72.2,43,0,1.8,51.0,,26,0
2215.5,16:57:34,7593851322,1089317978,5168046,11718,5414362,0,172,0,17,1,-46.0,65.0,72.2,56,0,1.6,49.0,,27,0
2216.5,16:57:35,7598484002,1089331544,4632680,13566,5417380,0,172,0,17,1,-42.0,65.0,72.2,54,0,2.1,50.0,,26,0
2217.5,16:57:36,7603108100,1089341708,4624098,10164,5420395,0,172,0,17,1,-40.0,58.5,72.2,53,0,1.6,50.0,,26,0
2218.5,16:57:37,7607702430,1089352616,4594330,10908,5423390,0,172,0,17,1,-41.0,72.2,72.2,75,0,1.8,50.0,,26,0
2219.5,16:57:38,7612884282,1089364064,5181852,11448,5426768,0,172,0,17,1,-40.0,72.2,72.2,66,0,1.9,50.0,,27,0
2220.5,16:57:39,7617352824,1089373892,4468542,9828,5429681,0,172,0,17,1,-40.0,72.2,72.2,77,0,2.1,50.0,,27,0
2221.5,16:57:40,7622076010,1089384260,4723186,10368,5432760,0,172,0,17,1,-39.0,65.0,72.2,65,0,1.9,50.0,,26,0
2222.6,16:57:41,7626532280,1089394898,4456270,10638,5435665,0,172,0,17,1,-39.0,65.0,72.2,65,0,2.0,50.0,,26,0
2223.6,16:57:42,7631089794,1089404294,4557514,9396,5438636,0,172,0,17,1,-41.0,72.2,72.2,60,0,1.6,50.0,,26,0
2224.6,16:57:43,7635600376,1089414284,4510582,9990,5441577,0,172,0,17,1,-40.0,65.0,72.2,72,0,2.0,50.0,,27,0
2225.6,16:57:44,7640147152,1089424340,4546776,10056,5444541,0,172,0,17,1,-40.0,65.0,72.2,64,0,2.1,49.0,,26,0
2226.6,16:57:45,7644535926,1089436490,4388774,12150,5447402,0,172,0,17,1,-40.0,65.0,72.2,75,0,2.0,50.0,,26,0
2227.6,16:57:46,7649398706,1089446534,4862780,10044,5450572,0,172,0,17,1,-41.0,72.2,72.2,54,0,1.6,50.0,,26,0
2228.6,16:57:47,7654292166,1089457604,4893460,11070,5453762,0,172,0,17,1,-41.0,65.0,72.2,72,0,2.0,50.0,,25,0
2229.6,16:57:48,7659128868,1089469268,4836702,11664,5456915,0,172,0,17,1,-41.0,72.2,72.2,84,0,7.0,50.0,,26,0
2230.7,16:57:49,7663767684,1089479582,4638816,10314,5459939,0,172,0,17,1,-39.0,65.0,72.2,65,0,2.0,50.0,,26,0
2231.7,16:57:50,7668515414,1089489950,4747730,10368,5463034,0,172,0,17,1,-41.0,72.2,72.2,67,0,1.9,49.0,,25,0
2232.7,16:57:51,7673602158,1089500912,5086744,10962,5466350,0,172,0,17,1,-40.0,72.2,72.2,62,0,1.8,49.0,,26,0
2233.7,16:57:52,7678371364,1089511874,4769206,10962,5469459,0,172,0,17,1,-41.0,72.2,72.2,55,0,2.4,48.0,,25,0
2234.7,16:57:53,7683144228,1089522556,4772864,10682,5472576,0,172,0,17,1,-40.0,65.0,72.2,52,0,2.0,50.0,,26,0
2235.7,16:57:54,7688139170,1089534154,4994942,11598,5475841,0,172,0,17,1,-39.0,72.2,72.2,51,0,1.8,50.0,,25,0
2236.7,16:57:55,7692449710,1089546544,4310540,12390,5478651,0,172,0,17,1,-40.0,65.0,72.2,68,0,2.0,50.0,,26,0
2237.7,16:57:56,7697591678,1089557074,5141968,10530,5482003,0,172,0,17,1,-39.0,72.2,72.2,43,0,2.0,50.0,,27,0
2238.7,16:57:57,7702902386,1089568330,5310708,11256,5485465,0,172,0,17,1,-39.0,65.0,72.2,46,0,2.0,50.0,,26,0
2239.8,16:57:58,7707702272,1089578212,4799886,9882,5488594,0,172,0,17,1,-40.0,65.0,72.2,56,0,2.1,49.0,,27,0
2240.8,16:57:59,7713118826,1089589822,5416554,11610,5492125,0,172,0,17,1,-39.0,72.2,72.2,41,0,2.0,50.0,,26,0
2241.8,16:58:00,7717828206,1089600082,4709380,10260,5495195,0,172,0,17,1,-40.0,72.2,72.2,76,0,2.1,50.0,,27,0
2242.8,16:58:01,7723076020,1089611338,5247814,11256,5498616,0,172,0,17,1,-40.0,72.2,72.2,58,0,1.9,50.0,,26,0
2243.8,16:58:02,7727832954,1089621112,4756934,9774,5501717,0,172,0,17,1,-39.0,65.0,72.2,59,0,1.9,50.0,,27,0
2244.8,16:58:03,7732841464,1089631588,5008510,10476,5504982,0,172,0,17,1,-39.0,72.2,72.2,47,0,2.0,49.0,,26,0
2245.8,16:58:04,7737448066,1089641902,4606602,10314,5507985,0,172,0,17,1,-40.0,65.0,72.2,71,0,1.9,49.0,,26,0
2246.8,16:58:05,7741654990,1089653146,4206924,11244,5510729,0,172,0,17,1,-39.0,65.0,72.2,69,0,1.6,49.0,,25,0
2247.9,16:58:06,7746337380,1089663688,4682390,10542,5513782,0,172,0,17,1,-41.0,65.0,72.2,67,0,1.9,49.0,,26,0
2248.9,16:58:07,7750675532,1089673570,4338152,9882,5516650,0,172,0,17,1,-40.0,65.0,72.2,78,0,1.9,49.0,,25,0
2249.9,16:58:09,7755424796,1089683236,4749264,9666,5519706,0,172,0,17,1,-41.0,65.0,72.2,63,0,2.0,49.0,,26,0
2250.9,16:58:10,7760025262,1089693574,4600466,10338,5522705,0,172,0,17,1,-40.0,72.2,72.2,66,0,1.9,48.0,,25,0
2251.9,16:58:11,7765042064,1089704590,5016802,11016,5525976,0,172,0,17,1,-39.0,72.2,72.2,59,0,2.0,50.0,,26,0
2252.9,16:58:12,7770159488,1089715120,5117424,10530,5529312,0,172,0,17,1,-39.0,65.0,72.2,46,0,2.1,48.0,,25,0
2253.9,16:58:13,7775066754,1089726244,4907266,11124,5532511,0,172,0,17,1,-40.0,72.2,72.2,55,0,1.9,48.0,,26,0
2254.9,16:58:14,7779881980,1089736450,4815226,10206,5535650,0,172,0,17,1,-40.0,65.0,72.2,59,0,1.9,49.0,,25,0
2256.0,16:58:15,7784744760,1089746818,4862780,10368,5538820,0,172,0,17,1,-39.0,72.2,72.2,59,0,2.0,50.0,,26,0
2257.0,16:58:16,7789320682,1089756592,4575922,9774,5541803,0,172,0,17,1,-39.0,57.8,72.2,68,0,1.9,49.0,,25,0
2258.0,16:58:17,7793797145,1089768720,4476463,12128,5544766,0,172,0,17,1,-39.0,65.0,72.2,55,0,2.1,48.0,,26,0
2259.0,16:58:18,7799002007,1089779316,5204862,10596,5548115,0,172,0,17,1,-40.0,72.2,72.2,45,0,2.1,49.0,,25,0
2260.0,16:58:19,7803951313,1089789090,4949306,9774,5551342,0,172,0,17,1,-39.0,72.2,72.2,45,0,1.5,49.0,,26,0
2261.0,16:58:20,7808835569,1089799794,4884256,10704,5554526,0,172,0,17,1,-39.0,72.2,72.2,59,0,2.5,49.0,,26,0
2262.0,16:58:21,7813572561,1089810108,4736992,10314,5557614,0,172,0,17,1,-39.0,57.8,72.2,59,0,1.9,49.0,,25,0
2263.0,16:58:22,7818015025,1089819936,4442464,9828,5560510,0,172,0,17,1,-40.0,72.2,72.2,55,0,1.6,49.0,,26,0
2264.0,16:58:23,7822783319,1089829926,4768294,9990,5563619,0,172,0,17,1,-38.0,65.0,72.2,54,0,1.5,48.0,,25,0
2265.1,16:58:24,7827851333,1089841052,5068014,11126,5566929,0,172,0,17,1,-38.0,65.0,72.2,47,0,1.9,50.0,,26,0
2266.1,16:58:25,7832865035,1089851950,5013702,10898,5570203,0,172,0,17,1,-38.0,65.0,72.2,48,0,2.1,49.0,,25,0
2267.1,16:58:26,7837459365,1089861940,4594330,9990,5573198,0,172,0,17,1,-39.0,72.2,72.2,62,0,1.8,49.0,,26,0
2268.1,16:58:27,7841772973,1089873874,4313608,11934,5576010,0,172,0,17,1,-40.0,72.2,72.2,54,0,1.6,49.0,,25,0
2269.1,16:58:28,7847011583,1089885700,5238610,11826,5579425,0,172,0,17,1,-40.0,65.0,72.2,48,0,1.6,49.0,,26,0
2270.1,16:58:29,7851869761,1089895906,4858178,10206,5582592,0,172,0,17,1,-39.0,72.2,72.2,63,0,1.6,49.0,,25,0
2271.1,16:58:30,7857335403,1089907030,5465642,11124,5586155,0,172,0,17,1,-38.0,72.2,72.2,43,0,1.5,50.0,,26,0
2272.1,16:58:31,7862439021,1089917722,5103618,10692,5589482,0,172,0,17,1,-41.0,72.2,72.2,51,0,1.8,48.0,,25,0
2273.2,16:58:32,7867398443,1089927616,4959422,9894,5592715,0,172,0,17,1,-40.0,72.2,72.2,51,0,1.8,48.0,,26,0
2274.2,16:58:33,7872775113,1089939820,5376670,12204,5596263,0,172,0,17,1,-39.0,72.2,72.2,51,0,2.0,48.0,,26,0
2275.2,16:58:34,7877774419,1089950296,4999306,10476,5599479,0,172,0,17,1,-38.0,58.5,72.2,62,0,1.6,48.0,,26,0
2276.2,16:58:35,7882763609,1089960826,4989190,10530,5602732,0,172,0,17,1,-41.0,65.0,72.2,67,0,1.8,48.0,,26,0
2277.2,16:58:36,7887011255,1089971680,4247646,10854,5605501,0,172,0,17,1,-40.0,72.2,72.2,70,0,1.8,49.0,,26,0
2278.2,16:58:37,7891389291,1089984262,4378036,12582,5608355,0,172,0,17,1,-39.0,72.2,72.2,70,0,1.8,49.0,,26,0
2279.2,16:58:38,7895940669,1089993550,4551378,9288,5611322,0,172,0,17,1,-40.0,58.5,72.2,70,0,1.8,49.0,,26,0
2280.2,16:58:39,7900277789,1090004490,4337120,10940,5614151,0,172,0,17,1,-39.0,72.2,72.2,73,0,1.6,49.0,,25,0
2281.2,16:58:40,7904486173,1090014708,4208384,10218,5616895,0,172,0,17,1,-38.0,57.8,72.2,80,0,1.6,48.0,,26,0
2282.3,16:58:41,7909069853,1090025184,4583680,10476,5619884,0,172,0,17,1,-39.0,72.2,72.2,67,0,4.1,50.0,,26,0
2283.3,16:58:42,7913909623,1090036644,4839770,11460,5623039,0,172,0,17,1,-40.0,52.0,72.2,66,0,1.8,49.0,,26,0
2284.3,16:58:43,7918654285,1090046364,4744662,9720,5626132,0,172,0,17,1,-39.0,72.2,72.2,69,0,2.3,48.0,,26,0
2285.3,16:58:44,7923319801,1090056894,4665516,10530,5629174,0,172,0,17,1,-40.0,72.2,72.2,65,0,1.5,50.0,,26,0
2286.3,16:58:45,7927568981,1090066992,4249180,10098,5631944,0,172,0,17,1,-40.0,65.0,72.2,64,0,2.3,48.0,,25,0
2287.3,16:58:46,7932244613,1090077210,4675632,10218,5634992,0,172,0,17,1,-38.0,72.2,72.2,62,0,1.9,50.0,,26,0
2288.3,16:58:47,7936774515,1090091142,4529902,13932,5637945,0,172,0,17,1,-40.0,65.0,72.2,63,0,1.6,49.0,,26,0
2289.3,16:58:48,7942373657,1090104168,5599142,13026,5641598,0,172,0,17,1,-39.0,72.2,72.2,53,0,1.8,48.0,,26,0
2290.4,16:58:49,7947512557,1090115508,5138900,11340,5644948,0,172,0,17,1,-39.0,72.2,72.2,60,0,1.9,48.0,,26,0
2291.4,16:58:50,7952591631,1090125984,5079074,10476,5648259,0,172,0,17,1,-39.0,65.0,72.2,52,0,1.8,49.0,,26,0
2292.4,16:58:51,7957546451,1090136538,4954820,10554,5651489,0,172,0,17,1,-38.0,72.2,72.2,51,0,1.9,48.0,,25,0
2293.4,16:58:52,7961942895,1090146960,4396444,10422,5654355,0,172,0,17,1,-38.0,72.2,72.2,57,0,1.6,49.0,,26,0
2294.4,16:58:53,7966945269,1090157382,5002374,10422,5657616,0,172,0,17,1,-38.0,72.2,72.2,53,0,2.0,48.0,,25,0
2295.4,16:58:54,7971686106,1090167930,4740837,10548,5660712,0,172,0,17,1,-40.0,57.8,72.2,62,0,1.9,48.0,,26,0
2296.4,16:58:55,7976747555,1090179313,5061449,11383,5664019,0,172,0,17,1,-38.0,65.0,72.2,56,0,1.8,49.0,,26,0
2297.4,16:58:56,7981424721,1090189681,4677166,10368,5667068,0,172,0,17,1,-39.0,72.2,72.2,65,0,1.9,48.0,,25,0
2298.5,16:58:57,7985989905,1090202491,4565184,12810,5670044,0,172,0,17,1,-38.0,72.2,72.2,66,0,2.6,50.0,,26,0
2299.5,16:58:58,7990743771,1090213219,4753866,10728,5673143,0,172,0,17,1,-37.0,72.2,72.2,59,0,1.8,48.0,,26,0
2300.5,16:58:59,7995695523,1090224073,4951752,10854,5676371,0,172,0,17,1,-38.0,72.2,72.2,65,0,2.0,48.0,,25,0
2301.5,16:59:00,8000865354,1090235553,5169831,11480,5679742,0,172,0,17,1,-47.0,72.2,72.2,59,0,1.9,48.0,,26,0
2302.5,16:59:01,8005800232,1090245945,4934878,10392,5682959,0,172,0,17,1,-40.0,72.2,72.2,62,0,2.0,48.0,,26,0
2303.5,16:59:02,8011033366,1090261167,5233134,15222,5686372,0,172,0,17,1,-41.0,72.2,72.2,49,0,2.0,48.0,,26,0
2304.5,16:59:03,8015712066,1090273187,4678700,12020,5689422,0,172,0,17,1,-41.0,72.2,72.2,56,0,1.6,48.0,,26,0
2305.5,16:59:04,8020375426,1090284901,4663360,11714,5692462,0,172,0,17,1,-41.0,72.2,72.2,67,0,1.9,48.0,,26,0
2306.6,16:59:05,8025015776,1090295563,4640350,10662,5695487,0,172,0,17,1,-41.0,72.2,72.2,63,0,1.8,48.0,,25,0
2307.6,16:59:06,8029791118,1090307493,4775342,11930,5698600,0,172,0,17,1,-40.0,65.0,72.2,56,0,3.6,48.0,,26,0
2308.6,16:59:07,8034351700,1090320423,4560582,12930,5701573,0,172,0,17,1,-39.0,65.0,72.2,48,0,4.0,49.0,,25,0
2309.6,16:59:08,8039435376,1090330521,5083676,10098,5704887,0,172,0,17,1,-40.0,72.2,72.2,49,0,3.1,48.0,,26,0
2310.6,16:59:09,8044709268,1090341735,5273892,11214,5708325,0,172,0,17,1,-40.0,72.2,72.2,53,0,4.4,48.0,,25,0
2311.6,16:59:10,8049915664,1090353021,5206396,11286,5711719,0,172,0,17,1,-40.0,72.2,72.2,50,0,2.9,49.0,,26,0
2312.6,16:59:11,8054471603,1090363521,4555939,10500,5714691,0,172,0,17,1,-39.0,72.2,72.2,62,0,4.1,49.0,,26,0
2313.6,16:59:12,8059610503,1090373859,5138900,10338,5718041,0,172,0,17,1,-40.0,72.2,72.2,47,0,4.8,50.0,,26,0
2314.6,16:59:13,8064430331,1090384767,4819828,10908,5721183,0,172,0,17,1,-38.0,58.5,72.2,53,0,3.9,48.0,,26,0
2315.7,16:59:14,8069032331,1090395213,4602000,10446,5724183,0,172,0,17,1,-40.0,72.2,72.2,52,0,1.6,49.0,,26,0
2316.7,16:59:15,8073930393,1090406523,4898062,11310,5727376,0,172,0,17,1,-39.0,72.2,72.2,68,0,4.4,49.0,,26,0
2317.7,16:59:16,8078948107,1090417119,5017714,10596,5730647,0,172,0,17,1,-40.0,72.2,72.2,54,0,10.7,49.0,,25,0
2318.7,16:59:17,8083194219,1090429047,4246112,11928,5733415,0,172,0,17,1,-40.0,65.0,72.2,56,0,2.6,50.0,,26,0
2319.7,16:59:18,8088172049,1090439439,4977830,10392,5736660,0,172,0,17,1,-40.0,65.0,72.2,44,0,3.4,50.0,,27,0
2320.7,16:59:19,8092979605,1090449915,4807556,10476,5739838,0,172,0,17,1,-40.0,72.2,72.2,49,0,2.5,49.0,,26,0
2321.7,16:59:20,8097718131,1090460661,4738526,10746,5742883,0,172,0,17,1,-40.0,72.2,72.2,71,0,2.3,49.0,,27,0
2322.7,16:59:21,8102288539,1090471137,4570408,10476,5745863,0,172,0,17,1,-39.0,72.2,72.2,74,0,2.2,49.0,,26,0
2323.7,16:59:22,8106971180,1090481873,4682641,10736,5748917,0,172,0,17,1,-40.0,58.5,72.2,70,0,4.9,48.0,,25,0
2324.8,16:59:23,8111287856,1090491899,4316676,10026,5751731,0,172,0,17,1,-40.0,72.2,72.2,70,0,7.0,49.0,,26,0
2325.8,16:59:24,8115972692,1090502561,4684836,10662,5754785,0,172,0,17,1,-40.0,65.0,72.2,67,0,2.1,49.0,,26,0
2326.8,16:59:25,8120588263,1090514258,4615571,11697,5757806,0,172,0,17,1,-40.0,72.2,72.2,71,0,3.5,50.0,,26,0
2327.8,16:59:26,8125062941,1090523690,4474678,9432,5760723,0,172,0,17,1,-41.0,65.0,72.2,55,0,3.9,50.0,,25,0
2328.8,16:59:27,8129190935,1090536380,4127994,12690,5763414,0,172,0,17,1,-40.0,72.2,72.2,63,0,7.3,50.0,,26,0
2329.8,16:59:28,8133880373,1090545668,4689438,9288,5766471,0,172,0,17,1,-40.0,72.2,72.2,59,0,5.5,49.0,,25,0
2330.8,16:59:29,8139034613,1090557668,5154240,12000,5769831,0,172,0,17,1,-41.0,65.0,72.2,50,0,4.8,49.0,,26,0
2331.8,16:59:30,8144093745,1090568666,5059132,10998,5773129,0,172,0,17,1,-40.0,65.0,72.2,60,0,4.6,49.0,,27,0
2332.9,16:59:31,8148898855,1090579478,4805110,10812,5776262,0,172,0,17,1,-40.0,72.2,72.2,57,0,5.6,50.0,,27,0
2333.9,16:59:32,8153872083,1090590734,4973228,11256,5779504,0,172,0,17,1,-41.0,72.2,72.2,48,0,15.7,50.0,,26,0
2334.9,16:59:34,8159339881,1090603232,5467798,12498,5783069,0,172,0,17,1,-41.0,72.2,72.2,49,0,5.2,50.0,,27,0
2335.9,16:59:35,8164479841,1090614314,5139960,11082,5786421,0,172,0,17,1,-40.0,65.0,72.2,58,0,5.4,49.0,,27,0
2336.9,16:59:36,8169259785,1090625030,4779944,10716,5789537,0,172,0,17,1,-40.0,72.2,72.2,54,0,12.0,50.0,,26,0
2337.9,16:59:37,8173863319,1090634750,4603534,9720,5792538,0,172,0,17,1,-40.0,72.2,72.2,63,0,3.9,49.0,,27,0
2338.9,16:59:38,8178140111,1090646858,4276792,12108,5795326,0,172,0,17,1,-40.0,72.2,72.2,63,0,3.0,50.0,,27,0
2339.9,16:59:39,8182410767,1090656398,4270656,9540,5798110,0,172,0,17,1,-40.0,72.2,72.2,68,0,3.0,49.0,,26,0
2340.9,16:59:40,8187032709,1090666292,4621942,9894,5801123,0,172,0,17,1,-41.0,72.2,72.2,75,0,2.1,51.0,,26,0
2342.0,16:59:41,8191852537,1090676822,4819828,10530,5804265,0,172,0,17,1,-40.0,65.0,72.2,69,0,3.9,51.0,,26,0
2343.0,16:59:42,8196488285,1090687082,4635748,10260,5807287,0,172,0,17,1,-40.0,58.5,72.2,64,0,4.8,50.0,,27,0
2344.0,16:59:43,8201470717,1090697666,4982432,10584,5810535,0,172,0,17,1,-41.0,72.2,72.2,58,0,2.0,49.0,,26,0
2345.0,16:59:44,8206393945,1090708358,4923228,10692,5813745,0,172,0,17,1,-40.0,65.0,72.2,58,0,2.4,49.0,,26,0
2346.0,16:59:45,8211256725,1090719572,4862780,11214,5816915,0,172,0,17,1,-40.0,72.2,72.2,65,0,2.3,49.0,,26,0
2347.0,16:59:46,8216015815,1090729964,4759090,10392,5820018,0,172,0,17,1,-40.0,65.0,72.2,57,0,2.9,49.0,,26,0
2348.0,16:59:47,8221220677,1090741652,5204862,11688,5823411,0,172,0,17,1,-40.0,72.2,72.2,50,0,2.0,49.0,,26,0
2349.0,16:59:48,8225572635,1090753178,4351958,11526,5826248,0,172,0,17,1,-41.0,65.0,72.2,77,0,2.5,50.0,,26,0
2350.1,16:59:49,8230286617,1090765166,4713982,11988,5829321,0,172,0,17,1,-40.0,65.0,72.2,52,0,1.9,49.0,,26,0
2351.1,16:59:50,8235459887,1090776614,5173270,11448,5832734,0,172,0,17,1,-41.0,65.0,72.2,49,0,2.3,49.0,,25,0
2352.1,16:59:51,8240563505,1090787252,5103618,10638,5836021,0,172,0,17,1,-40.0,72.2,72.2,41,0,2.8,49.0,,26,0
2353.1,16:59:52,8245514345,1090797644,4950840,10392,5839249,0,172,0,17,1,-41.0,65.0,72.2,54,0,1.9,49.0,,26,0
2354.1,16:59:53,8250456893,1090809290,4942548,11646,5842471,0,172,0,17,1,-40.0,72.2,72.2,57,0,1.8,49.0,,26,0
2355.1,16:59:54,8255197575,1090819736,4740682,10446,5845606,0,172,0,17,1,-41.0,65.0,72.2,64,0,2.1,48.0,,25,0
2356.1,16:59:55,8260198125,1090830806,5000550,11070,5848823,0,172,0,17,1,-41.0,72.2,72.2,64,0,2.0,50.0,,26,0
2357.1,16:59:56,8265367351,1090843446,5169226,12640,5852204,0,172,0,17,1,-42.0,72.2,72.2,53,0,2.8,50.0,,25,0
2358.2,16:59:57,8270832993,1090855326,5465642,11880,5855767,0,172,0,17,1,-40.0,57.8,72.2,52,0,2.0,49.0,,26,0
2359.2,16:59:58,8276036321,1090866936,5203328,11610,5859159,0,172,0,17,1,-40.0,72.2,72.2,48,0,2.1,49.0,,27,0
2360.2,16:59:59,8280391347,1090879800,4355026,12864,5861998,0,172,0,17,1,-40.0,72.2,72.2,55,0,1.9,48.0,,25,0
2361.2,17:00:00,8284862957,1090890420,4471610,10620,5864913,0,172,0,17,1,-40.0,72.2,72.2,57,0,1.9,49.0,,26,0
2362.2,17:00:01,8290012595,1090901760,5149638,11340,5868270,0,172,0,17,1,-41.0,72.2,72.2,49,0,2.0,49.0,,25,0
2363.2,17:00:02,8294889181,1090912680,4876586,10920,5871449,0,172,0,17,1,-40.0,72.2,72.2,47,0,2.1,48.0,,26,0
2364.2,17:00:03,8299695203,1090923264,4806022,10584,5874590,0,172,0,17,1,-41.0,65.0,72.2,64,0,2.6,49.0,,25,0
2365.2,17:00:04,8304485885,1090933848,4790682,10584,5877727,0,172,0,17,1,-40.0,65.0,72.2,55,0,2.3,48.0,,26,0
2366.3,17:00:05,8309772671,1090945902,5286786,12054,5881152,0,172,0,17,1,-40.0,72.2,72.2,56,0,2.1,48.0,,25,0
2367.3,17:00:06,8315034913,1090957872,5262242,11970,5884583,0,172,0,17,1,-41.0,72.2,72.2,43,0,2.0,48.0,,26,0
2368.3,17:00:07,8319839111,1090968534,4804198,10662,5887716,0,172,0,17,1,-40.0,72.2,72.2,52,0,1.8,48.0,,25,0
2369.3,17:00:08,8324793931,1090980246,4954820,11712,5890946,0,172,0,17,1,-40.0,65.0,72.2,54,0,2.2,50.0,,26,0
2370.3,17:00:09,8329040043,1090992786,4246112,12540,5893714,0,172,0,17,1,-41.0,72.2,72.2,63,0,4.9,49.0,,25,0
2371.3,17:00:10,8334123719,1091004396,5083676,11610,5897028,0,172,0,17,1,-40.0,72.2,72.2,49,0,6.2,50.0,,26,0
2372.3,17:00:11,8338915935,1091015196,4792216,10800,5900152,0,172,0,17,1,-40.0,72.2,72.2,57,0,5.3,48.0,,26,0
2373.3,17:00:12,8343672869,1091025792,4756934,10596,5903253,0,172,0,17,1,-40.0,72.2,72.2,51,0,2.6,48.0,,27,0
2374.3,17:00:13,8348893071,1091037360,5220202,11568,5906656,0,172,0,17,1,-40.0,65.0,72.2,58,0,2.5,49.0,,25,0
2375.4,17:00:14,8353784997,1091048778,4891926,11418,5909845,0,172,0,17,1,-40.0,65.0,72.2,53,0,2.6,49.0,,26,0
2376.4,17:00:15,8358384451,1091059834,4599454,11056,5912845,0,172,0,17,1,-40.0,65.0,72.2,69,0,2.4,49.0,,26,0
2377.4,17:00:16,8363530109,1091071456,5145658,11622,5916200,0,172,0,17,1,-39.0,72.2,72.2,41,0,2.4,48.0,,25,0
2378.4,17:00:17,8368382151,1091082712,4852042,11256,5919363,0,172,0,17,1,-40.0,58.5,72.2,63,0,2.4,49.0,,26,0
2379.4,17:00:18,8373341573,1091093362,4959422,10650,5922596,0,172,0,17,1,-39.0,57.8,72.2,47,0,2.3,49.0,,25,0
2380.4,17:00:19,8377463431,1091105890,4121858,12528,5925283,0,172,0,17,1,-39.0,72.2,72.2,65,0,2.3,48.0,,26,0
2381.4,17:00:20,8382596195,1091117470,5132764,11580,5928629,0,172,0,17,1,-39.0,72.2,72.2,45,0,2.8,49.0,,25,0
2382.4,17:00:21,8387725891,1091128672,5129696,11202,5931973,0,172,0,17,1,-40.0,72.2,72.2,45,0,2.3,49.0,,26,0
2383.5,17:00:22,8392426067,1091139592,4700176,10920,5935037,0,172,0,17,1,-40.0,72.2,72.2,51,0,2.6,49.0,,25,0
2384.5,17:00:23,8397390091,1091151310,4964024,11718,5938273,0,172,0,17,1,-39.0,65.0,72.2,60,0,2.6,49.0,,26,0
2385.5,17:00:24,8402271279,1091162110,4881188,10800,5941455,0,172,0,17,1,-39.0,65.0,72.2,50,0,1.9,48.0,,26,0
2386.5,17:00:25,8407339615,1091173828,5068336,11718,5944759,0,172,0,17,1,-39.0,72.2,72.2,45,0,5.2,49.0,,25,0
2387.5,17:00:26,8412423559,1091185766,5083944,11938,5948085,0,172,0,17,1,-39.0,72.2,72.2,56,0,3.6,48.0,,26,0
2388.5,17:00:27,8417166687,1091197088,4743128,11322,5951177,0,172,0,17,1,-39.0,72.2,72.2,62,0,3.5,49.0,,26,0
2389.5,17:00:28,8421903679,1091207348,4736992,10260,5954265,0,172,0,17,1,-39.0,72.2,72.2,66,0,4.3,49.0,,26,0
2390.5,17:00:29,8426487271,1091221598,4583592,14250,5957253,0,172,0,17,1,-40.0,72.2,72.2,50,0,2.9,49.0,,25,0
2391.5,17:00:30,8431376751,1091233166,4889480,11568,5960441,0,172,0,17,1,-40.0,72.2,72.2,45,0,2.6,48.0,,26,0
2392.6,17:00:31,8436406737,1091244506,5029986,11340,5963720,0,172,0,17,1,-40.0,72.2,72.2,54,0,2.5,48.0,,26,0
2393.6,17:00:32,8441287925,1091255792,4881188,11286,5966902,0,172,0,17,1,-40.0,65.0,72.2,52,0,2.0,49.0,,25,0
2394.6,17:00:33,8446339387,1091267426,5051462,11634,5970195,0,172,0,17,1,-39.0,72.2,72.2,49,0,2.5,49.0,,26,0
2395.6,17:00:34,8451604075,1091279792,5264688,12366,5973627,0,172,0,17,1,-39.0,72.2,72.2,55,0,2.1,48.0,,25,0
2396.6,17:00:35,8456888415,1091291318,5284340,11526,5977073,0,172,0,17,1,-39.0,72.2,72.2,49,0,2.8,49.0,,26,0
2397.6,17:00:36,8462087141,1091303342,5198726,12024,5980462,0,172,0,17,1,-39.0,72.2,72.2,46,0,2.1,48.0,,26,0
2398.6,17:00:37,8467359499,1091315828,5272358,12486,5983899,0,172,0,17,1,-39.0,72.2,72.2,57,0,2.3,49.0,,25,0
2399.6,17:00:38,8472111831,1091326652,4752332,10824,5986997,0,172,0,17,1,-40.0,65.0,72.2,56,0,2.1,49.0,,26,0
2400.6,17:00:39,8476486799,1091339786,4374968,13134,5989849,0,172,0,17,1,-39.0,72.2,72.2,60,0,2.3,48.0,,26,0
2401.7,17:00:40,8481763759,1091351936,5276960,12150,5993289,0,172,0,17,1,-39.0,65.0,72.2,31,0,2.9,49.0,,25,0
2402.7,17:00:41,8486689433,1091363204,4925674,11268,5996500,0,172,0,17,1,-39.0,72.2,72.2,59,0,2.1,49.0,,26,0
2403.7,17:00:42,8491524601,1091375702,4835168,12498,5999652,0,172,0,17,1,-40.0,65.0,72.2,62,0,2.0,48.0,,26,0
2404.7,17:00:43,8496220175,1091386892,4695574,11190,6002713,0,172,0,17,1,-40.0,65.0,72.2,67,0,2.3,48.0,,26,0
2405.7,17:00:44,8501009323,1091397962,4789148,11070,6005835,0,172,0,17,1,-40.0,58.5,72.2,61,0,2.9,49.0,,25,0
2406.7,17:00:45,8505678819,1091408870,4669496,10908,6008879,0,172,0,17,1,-39.0,65.0,72.2,71,0,2.0,49.0,,26,0
2407.7,17:00:46,8510297693,1091420480,4618874,11610,6011924,0,172,0,17,1,-40.0,72.2,72.2,68,0,3.0,49.0,,25,0
2408.7,17:00:47,8515296999,1091432276,4999306,11796,6015149,0,172,0,17,1,-40.0,65.0,72.2,54,0,2.4,49.0,,26,0
2409.8,17:00:48,8520147507,1091443208,4850508,10932,6018311,0,172,0,17,1,-40.0,65.0,72.2,60,0,2.5,49.0,,25,0
2410.8,17:00:49,8524217209,1091456222,4069702,13014,6020964,0,172,0,17,1,-40.0,72.2,72.2,89,0,2.3,48.0,,26,0
2411.8,17:00:50,8529307643,1091467340,5090434,11118,6024283,0,172,0,17,1,-40.0,65.0,72.2,54,0,2.8,48.0,,25,0
2412.8,17:00:51,8534096791,1091478056,4789148,10716,6027405,0,172,0,17,1,-40.0,58.5,72.2,56,0,2.1,48.0,,25,0
2413.8,17:00:52,8538573003,1091487992,4476212,9936,6030323,0,172,0,17,1,-41.0,65.0,72.2,67,0,2.3,49.0,,26,0
2414.8,17:00:53,8543552367,1091498468,4979364,10476,6033569,0,172,0,17,1,-40.0,72.2,72.2,55,0,2.4,47.0,,25,0
2415.8,17:00:54,8548787909,1091510588,5235542,12120,6036982,0,172,0,17,1,-40.0,72.2,72.2,57,0,2.1,49.0,,26,0
2416.8,17:00:55,8553977431,1091521562,5189522,10974,6040365,0,172,0,17,1,-39.0,72.2,72.2,56,0,3.0,48.0,,25,0
2417.9,17:00:56,8558298355,1091532354,4320924,10792,6043235,0,172,0,17,1,-39.0,65.0,72.2,62,0,2.1,48.0,,26,0
2418.9,17:00:57,8562981657,1091543502,4683302,11148,6046246,0,172,0,17,1,-40.0,65.0,72.2,62,0,2.5,48.0,,26,0
2419.9,17:00:59,8567881253,1091554098,4899596,10596,6049484,0,172,0,17,1,-40.0,72.2,72.2,57,0,2.1,49.0,,26,0
2420.9,17:01:00,8572039927,1091566044,4158674,11946,6052151,0,172,0,17,1,-40.0,72.2,72.2,65,0,2.5,48.0,,26,0
2421.9,17:01:01,8576970203,1091576790,4930276,10746,6055365,0,172,0,17,1,-40.0,72.2,72.2,43,0,2.5,48.0,,26,0
2422.9,17:01:02,8581829915,1091587536,4859712,10746,6058533,0,172,0,17,1,-40.0,65.0,72.2,52,0,2.3,48.0,,25,0
2423.9,17:01:03,8587139163,1091599452,5309248,11916,6061995,0,172,0,17,1,-39.0,65.0,72.2,45,0,2.3,49.0,,26,0
2424.9,17:01:04,8592066371,1091610318,4927208,10866,6065207,0,172,0,17,1,-39.0,72.2,72.2,47,0,2.8,49.0,,26,0
2425.9,17:01:05,8596912277,1091620416,4845906,10098,6068366,0,172,0,17,1,-40.0,72.2,72.2,55,0,2.3,49.0,,25,0
2427.0,17:01:06,8601703581,1091631216,4791304,10800,6071490,0,172,0,17,1,-40.0,72.2,72.2,63,0,2.0,48.0,,26,0
2428.0,17:01:07,8606394553,1091642070,4690972,10854,6074548,0,172,0,17,1,-40.0,65.0,72.2,70,0,2.3,49.0,,26,0
2429.0,17:01:08,8611099331,1091652384,4704778,10314,6077615,0,172,0,17,1,-39.0,72.2,72.2,64,0,2.0,48.0,,25,0
2430.0,17:01:09,8615966713,1091662884,4867382,10500,6080788,0,172,0,17,1,-40.0,65.0,72.2,53,0,2.1,49.0,,26,0
2431.0,17:01:10,8620183679,1091674788,4216966,11904,6083537,0,172,0,17,1,-41.0,72.2,72.2,60,0,2.4,49.0,,26,0
2432.0,17:01:11,8624580123,1091684682,4396444,9894,6086403,0,172,0,17,1,-39.0,65.0,72.2,66,0,2.9,49.0,,26,0
2433.0,17:01:12,8629001111,1091695248,4420988,10566,6089325,0,172,0,17,1,-40.0,72.2,72.2,79,0,2.1,49.0,,25,0
2434.0,17:01:13,8633731055,1091706210,4729944,10962,6092369,0,172,0,17,1,-40.0,72.2,72.2,73,0,2.8,48.0,,26,0
2435.1,17:01:14,8638391969,1091716752,4660914,10542,6095408,0,172,0,17,1,-40.0,72.2,72.2,68,0,2.3,49.0,,26,0
2436.1,17:01:15,8643090611,1091727768,4698642,11016,6098471,0,172,0,17,1,-40.0,72.2,72.2,61,0,2.3,48.0,,25,0
2437.1,17:01:16,8647976401,1091738712,4885790,10944,6101656,0,172,0,17,1,-40.0,72.2,72.2,68,0,2.3,49.0,,26,0
2438.1,17:01:17,8652754811,1091749146,4778410,10434,6104815,0,172,0,17,1,-39.0,65.0,72.2,64,0,2.3,49.0,,25,0
2439.1,17:01:18,8657466347,1091760144,4711536,10998,6107843,0,172,0,17,1,-40.0,72.2,72.2,71,0,2.0,50.0,,26,0
2440.1,17:01:19,8662356739,1091771280,4890392,11136,6111031,0,172,0,17,1,-39.0,72.2,72.2,53,0,2.1,49.0,,25,0
2441.1,17:01:20,8666598249,1091783334,4241510,12054,6113796,0,172,0,17,1,-39.0,65.0,72.2,73,0,1.9,49.0,,26,0
2442.1,17:01:21,8671488641,1091794848,4890392,11514,6116984,0,172,0,17,1,-40.0,65.0,72.2,46,0,1.9,50.0,,26,0
2443.1,17:01:22,8676219497,1091805702,4730856,10854,6120068,0,172,0,17,1,-40.0,72.2,72.2,49,0,1.9,48.0,,26,0
2444.2,17:01:23,8681022451,1091816664,4802954,10962,6123199,0,172,0,17,1,-40.0,65.0,72.2,56,0,2.0,48.0,,26,0
2445.2,17:01:24,8686100613,1091827878,5078162,11214,6126510,0,172,0,17,1,-40.0,72.2,72.2,54,0,2.4,48.0,,25,0
2446.2,17:01:25,8690844363,1091838636,4743750,10758,6129603,0,172,0,17,1,-39.0,52.0,72.2,63,0,2.3,49.0,,26,0
2447.2,17:01:26,8695552209,1091849220,4707846,10584,6132672,0,172,0,17,1,-40.0,72.2,72.2,60,0,2.0,49.0,,26,0
2448.2,17:01:27,8700244361,1091861458,4692152,12238,6135742,0,172,0,17,1,-39.0,65.0,72.2,55,0,2.1,49.0,,26,0
2449.2,17:01:28,8705159297,1091871556,4914936,10098,6138946,0,172,0,17,1,-40.0,65.0,72.2,56,0,2.1,48.0,,25,0
2450.2,17:01:29,8710111671,1091883178,4952374,11622,6142175,0,172,0,17,1,-40.0,72.2,72.2,60,0,2.5,49.0,,26,0
2451.2,17:01:30,8714830329,1091894272,4718658,11094,6145252,0,172,0,17,1,-40.0,58.5,72.2,57,0,2.4,48.0,,26,0
2452.3,17:01:31,8719270347,1091906554,4440018,12282,6148147,0,172,0,17,1,-40.0,65.0,72.2,61,0,2.4,48.0,,26,0
2453.3,17:01:32,8724212895,1091916796,4942548,10242,6151388,0,172,0,17,1,-40.0,72.2,72.2,54,0,2.3,48.0,,26,0
2454.3,17:01:33,8728824099,1091927176,4611204,10380,6154375,0,172,0,17,1,-40.0,65.0,72.2,61,0,2.3,49.0,,26,0
2455.3,17:01:34,8733559557,1091937652,4735458,10476,6157505,0,172,0,17,1,-40.0,72.2,72.2,50,0,2.4,49.0,,25,0
2456.3,17:01:35,8738469891,1091948830,4910334,11178,6160702,0,172,0,17,1,-39.0,72.2,72.2,62,0,2.5,48.0,,26,0
2457.3,17:01:36,8743622597,1091959492,5152706,10662,6164022,0,172,0,17,1,-40.0,65.0,72.2,50,0,2.3,47.0,,25,0
2458.3,17:01:37,8748384133,1091969926,4761536,10434,6167126,0,172,0,17,1,-40.0,72.2,72.2,60,0,1.9,48.0,,26,0
2459.3,17:01:38,8752942891,1091979724,4558758,9798,6170099,0,172,0,17,1,-40.0,65.0,72.2,62,0,2.1,47.0,,26,0
2460.4,17:01:39,8757639999,1091990116,4697108,10392,6173161,0,172,0,17,1,-40.0,65.0,72.2,66,0,1.9,48.0,,25,0
2461.4,17:01:40,8762005763,1092000430,4365764,10314,6176007,0,172,0,17,1,-40.0,65.0,72.2,80,0,2.4,48.0,,26,0
2462.4,17:01:41,8766266303,1092012874,4260540,12444,6178785,0,172,0,17,1,-40.0,65.0,72.2,74,0,2.8,48.0,,25,0
2463.4,17:01:42,8770848361,1092022972,4582058,10098,6181772,0,172,0,17,1,-39.0,58.5,72.2,59,0,2.6,49.0,,26,0
2464.4,17:01:43,8775661141,1092033610,4812780,10638,6184910,0,172,0,17,1,-40.0,65.0,72.2,45,0,2.4,48.0,,25,0
2465.4,17:01:44,8780339841,1092044260,4678700,10650,6187960,0,172,0,17,1,-40.0,72.2,72.2,70,0,3.0,49.0,,26,0
2466.4,17:01:45,8785268583,1092055852,4928742,11592,6191173,0,172,0,17,1,-40.0,65.0,72.2,63,0,2.4,48.0,,25,0
2467.4,17:01:46,8790226471,1092065950,4957888,10098,6194405,0,172,0,17,1,-40.0,72.2,72.2,49,0,2.3,48.0,,26,0
2468.5,17:01:47,8794935851,1092077722,4709380,11772,6197475,0,172,0,17,1,-40.0,65.0,72.2,61,0,2.6,49.0,,26,0
2469.5,17:01:48,8799823175,1092088468,4887324,10746,6200661,0,172,0,17,1,-40.0,65.0,72.2,65,0,2.3,49.0,,25,0
2470.5,17:01:49,8804486535,1092098524,4663360,10056,6203701,0,172,0,17,1,-40.0,65.0,72.2,63,0,2.3,48.0,,26,0
2471.5,17:01:50,8809600891,1092110266,5114356,11742,6207035,0,172,0,17,1,-40.0,65.0,72.2,64,0,2.5,48.0,,25,0
2472.5,17:01:51,8814469807,1092121954,4868916,11688,6210209,0,172,0,17,1,-40.0,65.0,72.2,53,0,2.3,49.0,,26,0
2473.5,17:01:52,8818948175,1092132022,4478368,10068,6213129,0,172,0,17,1,-40.0,65.0,72.2,52,0,2.3,47.0,,25,0
2474.5,17:01:53,8823843169,1092142654,4894994,10632,6216320,0,172,0,17,1,-39.0,65.0,72.2,56,0,2.6,47.0,,26,0
2475.5,17:01:54,8828406819,1092152482,4563650,9828,6219295,0,172,0,17,1,-40.0,72.2,72.2,60,0,2.3,47.0,,25,0
2476.6,17:01:55,8833185925,1092163228,4779106,10746,6222412,0,172,0,17,1,-40.0,65.0,72.2,59,0,2.5,49.0,,26,0
2477.6,17:01:56,8837883033,1092173608,4697108,10380,6225474,0,172,0,17,1,-40.0,72.2,72.2,65,0,2.3,48.0,,25,0
2478.6,17:01:57,8842556777,1092185492,4673744,11884,6228532,0,172,0,17,1,-40.0,65.0,72.2,56,0,2.4,48.0,,26,0
2479.6,17:01:58,8846600401,1092197264,4043624,11772,6231168,0,172,0,17,1,-40.0,65.0,72.2,75,0,2.3,49.0,,26,0
2480.6,17:01:59,8851274499,1092207200,4674098,9936,6234215,0,172,0,17,1,-41.0,72.2,72.2,52,0,2.3,48.0,,25,0
2481.6,17:02:00,8855726167,1092216596,4451668,9396,6237117,0,172,0,17,1,-39.0,72.2,72.2,71,0,2.4,49.0,,26,0
2482.6,17:02:01,8860558267,1092227828,4832100,11232,6240267,0,172,0,17,1,-40.0,58.5,72.2,69,0,2.3,49.0,,25,0
2483.6,17:02:02,8865009935,1092237494,4451668,9666,6243169,0,172,0,17,1,-40.0,65.0,72.2,61,0,1.9,48.0,,26,0
2484.7,17:02:03,8869684033,1092247862,4674098,10368,6246216,0,172,0,17,1,-41.0,72.2,72.2,57,0,2.3,48.0,,26,0
2485.7,17:02:04,8874453239,1092259754,4769206,11892,6249325,0,172,0,17,1,-40.0,58.5,72.2,82,0,2.8,49.0,,26,0
2486.7,17:02:05,8879262329,1092270200,4809090,10446,6252460,0,172,0,17,1,-40.0,65.0,72.2,53,0,2.2,49.0,,26,0
2487.7,17:02:06,8883628093,1092280622,4365764,10422,6255306,0,172,0,17,1,-40.0,65.0,72.2,58,0,2.0,49.0,,26,0
2488.7,17:02:07,8887815913,1092290720,4187820,10098,6258036,0,172,0,17,1,-40.0,72.2,72.2,83,0,1.9,49.0,,25,0
2489.7,17:02:08,8892062025,1092303410,4246112,12690,6260804,0,172,0,17,1,-39.0,65.0,72.2,76,0,2.0,49.0,,26,0
2490.7,17:02:09,8896363361,1092313670,4301336,10260,6263608,0,172,0,17,1,-39.0,72.2,72.2,56,0,2.3,49.0,,25,0
2491.7,17:02:10,8901389367,1092324050,5026006,10380,6266885,0,172,0,17,1,-39.0,72.2,72.2,58,0,3.0,48.0,,26,0
2492.8,17:02:11,8906462305,1092335726,5072938,11676,6270192,0,172,0,17,1,-40.0,72.2,72.2,57,0,7.3,49.0,,25,0
2493.8,17:02:12,8911104189,1092345608,4641884,9882,6273218,0,172,0,17,1,-40.0,65.0,72.2,42,0,2.9,50.0,,26,0
2494.8,17:02:13,8916075883,1092356258,4971694,10650,6276459,0,172,0,17,1,-40.0,65.0,72.2,54,0,2.6,49.0,,25,0
2495.8,17:02:14,8920977013,1092367004,4901130,10746,6279654,0,172,0,17,1,-39.0,58.5,72.2,58,0,2.4,49.0,,26,0
2496.8,17:02:15,8926097505,1092378020,5120492,11016,6282992,0,172,0,17,1,-39.0,72.2,72.2,54,0,2.1,49.0,,25,0
2497.8,17:02:16,8930693369,1092388550,4595864,10530,6285988,0,172,0,17,1,-40.0,72.2,72.2,68,0,2.3,49.0,,26,0
2498.8,17:02:17,8935777741,1092399752,5084372,11202,6289304,0,172,0,17,1,-40.0,65.0,72.2,51,0,2.4,49.0,,25,0
2499.8,17:02:18,8939752045,1092411308,3974304,11556,6291896,0,172,0,17,1,-39.0,72.2,72.2,66,0,2.3,50.0,,26,0
2500.9,17:02:19,8944030371,1092421190,4278326,9882,6294685,0,172,0,17,1,-40.0,65.0,72.2,63,0,2.0,51.0,,25,0
2501.9,17:02:20,8948656915,1092432098,4626544,10908,6297701,0,172,0,17,1,-40.0,72.2,72.2,65,0,1.6,50.0,,26,0
2502.9,17:02:22,8953338683,1092443438,4681768,11340,6300753,0,172,0,17,1,-40.0,65.0,72.2,64,0,2.1,48.0,,26,0
2503.9,17:02:23,8958048063,1092453644,4709380,10206,6303823,0,172,0,17,1,-40.0,72.2,72.2,58,0,2.1,48.0,,25,0
2504.9,17:02:24,8962363205,1092463688,4315142,10044,6306636,0,172,0,17,1,-40.0,72.2,72.2,60,0,2.1,48.0,,26,0
2505.9,17:02:25,8966914583,1092474218,4551378,10530,6309603,0,172,0,17,1,-41.0,72.2,72.2,55,0,2.3,48.0,,26,0
2506.9,17:02:26,8971789635,1092484976,4875052,10758,6312781,0,172,0,17,1,-39.0,72.2,72.2,46,0,2.1,49.0,,26,0
2507.9,17:02:27,8976870243,1092496424,5080608,11448,6316093,0,172,0,17,1,-40.0,65.0,72.2,50,0,2.3,47.0,,26,0
2508.9,17:02:28,8981731757,1092507312,4861514,10888,6319274,0,172,0,17,1,-40.0,58.5,72.2,56,0,2.3,48.0,,26,0
2510.0,17:02:29,8985842877,1092519678,4111120,12366,6321956,0,172,0,17,1,-40.0,65.0,72.2,65,0,2.0,49.0,,25,0
2511.0,17:02:30,8990277671,1092530316,4434794,10638,6324845,0,172,0,17,1,-39.0,72.2,72.2,68,0,2.4,49.0,,26,0
2512.0,17:02:31,8995065285,1092541332,4787614,11016,6327966,0,172,0,17,1,-40.0,72.2,72.2,60,0,2.0,49.0,,25,0
2513.0,17:02:32,8999550701,1092551538,4485416,10206,6330890,0,172,0,17,1,-40.0,65.0,72.2,74,0,2.2,49.0,,26,0
2514.0,17:02:33,9004218663,1092561960,4667962,10422,6333933,0,172,0,17,1,-39.0,58.5,72.2,73,0,2.0,50.0,,26,0
2515.0,17:02:34,9008729245,1092571950,4510582,9990,6336874,0,172,0,17,1,-40.0,65.0,72.2,52,0,2.0,50.0,,25,0
2516.0,17:02:35,9013767523,1092583020,5038278,11070,6340159,0,172,0,17,1,-40.0,65.0,72.2,66,0,2.1,49.0,,26,0
2517.0,17:02:36,9018444689,1092593712,4677166,10692,6343208,0,172,0,17,1,-40.0,72.2,72.2,63,0,2.3,48.0,,25,0
2518.1,17:02:37,9023223099,1092604404,4778410,10692,6346323,0,172,0,17,1,-40.0,65.0,72.2,63,0,2.1,48.0,,26,0
2519.1,17:02:38,9027903333,1092615798,4680234,11394,6349374,0,172,0,17,1,-39.0,72.2,72.2,66,0,2.3,49.0,,25,0
2520.1,17:02:39,9032586635,1092628218,4683302,12420,6352427,0,172,0,17,1,-39.0,72.2,72.2,67,0,2.4,48.0,,26,0
2521.1,17:02:40,9037096595,1092640584,4509960,12366,6355367,0,172,0,17,1,-40.0,65.0,72.2,77,0,2.3,48.0,,25,0
2522.1,17:02:41,9041631099,1092651168,4534504,10584,6358323,0,172,0,17,1,-40.0,58.5,72.2,53,0,2.1,49.0,,26,0
2523.1,17:02:42,9046478539,1092662346,4847440,11178,6361483,0,172,0,17,1,-40.0,72.2,72.2,58,0,2.3,48.0,,26,0
2524.1,17:02:43,9051127181,1092673038,4648642,10692,6364514,0,172,0,17,1,-40.0,72.2,72.2,74,0,2.1,48.0,,26,0
2525.1,17:02:44,9056170973,1092684216,5043792,11178,6367802,0,172,0,17,1,-40.0,65.0,72.2,50,0,2.6,48.0,,26,0
2526.2,17:02:45,9060984665,1092696420,4813692,12204,6370940,0,172,0,17,1,-40.0,72.2,72.2,71,0,2.8,48.0,,26,0
2527.2,17:02:46,9066184013,1092707922,5199348,11502,6374330,0,172,0,17,1,-40.0,65.0,72.2,55,0,2.0,48.0,,26,0
2528.2,17:02:47,9071120676,1092718970,4936663,11048,6377549,0,172,0,17,1,-39.0,57.8,72.2,68,0,2.3,48.0,,25,0
2529.2,17:02:48,9075761026,1092729188,4640350,10218,6380574,0,172,0,17,1,-39.0,65.0,72.2,48,0,1.9,49.0,,26,0
2530.2,17:02:49,9080567048,1092739880,4806022,10692,6383707,0,172,0,17,1,-40.0,72.2,72.2,48,0,2.3,49.0,,25,0
2531.2,17:02:50,9084840772,1092752486,4273724,12606,6386493,0,172,0,17,1,-39.0,72.2,65.0,71,0,2.0,49.0,,26,0
2532.2,17:02:51,9089600774,1092762098,4760002,9612,6389596,0,172,0,17,1,-40.0,72.2,72.2,47,0,2.1,49.0,,26,0
2533.2,17:02:52,9094540254,1092772844,4939480,10746,6392816,0,172,0,17,1,-40.0,65.0,72.2,64,0,2.0,49.0,,25,0
2534.3,17:02:53,9099524220,1092783590,4983966,10746,6396065,0,172,0,17,1,-40.0,65.0,72.2,51,0,2.1,48.0,,26,0
2535.3,17:02:54,9104390068,1092793808,4865848,10218,6399237,0,172,0,17,1,-40.0,72.2,72.2,51,0,2.3,49.0,,26,0
2536.3,17:02:55,9109208362,1092804392,4818294,10584,6402378,0,172,0,17,1,-40.0,65.0,72.2,65,0,2.0,49.0,,26,0
2537.3,17:02:56,9114100288,1092815516,4891926,11124,6405567,0,172,0,17,1,-39.0,72.2,72.2,58,0,2.0,48.0,,25,0
2538.3,17:02:57,9118731434,1092825830,4631146,10314,6408586,0,172,0,17,1,-40.0,72.2,72.2,57,0,2.3,50.0,,26,0
2539.3,17:02:58,9123288713,1092836747,4557279,10917,6411569,0,172,0,17,1,-39.0,58.5,72.2,57,0,2.1,48.0,,26,0
2540.3,17:02:59,9128249669,1092846953,4960956,10206,6414803,0,172,0,17,1,-40.0,65.0,72.2,60,0,2.3,49.0,,26,0
2541.3,17:03:00,9132294827,1092859157,4045158,12204,6417440,0,172,0,17,1,-39.0,72.2,72.2,72,0,2.1,49.0,,26,0
2542.4,17:03:01,9136817059,1092868661,4522232,9504,6420388,0,172,0,17,1,-41.0,65.0,72.2,62,0,1.9,48.0,,26,0
2543.4,17:03:02,9141520303,1092879743,4703244,11082,6423454,0,172,0,17,1,-39.0,65.0,72.2,69,0,2.1,49.0,,25,0
2544.4,17:03:03,9146602445,1092891407,5082142,11664,6426767,0,172,0,17,1,-39.0,65.0,72.2,69,0,2.5,49.0,,26,0
2545.4,17:03:04,9151448351,1092901613,4845906,10206,6429926,0,172,0,17,1,-39.0,65.0,72.2,64,0,2.0,49.0,,26,0
2546.4,17:03:05,9156168469,1092911873,4720118,10260,6433003,0,172,0,17,1,-39.0,65.0,72.2,63,0,2.3,47.0,,25,0
2547.4,17:03:06,9160844175,1092922187,4675706,10314,6436077,0,172,0,17,1,-39.0,65.0,72.2,55,0,2.3,48.0,,26,0
2548.4,17:03:07,9165452311,1092932285,4608136,10098,6439057,0,172,0,17,1,-41.0,72.2,72.2,61,0,2.6,47.0,,25,0
2549.4,17:03:08,9169932835,1092942653,4480524,10368,6441978,0,172,0,17,1,-40.0,65.0,72.2,72,0,1.9,48.0,,26,0
2550.5,17:03:09,9174412115,1092953033,4479280,10380,6444898,0,172,0,17,1,-40.0,65.0,72.2,67,0,2.1,50.0,,25,0
2551.5,17:03:10,9178897531,1092966437,4485416,13404,6447822,0,172,0,17,1,-40.0,72.2,72.2,77,0,2.4,48.0,,26,0
2552.5,17:03:11,9183582367,1092977615,4684836,11178,6450876,0,172,0,17,1,-40.0,65.0,72.2,81,0,2.1,48.0,,25,0
2553.5,17:03:12,9188155221,1092987671,4572854,10056,6453857,0,172,0,17,1,-39.0,65.0,72.2,59,0,2.0,49.0,,26,0
2554.5,17:03:13,9192540927,1092997619,4385706,9948,6456716,0,172,0,17,1,-39.0,72.2,72.2,67,0,2.1,48.0,,25,0
2555.5,17:03:14,9197129121,1093007339,4588194,9720,6459707,0,172,0,17,1,-40.0,72.2,72.2,65,0,2.0,49.0,,26,0
2556.5,17:03:15,9201826229,1093017815,4697108,10476,6462769,0,172,0,17,1,-40.0,72.2,72.2,65,0,2.0,48.0,,25,0
2557.5,17:03:16,9206422093,1093028303,4595864,10488,6465765,0,172,0,17,1,-39.0,72.2,72.2,61,0,2.3,48.0,,26,0
2558.6,17:03:17,9211409127,1093039049,4987034,10746,6469016,0,172,0,17,1,-40.0,65.0,72.2,58,0,2.1,48.0,,25,0
2559.6,17:03:18,9216129245,1093049471,4720118,10422,6472093,0,172,0,17,1,-40.0,72.2,72.2,74,0,2.3,48.0,,26,0
2560.6,17:03:19,9221119969,1093061243,4990724,11772,6475347,0,172,0,17,1,-40.0,58.5,72.2,60,0,2.5,51.0,,26,0
2561.6,17:03:20,9225649945,1093074311,4529976,13068,6478301,0,172,0,17,1,-40.0,72.2,72.2,53,0,1.8,49.0,,25,0
2562.6,17:03:21,9230425287,1093085327,4775342,11016,6481414,0,172,0,17,1,-39.0,72.2,72.2,68,0,1.9,48.0,,26,0
2563.6,17:03:22,9235047229,1093095317,4621942,9990,6484427,0,172,0,17,1,-40.0,58.5,72.2,59,0,2.4,48.0,,25,0
2564.6,17:03:23,9239840979,1093105469,4793750,10152,6487552,0,172,0,17,1,-39.0,72.2,72.2,62,0,2.1,49.0,,26,0
2565.6,17:03:24,9244312589,1093115267,4471610,9798,6490467,0,172,0,17,1,-40.0,72.2,72.2,58,0,2.1,49.0,,26,0
2566.6,17:03:25,9248713635,1093125257,4401046,9990,6493336,0,172,0,17,1,-39.0,65.0,72.2,69,0,2.0,49.0,,25,0
2567.7,17:03:26,9253441423,1093135421,4727788,10164,6496418,0,172,0,17,1,-39.0,72.2,72.2,60,0,3.8,48.0,,26,0
2568.7,17:03:27,9257800139,1093145153,4358716,9732,6499260,0,172,0,17,1,-40.0,72.2,72.2,64,0,2.0,48.0,,25,0
2569.7,17:03:28,9262653877,1093157689,4853738,12536,6502436,0,172,0,17,1,-39.0,65.0,72.2,68,0,2.4,48.0,,26,0
2570.7,17:03:29,9267391017,1093168393,4737140,10704,6505526,0,172,0,17,1,-39.0,65.0,72.2,66,0,2.1,48.0,,25,0
2571.7,17:03:30,9271372251,1093181019,3981234,12626,6508123,0,172,0,17,1,-40.0,72.2,72.2,84,0,2.2,48.0,,26,0
2572.7,17:03:31,9276956011,1093193463,5583760,12444,6511763,0,172,0,17,1,-42.0,65.0,72.2,51,0,2.3,49.0,,26,0
2573.7,17:03:32,9281863277,1093203777,4907266,10314,6514962,0,172,0,17,1,-40.0,72.2,72.2,47,0,2.4,48.0,,25,0
2574.7,17:03:33,9286607939,1093213941,4744662,10164,6518055,0,172,0,17,1,-41.0,72.2,72.2,59,0,2.2,49.0,,26,0
2575.8,17:03:34,9291328057,1093225077,4720118,11136,6521132,0,172,0,17,1,-42.0,65.0,72.2,68,0,2.1,49.0,,25,0
2576.8,17:03:35,9295764385,1093235025,4436328,9948,6524024,0,172,0,17,1,-49.0,65.0,72.2,71,0,2.1,49.0,,26,0
2577.8,17:03:36,9300274345,1093245339,4509960,10314,6526964,0,172,0,17,1,-44.0,65.0,72.2,64,0,1.9,48.0,,25,0
2578.8,17:03:37,9305019007,1093255935,4744662,10596,6530057,0,172,0,17,1,-41.0,65.0,72.2,50,0,1.9,49.0,,26,0
2579.8,17:03:38,9309751397,1093265925,4732390,9990,6533142,0,172,0,17,1,-39.0,58.5,72.2,54,0,2.0,49.0,,26,0
2580.8,17:03:39,9314593323,1093276455,4841926,10530,6536299,0,172,0,17,1,-39.0,72.2,72.2,60,0,2.0,49.0,,25,0
2581.8,17:03:40,9318746754,1093292195,4153431,15740,6539011,0,172,0,17,1,-40.0,65.0,72.2,76,0,2.4,48.0,,26,0
2582.8,17:03:41,9323210768,1093305087,4464014,12892,6541922,0,172,0,17,1,-57.0,72.2,72.2,73,0,2.0,48.0,,26,0
2583.9,17:03:42,9327821972,1093315359,4611204,10272,6544928,0,172,0,17,1,-40.0,72.2,72.2,56,0,2.5,48.0,,26,0
2584.9,17:03:43,9332600382,1093327229,4778410,11870,6548043,0,172,0,17,1,-39.0,72.2,72.2,52,0,2.4,49.0,,26,0
2585.9,17:03:45,9337361992,1093339225,4761610,11996,6551148,0,172,0,17,1,-40.0,72.2,72.2,55,0,2.4,48.0,,26,0
2586.9,17:03:46,9341913370,1093350253,4551378,11028,6554115,0,172,0,17,1,-40.0,72.2,72.2,70,0,2.5,49.0,,26,0
2587.9,17:03:47,9346875860,1093360999,4962490,10746,6557350,0,172,0,17,1,-39.0,72.2,72.2,54,0,2.1,48.0,,26,0
2588.9,17:03:48,9351530016,1093371241,4654156,10242,6560384,0,172,0,17,1,-41.0,58.5,72.2,70,0,2.0,48.0,,25,0
2589.9,17:03:49,9356046112,1093381675,4516096,10434,6563328,0,172,0,17,1,-40.0,65.0,72.2,80,0,2.4,48.0,,26,0
2590.9,17:03:50,9360711006,1093392271,4664894,10596,6566369,0,172,0,17,1,-40.0,65.0,72.2,74,0,2.4,48.0,,25,0
2592.0,17:03:51,9365167276,1093404757,4456270,12486,6569274,0,172,0,17,1,-40.0,72.2,72.2,66,0,2.1,49.0,,25,0
2593.0,17:03:52,9370071474,1093415827,4904198,11070,6572471,0,172,0,17,1,-41.0,72.2,72.2,68,0,2.1,49.0,,26,0
2594.0,17:03:53,9374641260,1093425355,4569786,9528,6575450,0,172,0,17,1,-41.0,72.2,72.2,70,0,2.1,48.0,,26,0
2595.0,17:03:54,9379536254,1093435951,4894994,10596,6578641,0,172,0,17,1,-41.0,65.0,72.2,61,0,2.4,48.0,,25,0
2596.0,17:03:55,9384428802,1093447021,4892548,11070,6581831,0,172,0,17,1,-41.0,52.0,72.2,71,0,2.0,48.0,,26,0
2597.0,17:03:56,9389248630,1093457869,4819828,10848,6584973,0,172,0,17,1,-40.0,72.2,72.2,58,0,2.1,49.0,,25,0
2598.0,17:03:57,9394194246,1093468855,4945616,10986,6588197,0,172,0,17,1,-40.0,72.2,72.2,54,0,2.4,48.0,,26,0
2599.0,17:03:58,9398621370,1093478359,4427124,9504,6591083,0,172,0,17,1,-39.0,65.0,72.2,63,0,2.3,48.0,,26,0
2600.1,17:03:59,9403240834,1093489095,4619464,10736,6594100,0,172,0,17,1,-42.0,72.2,72.2,62,0,2.3,49.0,,26,0
2601.1,17:04:00,9408101136,1093500599,4860302,11504,6597298,0,172,0,17,1,-40.0,65.0,72.2,49,0,2.3,48.0,,25,0
2602.1,17:04:01,9412646378,1093512869,4545242,12270,6600237,0,172,0,17,1,-40.0,72.2,72.2,52,0,2.0,48.0,,26,0
2603.1,17:04:02,9417630344,1093523357,4983966,10488,6603486,0,172,0,17,1,-41.0,72.2,72.2,47,0,2.3,48.0,,26,0
2604.1,17:04:03,9422820488,1093537671,5190144,14314,6606870,0,172,0,17,1,-40.0,65.0,72.2,60,0,2.0,49.0,,26,0
2605.1,17:04:04,9427781444,1093551319,4960956,13648,6610104,0,172,0,17,1,-40.0,65.0,72.2,56,0,2.0,48.0,,26,0
2606.1,17:04:05,9432906612,1093564017,5125168,12698,6613446,0,172,0,17,1,-39.0,65.0,72.2,65,0,2.6,49.0,,26,0
2607.1,17:04:06,9437602186,1093574517,4695574,10500,6616507,0,172,0,17,1,-42.0,72.2,72.2,57,0,2.1,48.0,,25,0
2608.1,17:04:07,9442604560,1093586177,5002374,11660,6619768,0,172,0,17,1,-41.0,72.2,72.2,61,0,1.9,49.0,,26,0
2609.2,17:04:08,9447878452,1093597865,5273892,11688,6623206,0,172,0,17,1,-41.0,72.2,72.2,56,0,2.3,49.0,,25,0
2610.2,17:04:09,9453201432,1093608719,5322980,10854,6626676,0,172,0,17,1,-41.0,65.0,72.2,44,0,2.5,49.0,,26,0
2611.2,17:04:10,9458081086,1093619867,4879654,11148,6629857,0,172,0,17,1,-40.0,72.2,72.2,46,0,2.3,51.0,,26,0
2612.2,17:04:11,9462510339,1093631675,4429253,11808,6632746,0,172,0,17,1,-42.0,72.2,72.2,59,0,2.5,49.0,,26,0
2613.2,17:04:12,9467313293,1093642943,4802954,11268,6635877,0,172,0,17,1,-42.0,65.0,72.2,51,0,2.0,48.0,,26,0
2614.2,17:04:13,9472196015,1093652987,4882722,10044,6639060,0,172,0,17,1,-43.0,72.2,72.2,57,0,2.4,48.0,,25,0
2615.2,17:04:14,9477265225,1093663909,5069210,10922,6642366,0,172,0,17,1,-42.0,65.0,72.2,54,0,2.3,49.0,,26,0
2616.2,17:04:15,9482143419,1093674625,4878194,10716,6645547,0,172,0,17,1,-42.0,72.2,72.2,60,0,2.3,49.0,,26,0
2617.3,17:04:16,9486119547,1093683559,3976128,8934,6648139,0,172,0,17,1,-41.0,65.0,72.2,70,0,2.4,50.0,,25,0
2618.3,17:04:17,9488773367,1093690825,2653820,7266,6649869,0,172,0,17,1,-41.0,72.2,72.2,45,0,1.9,49.0,,26,0
2619.3,17:04:18,9492683533,1093701199,3910166,10374,6652418,0,172,0,17,1,-42.0,58.5,72.2,69,0,1.9,50.0,,25,0
2620.3,17:04:19,9497495691,1093712755,4812158,11556,6655555,0,172,0,17,1,-40.0,72.2,72.2,56,0,1.6,50.0,,26,0
2621.3,17:04:20,9502496531,1093725985,5000840,13230,6658815,0,172,0,17,1,-41.0,65.0,72.2,64,0,2.0,49.0,,26,0
2622.3,17:04:21,9507649237,1093738903,5152706,12918,6662174,0,172,0,17,1,-41.0,72.2,72.2,59,0,2.1,48.0,,25,0
2623.3,17:04:22,9511194933,1093749619,3545696,10716,6664486,0,172,0,17,1,-41.0,65.0,72.2,48,0,2.0,49.0,,26,0
2624.3,17:04:23,9515769321,1093761565,4574388,11946,6667468,0,172,0,17,1,-41.0,65.0,72.2,70,0,2.3,49.0,,25,0
2625.3,17:04:24,9520652665,1093772581,4883344,11016,6670652,0,172,0,17,1,-41.0,72.2,72.2,62,0,2.1,49.0,,26,0
2626.4,17:04:25,9525544591,1093783717,4891926,11136,6673841,0,172,0,17,1,-41.0,65.0,72.2,59,0,2.3,49.0,,25,0
2627.4,17:04:26,9530119601,1093794619,4575010,10902,6676825,0,172,0,17,1,-40.0,65.0,72.2,74,0,2.0,48.0,,26,0
2628.4,17:04:27,9534802903,1093805365,4683302,10746,6679877,0,172,0,17,1,-42.0,72.2,72.2,70,0,2.3,48.0,,25,0
2629.4,17:04:28,9539734713,1093816543,4931810,11178,6683092,0,172,0,17,1,-42.0,72.2,72.2,63,0,2.1,48.0,,26,0
2630.4,17:04:29,9544550529,1093828059,4815816,11516,6686237,0,172,0,17,1,-43.0,65.0,72.2,67,0,2.3,48.0,,26,0
2631.4,17:04:30,9549303451,1093839227,4752922,11168,6689341,0,172,0,17,1,-41.0,72.2,72.2,62,0,2.1,49.0,,26,0
2632.4,17:04:31,9554373321,1093851605,5069870,12378,6692646,0,172,0,17,1,-42.0,65.0,72.2,73,0,2.1,49.0,,25,0
2633.4,17:04:32,9558590947,1093870067,4217626,18462,6695397,0,172,0,17,1,-41.0,72.2,72.2,102,0,2.3,48.0,,26,0
2634.5,17:04:33,9563834159,1093883977,5243212,13910,6698815,0,172,0,17,1,-42.0,72.2,72.2,59,0,1.9,50.0,,25,0
2635.5,17:04:34,9568775173,1093896555,4941014,12578,6702036,0,172,0,17,1,-41.0,65.0,72.2,60,0,2.1,48.0,,26,0
2636.5,17:04:35,9573596535,1093907607,4821362,11052,6705179,0,172,0,17,1,-41.0,58.5,72.2,49,0,2.1,48.0,,26,0
2637.5,17:04:36,9578252225,1093918619,4655690,11012,6708214,0,172,0,17,1,-42.0,72.2,72.2,47,0,2.3,48.0,,26,0
2638.5,17:04:37,9583240793,1093929161,4988568,10542,6711466,0,172,0,17,1,-41.0,72.2,72.2,55,0,2.4,48.0,,25,0
2639.5,17:04:38,9588431923,1093940663,5191130,11502,6714851,0,172,0,17,1,-43.0,72.2,72.2,59,0,2.3,48.0,,26,0
2640.5,17:04:39,9593347481,1093951769,4915558,11106,6718056,0,172,0,17,1,-41.0,72.2,72.2,48,0,2.3,49.0,,26,0
2641.5,17:04:40,9598293719,1093962569,4946238,10800,6721281,0,172,0,17,1,-42.0,65.0,72.2,61,0,2.3,48.0,,25,0
2642.6,17:04:41,9603390138,1093976003,5096419,13434,6724605,0,172,0,17,1,-42.0,72.2,150.0,54,0,2.1,49.0,,26,0
2643.6,17:04:42,9607811126,1093991841,4420988,15838,6727487,0,172,0,17,1,-41.0,72.2,72.2,72,0,2.3,48.0,,26,0
2644.6,17:04:43,9612625440,1094003969,4814314,12128,6730626,0,172,0,17,1,-41.0,72.2,72.2,61,0,1.9,48.0,,25,0
2645.6,17:04:44,9617478104,1094014793,4852664,10824,6733790,0,172,0,17,1,-42.0,72.2,72.2,54,0,3.0,49.0,,26,0
2646.6,17:04:45,9621973346,1094025181,4495242,10388,6736721,0,172,0,17,1,-42.0,72.2,72.2,49,0,2.3,48.0,,26,0
2647.6,17:04:46,9626704824,1094035573,4731478,10392,6739806,0,172,0,17,1,-41.0,72.2,72.2,65,0,2.1,48.0,,25,0
2648.6,17:04:47,9631674072,1094046733,4969248,11160,6743046,0,172,0,17,1,-41.0,72.2,72.2,63,0,2.3,49.0,,26,0
2649.6,17:04:48,9636654970,1094057977,4980898,11244,6746293,0,172,0,17,1,-42.0,65.0,72.2,52,0,2.1,48.0,,25,0
2650.6,17:04:49,9641373554,1094068465,4718584,10488,6749369,0,172,0,17,1,-43.0,65.0,72.2,62,0,2.1,49.0,,26,0
2651.7,17:04:50,9645951010,1094079493,4577456,11028,6752353,0,172,0,17,1,-41.0,72.2,72.2,61,0,2.4,49.0,,26,0
2652.7,17:04:51,9650937132,1094091319,4986122,11826,6755604,0,172,0,17,1,-42.0,72.2,72.2,72,0,2.0,49.0,,25,0
2653.7,17:04:52,9655433286,1094104723,4496154,13404,6758535,0,172,0,17,1,-41.0,72.2,72.2,75,0,2.0,49.0,,26,0
2654.7,17:04:53,9660863646,1094116747,5430360,12024,6762075,0,172,0,17,1,-41.0,72.2,72.2,53,0,2.4,48.0,,25,0
2655.7,17:04:54,9665985672,1094128177,5122026,11430,6765414,0,172,0,17,1,-41.0,65.0,72.2,58,0,2.0,49.0,,26,0
2656.7,17:04:55,9670888336,1094138665,4902664,10488,6768610,0,172,0,17,1,-41.0,72.2,72.2,58,0,2.3,49.0,,26,0
2657.7,17:04:56,9675749292,1094149609,4860956,10944,6771780,0,172,0,17,1,-41.0,65.0,72.2,68,0,2.4,48.0,,25,0
2658.7,17:04:57,9680734792,1094161663,4985500,12054,6775030,0,172,0,17,1,-41.0,65.0,72.2,72,0,2.3,49.0,,26,0
2659.8,17:04:58,9685147198,1094172097,4412406,10434,6777907,0,172,0,17,1,-42.0,72.2,72.2,78,0,2.0,49.0,,25,0
2660.8,17:04:59,9689762060,1094183439,4614862,11342,6780921,0,172,0,17,1,-41.0,72.2,72.2,74,0,2.1,48.0,,26,0
2661.8,17:05:00,9694268082,1094194793,4506022,11354,6783865,0,172,0,17,1,-40.0,72.2,72.2,81,0,2.4,48.0,,25,0
2662.8,17:05:01,9699347156,1094206025,5079074,11232,6787176,0,172,0,17,1,-40.0,65.0,72.2,56,0,2.1,50.0,,26,0
2663.8,17:05:02,9703237380,1094218079,3890224,12054,6789712,0,172,0,17,1,-40.0,72.2,72.2,79,0,2.0,49.0,,25,0
2664.8,17:05:03,9708270434,1094228795,5033054,10716,6792993,0,172,0,17,1,-41.0,72.2,72.2,52,0,2.1,48.0,,26,0
2665.8,17:05:04,9713054980,1094239673,4784546,10878,6796112,0,172,0,17,1,-41.0,72.2,72.2,58,0,2.1,49.0,,25,0
2666.8,17:05:05,9717732768,1094250497,4677788,10824,6799162,0,172,0,17,1,-40.0,72.2,72.2,72,0,2.0,48.0,,26,0
2667.9,17:05:06,9722517314,1094260229,4784546,9732,6802281,0,172,0,17,1,-39.0,72.2,72.2,63,0,2.3,50.0,,26,0
2668.9,17:05:07,9727589340,1094271647,5072026,11418,6805588,0,172,0,17,1,-41.0,72.2,72.2,55,0,2.6,49.0,,26,0
2669.9,17:05:09,9732243496,1094282309,4654156,10662,6808622,0,172,0,17,1,-40.0,72.2,72.2,60,0,2.1,49.0,,25,0
2670.9,17:05:10,9737345580,1094292971,5102084,10662,6811948,0,172,0,17,1,-41.0,72.2,72.2,44,0,2.3,48.0,,25,0
2671.9,17:05:11,9742507490,1094304365,5161910,11394,6815313,0,172,0,17,1,-42.0,72.2,72.2,55,0,2.6,48.0,,26,0
2672.9,17:05:12,9747450038,1094314907,4942548,10542,6818535,0,172,0,17,1,-40.0,72.2,72.2,58,0,2.3,47.0,,26,0
2673.9,17:05:13,9752042834,1094327813,4592796,12906,6821529,0,172,0,17,1,-41.0,65.0,72.2,56,0,2.3,48.0,,25,0
2674.9,17:05:14,9756798234,1094338841,4755400,11028,6824629,0,172,0,17,1,-43.0,65.0,72.2,55,0,2.6,48.0,,26,0
2675.9,17:05:15,9761912590,1094349677,5114356,10836,6827963,0,172,0,17,1,-42.0,65.0,72.2,46,0,2.1,48.0,,25,0
2677.0,17:05:16,9767018364,1094361095,5105774,11418,6831292,0,172,0,17,1,-42.0,72.2,72.2,57,0,2.1,50.0,,26,0
2678.0,17:05:17,9771858134,1094371313,4839770,10218,6834447,0,172,0,17,1,-41.0,72.2,72.2,45,0,2.0,48.0,,25,0
2679.0,17:05:18,9776848236,1094382593,4990102,11280,6837700,0,172,0,17,1,-42.0,72.2,72.2,63,0,2.0,49.0,,26,0
2680.0,17:05:19,9781911058,1094393663,5062822,11070,6841001,0,172,0,17,1,-41.0,72.2,72.2,51,0,2.4,49.0,,26,0
2681.0,17:05:20,9786611234,1094404205,4700176,10542,6844065,0,172,0,17,1,-42.0,72.2,72.2,68,0,1.9,49.0,,26,0
2682.0,17:05:21,9791558384,1094415665,4947150,11460,6847290,0,172,0,17,1,-43.0,72.2,72.2,58,0,2.0,48.0,,26,0
2683.0,17:05:22,9796186462,1094425787,4628078,10122,6850307,0,172,0,17,1,-44.0,72.2,72.2,62,0,2.3,49.0,,26,0
2684.0,17:05:23,9800208610,1094437343,4022148,11556,6852929,0,172,0,17,1,-42.0,65.0,72.2,75,0,2.0,48.0,,26,0
2685.0,17:05:24,9804993156,1094447873,4784546,10530,6856048,0,172,0,17,1,-43.0,72.2,72.2,54,0,2.1,48.0,,26,0
2686.1,17:05:25,9809928034,1094458511,4934878,10638,6859265,0,172,0,17,1,-41.0,72.2,72.2,64,0,2.3,48.0,,26,0
2687.1,17:05:26,9814772480,1094470187,4844446,11676,6862424,0,172,0,17,1,-41.0,72.2,72.2,73,0,2.1,49.0,,25,0
2688.1,17:05:27,9819382150,1094480243,4609670,10056,6865429,0,172,0,17,1,-39.0,72.2,72.2,68,0,2.5,49.0,,26,0
2689.1,17:05:28,9824210892,1094491475,4828742,11232,6868578,0,172,0,17,1,-40.0,58.5,72.2,70,0,2.0,48.0,,26,0
2690.1,17:05:29,9828960156,1094501975,4749264,10500,6871674,0,172,0,17,1,-40.0,65.0,72.2,69,0,2.0,48.0,,25,0
2691.1,17:05:30,9833757683,1094513682,4797527,11707,6874808,0,172,0,17,1,-40.0,65.0,72.2,59,0,2.3,48.0,,26,0
2692.1,17:05:31,9838394021,1094524580,4636338,10898,6877836,0,172,0,17,1,-40.0,72.2,72.2,79,0,2.1,48.0,,26,0
2693.1,17:05:32,9842729105,1094534582,4335084,10002,6880662,0,172,0,17,1,-40.0,65.0,72.2,68,0,2.1,48.0,,26,0
2694.2,17:05:33,9846561037,1094545922,3831932,11340,6883160,0,172,0,17,1,-39.0,65.0,72.2,81,0,2.1,49.0,,25,0
2695.2,17:05:34,9851516479,1094557100,4955442,11178,6886391,0,172,0,17,1,-40.0,72.2,72.2,57,0,2.0,48.0,,26,0
2696.2,17:05:35,9856356249,1094567630,4839770,10530,6889546,0,172,0,17,1,-39.0,52.0,72.2,80,0,2.0,49.0,,25,0
2697.2,17:05:36,9861145397,1094577997,4789148,10367,6892668,0,172,0,17,1,-40.0,72.2,72.2,57,0,2.4,49.0,,25,0
2698.2,17:05:37,9865712376,1094589024,4566979,11027,6895646,0,172,0,17,1,-39.0,65.0,72.2,61,0,2.0,49.0,,26,0
2699.2,17:05:38,9870175404,1094599536,4463028,10512,6898556,0,172,0,17,1,-39.0,58.5,72.2,64,0,1.9,48.0,,26,0
2700.2,17:05:39,9874507420,1094608944,4332016,9408,6901380,0,172,0,17,1,-39.0,72.2,72.2,69,0,1.9,49.0,,25,0
2701.2,17:05:40,9878941924,1094619738,4434504,10794,6904272,0,172,0,17,1,-38.0,65.0,72.2,71,0,2.6,48.0,,26,0
2702.3,17:05:41,9883568874,1094630496,4626950,10758,6907334,0,172,0,17,1,-40.0,65.0,72.2,70,0,2.4,48.0,,26,0
2703.3,17:05:42,9888310800,1094646276,4741926,15780,6910384,0,172,0,17,1,-40.0,72.2,72.2,69,0,2.5,48.0,,26,0
2704.3,17:05:43,9893294766,1094657424,4983966,11148,6913633,0,172,0,17,1,-39.0,65.0,72.2,50,0,2.3,49.0,,25,0
2705.3,17:05:44,9897459576,1094669628,4164810,12204,6916348,0,172,0,17,1,-39.0,72.2,72.2,96,0,2.1,48.0,,26,0
2706.3,17:05:45,9901883632,1094679834,4424056,10206,6919232,0,172,0,17,1,-40.0,65.0,72.2,79,0,2.6,48.0,,25,0
2707.3,17:05:46,9906393592,1094690310,4509960,10476,6922172,0,172,0,17,1,-39.0,65.0,72.2,84,0,2.0,48.0,,26,0
2708.3,17:05:47,9911426720,1094701326,5033128,11016,6925454,0,172,0,17,1,-39.0,72.2,72.2,81,0,2.0,48.0,,25,0
2709.3,17:05:48,9916053264,1094711748,4626544,10422,6928470,0,172,0,17,1,-39.0,65.0,72.2,76,0,2.3,48.0,,26,0
2710.3,17:05:49,9921316418,1094724114,5263154,12366,6931901,0,172,0,17,1,-40.0,72.2,72.2,60,0,2.1,48.0,,25,0
2711.4,17:05:50,9926582640,1094736978,5266222,12864,6935334,0,172,0,17,1,-40.0,72.2,72.2,65,0,2.4,48.0,,26,0
2712.4,17:05:51,9931698530,1094749098,5115890,12120,6938669,0,172,0,17,1,-38.0,72.2,72.2,66,0,2.0,49.0,,25,0
2713.4,17:05:52,9936808358,1094760936,5109828,11838,6942001,0,172,0,17,1,-39.0,72.2,72.2,68,0,2.5,48.0,,26,0
2714.4,17:05:53,9941757042,1094772600,4948684,11664,6945227,0,172,0,17,1,-39.0,72.2,72.2,62,0,2.1,48.0,,25,0
2715.4,17:05:54,9946438810,1094785506,4681768,12906,6948279,0,172,0,17,1,-39.0,65.0,72.2,51,0,2.1,49.0,,26,0
2716.4,17:05:55,9951143588,1094795982,4704778,10476,6951346,0,172,0,17,1,-39.0,65.0,72.2,55,0,2.3,48.0,,25,0
2717.4,17:05:56,9955561886,1094805606,4418298,9624,6954229,0,172,0,17,1,-39.0,72.2,72.2,58,0,2.4,48.0,,26,0
2718.4,17:05:57,9955562408,1094805970,522,364,6954231,0,172,0,17,1,-38.0,72.2,72.2,0,0,1.4,49.0,,26,0
2719.5,17:05:58,9955562408,1094806102,0,132,6954231,0,172,0,17,1,-39.0,72.2,72.2,0,0,1.6,49.0,,26,0
2720.5,17:05:59,9955562408,1094806168,0,66,6954231,0,172,0,17,1,-39.0,72.2,72.2,0,0,1.4,48.0,,26,0
2721.5,17:06:00,9955563385,1094807080,977,912,6954238,0,172,0,17,1,-39.0,72.2,72.2,0,0,1.7,48.0,,25,0
2722.5,17:06:01,9955563975,1094807688,590,608,6954244,0,172,0,17,1,-39.0,72.2,72.2,1,0,1.7,47.0,,26,0
2723.5,17:06:02,9955563975,1094807688,0,0,6954244,0,172,0,17,1,-39.0,72.2,72.2,0,0,1.4,48.0,,25,0
2724.5,17:06:03,9955563975,1094807886,0,198,6954244,0,172,0,17,1,-39.0,72.2,72.2,0,0,1.5,47.0,,26,0
2725.5,17:06:04,9955563975,1094808018,0,132,6954244,0,172,0,17,1,-38.0,72.2,72.2,0,0,1.6,48.0,,25,0
2726.5,17:06:05,9955563975,1094808018,0,0,6954244,0,172,0,17,1,-38.0,72.2,72.2,0,0,1.5,48.0,,26,0
2727.6,17:06:06,9955563975,1094808018,0,0,6954244,0,172,0,17,1,-38.0,72.2,72.2,0,0,1.9,48.0,,26,0
2728.6,17:06:07,9955563975,1094808150,0,132,6954244,0,172,0,17,1,-39.0,72.2,65.0,0,0,1.7,48.0,,26,0
2729.6,17:06:08,9955564037,1094808324,62,174,6954245,0,172,0,17,1,-39.0,72.2,65.0,0,0,1.2,48.0,,25,0
2730.6,17:06:09,9955564037,1094808324,0,0,6954245,0,172,0,17,1,-39.0,72.2,65.0,0,0,1.5,48.0,,26,0
2731.6,17:06:10,9955564037,1094808456,0,132,6954245,0,172,0,17,1,-38.0,72.2,72.2,0,0,2.2,47.0,,26,0
2732.6,17:06:11,9955564037,1094808588,0,132,6954245,0,172,0,17,1,-38.0,72.2,72.2,0,0,1.6,48.0,,26,0
2733.6,17:06:12,9955564037,1094808654,0,66,6954245,0,172,0,17,1,-39.0,72.2,72.2,0,0,1.4,49.0,,26,0
2734.6,17:06:13,9955564037,1094808654,0,0,6954245,0,172,0,17,1,-39.0,72.2,72.2,0,0,1.4,51.0,,26,0
2735.6,17:06:14,9955564037,1094808786,0,132,6954245,0,172,0,17,1,-39.0,72.2,150.0,0,0,1.0,48.0,,25,0
2736.7,17:06:15,9955564099,1094808960,62,174,6954246,0,172,0,17,1,-39.0,72.2,150.0,0,0,1.4,48.0,,26,0
2737.7,17:06:16,9955564099,1094808960,0,0,6954246,0,172,0,17,1,-39.0,72.2,150.0,0,0,1.6,47.0,,25,0
2738.7,17:06:17,9955564099,1094809224,0,264,6954246,0,172,0,17,1,-38.0,72.2,72.2,0,0,1.6,47.0,,26,0
2739.7,17:06:18,9955564099,1094809356,0,132,6954246,0,172,0,17,1,-39.0,72.2,72.2,0,0,1.5,47.0,,25,0
2740.7,17:06:19,9955564099,1094809356,0,0,6954246,0,172,0,17,1,-39.0,72.2,72.2,0,0,1.5,47.0,,26,0
2741.7,17:06:20,9955564099,1094809488,0,132,6954246,0,172,0,17,1,-39.0,72.2,72.2,0,0,1.7,48.0,,25,0
2742.7,17:06:21,9955564099,1094809620,0,132,6954246,0,172,0,17,1,-39.0,72.2,72.2,0,0,1.6,47.0,,26,0
2743.7,17:06:22,9955564161,1094809794,62,174,6954247,0,172,0,17,1,-39.0,72.2,65.0,0,0,1.5,47.0,,25,0
2744.8,17:06:23,9955564161,1094809794,0,0,6954247,0,172,0,17,1,-39.0,72.2,65.0,0,0,1.4,48.0,,26,0
2745.8,17:06:24,9955564161,1094810058,0,264,6954247,0,172,0,17,1,-38.0,72.2,72.2,0,0,1.9,48.0,,26,0
2746.8,17:06:25,9955564161,1094810058,0,0,6954247,0,172,0,17,1,-38.0,72.2,72.2,0,0,1.7,47.0,,26,0
2747.8,17:06:26,9955564161,1094810058,0,0,6954247,0,172,0,17,1,-38.0,72.2,72.2,0,0,1.5,47.0,,26,0
2748.8,17:06:27,9955564161,1094810058,0,0,6954247,0,172,0,17,1,-38.0,72.2,72.2,0,0,1.6,48.0,,26,0
2749.8,17:06:28,9955564504,1094810273,343,215,6954248,0,172,0,17,1,-38.0,72.2,72.2,0,0,1.5,48.0,,26,0
2750.8,17:06:29,9955564566,1094810447,62,174,6954249,0,172,0,17,1,-38.0,72.2,65.0,0,0,1.4,47.0,,25,0
2751.8,17:06:30,9955565156,1094810923,590,476,6954255,0,172,0,17,1,-39.0,72.2,72.2,0,0,1.7,48.0,,26,0
2752.8,17:06:31,9955565746,1094811531,590,608,6954261,0,172,0,17,1,-38.0,72.2,135.0,0,0,1.5,47.0,,25,0
2753.9,17:06:32,9955565746,1094811663,0,132,6954261,0,172,0,17,1,-39.0,72.2,72.2,0,0,1.6,48.0,,26,0
2754.9,17:06:34,9955565746,1094811663,0,0,6954261,0,172,0,17,1,-39.0,72.2,72.2,0,0,1.9,48.0,,25,0
2755.9,17:06:35,9955565746,1094811663,0,0,6954261,0,172,0,17,1,-39.0,72.2,72.2,0,0,1.4,47.0,,26,0
2756.9,17:06:36,9955565746,1094811795,0,132,6954261,0,172,0,17,1,-38.0,72.2,65.0,0,0,1.5,47.0,,26,0
2757.9,17:06:37,9955565746,1094811927,0,132,6954261,0,172,0,17,1,-38.0,72.2,72.2,0,0,1.6,47.0,,26,0
2758.9,17:06:38,9955565746,1094811927,0,0,6954261,0,172,0,17,1,-38.0,72.2,72.2,0,0,1.4,48.0,,26,0
2759.9,17:06:39,9955565746,1094812191,0,264,6954261,0,172,0,17,1,-39.0,72.2,72.2,0,0,1.4,47.0,,25,0
2760.9,17:06:40,9955565746,1094812323,0,132,6954261,0,172,0,17,1,-39.0,72.2,72.2,0,0,1.5,47.0,,26,0
2762.0,17:06:41,9955565746,1094812323,0,0,6954261,0,172,0,17,1,-39.0,72.2,72.2,0,0,1.4,47.0,,25,0
2763.0,17:06:42,9955565746,1094812455,0,132,6954261,0,172,0,17,1,-38.0,72.2,72.2,0,0,1.6,48.0,,26,0
2764.0,17:06:43,9955565746,1094812587,0,132,6954261,0,172,0,17,1,-39.0,72.2,72.2,0,0,1.4,48.0,,26,0
2765.0,17:06:44,9955565808,1094812761,62,174,6954262,0,172,0,17,1,-38.0,72.2,135.0,0,0,1.4,47.0,,26,0
2766.0,17:06:45,9955565808,1094812761,0,0,6954262,0,172,0,17,1,-38.0,72.2,135.0,0,0,2.0,47.0,,25,0
2767.0,17:06:46,9955565808,1094813025,0,264,6954262,0,172,0,17,1,-39.0,72.2,72.2,0,0,1.6,48.0,,26,0
2768.0,17:06:47,9955565808,1094813025,0,0,6954262,0,172,0,17,1,-39.0,72.2,72.2,0,0,1.7,47.0,,25,0
2769.0,17:06:48,9955565808,1094813025,0,0,6954262,0,172,0,17,1,-39.0,72.2,72.2,0,0,1.4,48.0,,26,0
2770.1,17:06:49,9955565808,1094813025,0,0,6954262,0,172,0,17,1,-39.0,72.2,72.2,0,0,1.6,48.0,,25,0
2771.1,17:06:50,9955565870,1094813199,62,174,6954263,0,172,0,17,1,-38.0,72.2,72.2,0,0,1.7,47.0,,26,0
2772.1,17:06:51,9955565870,1094813331,0,132,6954263,0,172,0,17,1,-39.0,72.2,65.0,0,0,1.2,47.0,,25,0
2773.1,17:06:52,9955565870,1094813331,0,0,6954263,0,172,0,17,1,-39.0,72.2,65.0,0,0,1.6,47.0,,26,0
2774.1,17:06:53,9955565870,1094813463,0,132,6954263,0,172,0,17,1,-39.0,72.2,135.0,0,0,1.6,47.0,,26,0
2775.1,17:06:54,9955565870,1094813595,0,132,6954263,0,172,0,17,1,-38.0,72.2,72.2,0,0,1.5,48.0,,25,0
2776.1,17:06:55,9955565870,1094813595,0,0,6954263,0,172,0,17,1,-38.0,72.2,72.2,0,0,1.7,47.0,,26,0
2777.1,17:06:56,9955565870,1094813595,0,0,6954263,0,172,0,17,1,-38.0,72.2,72.2,0,0,1.7,48.0,,26,0
2778.2,17:06:57,9955565932,1094813769,62,174,6954264,0,172,0,17,1,-38.0,72.2,72.2,0,0,1.4,48.0,,26,0
2779.2,17:06:58,9955565932,1094813901,0,132,6954264,0,172,0,17,1,-38.0,72.2,72.2,0,0,1.5,47.0,,25,0
2780.2,17:06:59,9955565932,1094813901,0,0,6954264,0,172,0,17,1,-38.0,72.2,72.2,0,0,1.7,47.0,,26,0
2781.2,17:07:00,9955565932,1094814165,0,264,6954264,0,172,0,17,1,-39.0,72.2,72.2,0,0,1.9,47.0,,26,0
2782.2,17:07:01,9955566522,1094814773,590,608,6954270,0,172,0,17,1,-39.0,72.2,72.2,1,0,1.6,47.0,,25,0
2783.2,17:07:02,9955567112,1094815249,590,476,6954276,0,172,0,17,1,-38.0,72.2,72.2,0,0,1.7,48.0,,26,0
2784.2,17:07:03,9955567112,1094815381,0,132,6954276,0,172,0,17,1,-38.0,72.2,72.2,0,0,1.5,47.0,,25,0
2785.2,17:07:04,9955567112,1094815513,0,132,6954276,0,172,0,17,1,-38.0,72.2,72.2,0,0,2.0,47.0,,26,0
2786.2,17:07:05,9955567112,1094815645,0,132,6954276,0,172,0,17,1,-38.0,72.2,72.2,0,0,1.5,47.0,,26,0
2787.3,17:07:06,9955567112,1094815645,0,0,6954276,0,172,0,17,1,-38.0,72.2,72.2,0,0,1.7,47.0,,26,0
2788.3,17:07:07,9955567112,1094815909,0,264,6954276,0,172,0,17,1,-39.0,72.2,72.2,0,0,1.4,48.0,,25,0
2789.3,17:07:08,9955567112,1094815909,0,0,6954276,0,172,0,17,1,-39.0,72.2,72.2,0,0,1.5,47.0,,26,0
2790.3,17:07:09,9955567174,1094815951,62,42,6954277,0,172,0,17,1,-39.0,72.2,72.2,0,0,1.9,48.0,,26,0
2791.3,17:07:10,9955567174,1094815951,0,0,6954277,0,172,0,17,1,-39.0,72.2,72.2,0,0,1.7,47.0,,25,0
2792.3,17:07:11,9955567174,1094816083,0,132,6954277,0,172,0,17,1,-39.0,72.2,65.0,0,0,1.6,48.0,,26,0
2793.3,17:07:12,9955567174,1094816215,0,132,6954277,0,172,0,17,1,-39.0,72.2,72.2,0,0,1.2,49.0,,25,0
2794.3,17:07:13,9955567174,1094816215,0,0,6954277,0,172,0,17,1,-39.0,72.2,72.2,0,0,1.5,47.0,,26,0
2795.3,17:07:14,9955567174,1094816347,0,132,6954277,0,172,0,17,1,-39.0,72.2,72.2,0,0,1.9,47.0,,26,0
2796.4,17:07:15,9955567174,1094816479,0,132,6954277,0,172,0,17,1,-39.0,72.2,72.2,0,0,1.7,47.0,,26,0
2797.4,17:07:16,9955567236,1094816521,62,42,6954278,0,172,0,17,1,-39.0,72.2,72.2,0,0,1.7,48.0,,25,0
2798.4,17:07:17,9955567236,1094816521,0,0,6954278,0,172,0,17,1,-39.0,72.2,72.2,0,0,1.5,47.0,,26,0
2799.4,17:07:18,9955567236,1094816653,0,132,6954278,0,172,0,17,1,-38.0,72.2,72.2,0,0,1.6,47.0,,25,0
2800.4,17:07:19,9955567236,1094816785,0,132,6954278,0,172,0,17,1,-39.0,72.2,65.0,0,0,1.5,47.0,,26,0
2801.4,17:07:20,9955567236,1094816983,0,198,6954278,0,172,0,17,1,-38.0,72.2,72.2,0,0,1.5,47.0,,26,0
2802.4,17:07:21,9955567236,1094817115,0,132,6954278,0,172,0,17,1,-39.0,72.2,72.2,0,0,1.4,47.0,,25,0
2803.4,17:07:22,9955567236,1094817181,0,66,6954278,0,172,0,17,1,-38.0,72.2,72.2,0,0,1.6,47.0,,26,0
2804.5,17:07:23,9955567236,1094817247,0,66,6954278,0,172,0,17,1,-39.0,72.2,72.2,0,0,1.6,47.0,,25,0
2805.5,17:07:24,9955567236,1094817379,0,132,6954278,0,172,0,17,1,-38.0,72.2,72.2,0,0,1.5,47.0,,26,0
2806.5,17:07:25,9955567298,1094817487,62,108,6954279,0,172,0,17,1,-38.0,72.2,72.2,1,0,1.7,48.0,,26,0
2807.5,17:07:26,9955567298,1094817487,0,0,6954279,0,172,0,17,1,-38.0,72.2,72.2,0,0,1.7,48.0,,26,0
2808.5,17:07:27,9955567298,1094817619,0,132,6954279,0,172,0,17,1,-38.0,72.2,72.2,0,0,1.4,47.0,,25,0
2809.5,17:07:28,9955567298,1094817685,0,66,6954279,0,172,0,17,1,-39.0,72.2,72.2,0,0,1.5,47.0,,26,0
2810.5,17:07:29,9955567298,1094817685,0,0,6954279,0,172,0,17,1,-39.0,72.2,72.2,0,0,1.6,47.0,,25,0
2811.5,17:07:30,9955567298,1094817685,0,0,6954279,0,172,0,17,1,-39.0,72.2,72.2,0,0,1.6,47.0,,26,0
2812.6,17:07:31,9955567888,1094818293,590,608,6954285,0,172,0,17,1,-38.0,72.2,72.2,0,0,1.6,47.0,,26,0
2813.6,17:07:32,9955568478,1094818901,590,608,6954291,0,172,0,17,1,-38.0,72.2,72.2,0,0,1.5,47.0,,25,0
2814.6,17:07:33,9955568478,1094818901,0,0,6954291,0,172,0,17,1,-38.0,72.2,72.2,0,0,1.4,47.0,,26,0
2815.6,17:07:34,9955568478,1094819033,0,132,6954291,0,172,0,17,1,-38.0,72.2,72.2,0,0,1.6,47.0,,25,0
2816.6,17:07:35,9955568478,1094819099,0,66,6954291,0,172,0,17,1,-38.0,72.2,72.2,0,0,1.6,47.0,,26,0
2817.6,17:07:36,9955568478,1094819165,0,66,6954291,0,172,0,17,1,-38.0,72.2,72.2,0,0,1.5,47.0,,25,0
2818.6,17:07:37,9955568540,1094819207,62,42,6954292,0,172,0,17,1,-38.0,72.2,72.2,0,0,1.7,47.0,,26,0
2819.6,17:07:38,9955568540,1094819273,0,66,6954292,0,172,0,17,1,-38.0,72.2,72.2,0,0,1.9,47.0,,26,0
2820.6,17:07:39,9955568540,1094819273,0,0,6954292,0,172,0,17,1,-38.0,72.2,72.2,0,0,1.6,47.0,,26,0
2821.7,17:07:40,9955568540,1094819273,0,0,6954292,0,172,0,17,1,-38.0,72.2,72.2,0,0,1.7,48.0,,25,0
2822.7,17:07:41,9955568540,1094819273,0,0,6954292,0,172,0,17,1,-38.0,72.2,72.2,0,0,1.6,47.0,,26,0
2823.7,17:07:42,9955568540,1094819273,0,0,6954292,0,172,0,17,1,-38.0,72.2,72.2,0,0,1.4,47.0,,26,0
2824.7,17:07:43,9955568540,1094819273,0,0,6954292,0,172,0,17,1,-38.0,72.2,72.2,0,0,1.7,47.0,,26,0
2825.7,17:07:44,9955568540,1094819273,0,0,6954292,0,172,0,17,1,-38.0,72.2,72.2,0,0,1.9,48.0,,26,0
2826.7,17:07:45,9955568540,1094819273,0,0,6954292,0,172,0,17,1,-38.0,72.2,72.2,0,0,1.5,47.0,,26,0
2827.7,17:07:46,9955568540,1094819339,0,66,6954292,0,172,0,17,1,-39.0,72.2,72.2,0,0,1.6,47.0,,26,0
2828.7,17:07:47,9955568540,1094819339,0,0,6954292,0,172,0,17,1,-39.0,72.2,72.2,0,0,1.5,47.0,,26,0
2829.8,17:07:48,9955568540,1094819339,0,0,6954292,0,172,0,17,1,-39.0,72.2,72.2,0,0,1.6,47.0,,26,0
2830.8,17:07:49,9955568540,1094819339,0,0,6954292,0,172,0,17,1,-39.0,72.2,72.2,0,0,1.9,47.0,,26,0
2831.8,17:07:50,9955568540,1094819339,0,0,6954292,0,172,0,17,1,-39.0,72.2,72.2,0,0,1.6,48.0,,26,0
2832.8,17:07:51,9955568540,1094819339,0,0,6954292,0,172,0,17,1,-39.0,72.2,72.2,0,0,1.6,47.0,,26,0
2833.8,17:07:52,9955568540,1094819405,0,66,6954292,0,172,0,17,1,-40.0,72.2,72.2,0,0,1.7,47.0,,26,0
2834.8,17:07:53,9955568540,1094819471,0,66,6954292,0,172,0,17,1,-39.0,72.2,72.2,0,0,1.9,47.0,,26,0
2835.8,17:07:54,9955568540,1094819471,0,0,6954292,0,172,0,17,1,-39.0,72.2,72.2,0,0,1.5,47.0,,26,0
2836.8,17:07:55,9955568540,1094819537,0,66,6954292,0,172,0,17,1,-39.0,72.2,72.2,0,0,1.7,48.0,,25,0
2837.9,17:07:56,9955568540,1094819537,0,0,6954292,0,172,0,17,1,-39.0,72.2,72.2,0,0,1.6,47.0,,26,0
2838.9,17:07:57,9955568540,1094819537,0,0,6954292,0,172,0,17,1,-39.0,72.2,72.2,0,0,1.6,47.0,,25,0
2839.9,17:07:59,9955568540,1094819537,0,0,6954292,0,172,0,17,1,-39.0,72.2,72.2,0,0,1.4,47.0,,26,0
2840.9,17:08:00,9955568540,1094819603,0,66,6954292,0,172,0,17,1,-39.0,72.2,72.2,0,0,1.4,47.0,,26,0
2841.9,17:08:01,9955568602,1094819645,62,42,6954293,0,172,0,17,1,-39.0,72.2,72.2,0,0,1.7,47.0,,26,0
2842.9,17:08:02,9955569192,1094820121,590,476,6954299,0,172,0,17,1,-40.0,72.2,72.2,1,0,1.5,47.0,,26,0
2843.9,17:08:03,9955569782,1094820597,590,476,6954305,0,172,0,17,1,-40.0,72.2,72.2,0,0,1.9,48.0,,26,0
2844.9,17:08:04,9955569782,1094820597,0,0,6954305,0,172,0,17,1,-40.0,72.2,72.2,0,0,1.6,47.0,,26,0
2846.0,17:08:05,9955569782,1094820597,0,0,6954305,0,172,0,17,1,-40.0,72.2,72.2,0,0,1.5,47.0,,26,0
2847.0,17:08:06,9955569782,1094820597,0,0,6954305,0,172,0,17,1,-40.0,72.2,72.2,0,0,1.7,47.0,,26,0
2848.0,17:08:07,9955569782,1094820597,0,0,6954305,0,172,0,17,1,-40.0,72.2,72.2,0,0,1.5,47.0,,26,0
2849.0,17:08:08,9955569782,1094820663,0,66,6954305,0,172,0,17,1,-39.0,72.2,72.2,0,0,1.5,47.0,,26,0
2850.0,17:08:09,9955569782,1094820663,0,0,6954305,0,172,0,17,1,-39.0,72.2,72.2,0,0,1.5,47.0,,25,0
2851.0,17:08:10,9955569782,1094820663,0,0,6954305,0,172,0,17,1,-39.0,72.2,72.2,0,0,1.6,50.0,,26,0
2852.0,17:08:11,9955569782,1094820663,0,0,6954305,0,172,0,17,1,-39.0,72.2,72.2,0,0,3.1,47.0,,25,0
2853.0,17:08:12,9955569782,1094820663,0,0,6954305,0,172,0,17,1,-39.0,72.2,72.2,0,0,5.5,47.0,,26,0
2854.0,17:08:13,9955569782,1094820663,0,0,6954305,0,172,0,17,1,-39.0,72.2,72.2,0,0,6.6,47.0,,26,0
2855.1,17:08:14,9955569782,1094820663,0,0,6954305,0,172,0,17,1,-39.0,72.2,72.2,0,0,1.5,47.0,,26,0
2856.1,17:08:15,9955569782,1094820663,0,0,6954305,0,172,0,17,1,-39.0,72.2,72.2,0,0,3.9,47.0,,26,0
2857.1,17:08:16,9955569782,1094820663,0,0,6954305,0,172,0,17,1,-39.0,72.2,72.2,0,0,2.1,48.0,,26,0
2858.1,17:08:17,9955569782,1094820663,0,0,6954305,0,172,0,17,1,-39.0,72.2,72.2,0,0,2.6,47.0,,26,0
2859.1,17:08:18,9955569782,1094820663,0,0,6954305,0,172,0,17,1,-39.0,72.2,72.2,0,0,4.2,48.0,,26,0
2860.1,17:08:19,9955569782,1094820663,0,0,6954305,0,172,0,17,1,-39.0,72.2,72.2,0,0,3.4,48.0,,26,0
2861.1,17:08:20,9955569782,1094820663,0,0,6954305,0,172,0,17,1,-39.0,72.2,72.2,0,0,20.8,49.0,,26,0
2862.1,17:08:21,9955569782,1094820663,0,0,6954305,0,172,0,17,1,-39.0,72.2,72.2,0,0,2.9,48.0,,26,0
2863.1,17:08:22,9955569782,1094820663,0,0,6954305,0,172,0,17,1,-39.0,72.2,72.2,0,0,1.9,47.0,,26,0
2864.2,17:08:23,9955569782,1094820663,0,0,6954305,0,172,0,17,1,-39.0,72.2,72.2,0,0,2.0,47.0,,25,0
2865.2,17:08:24,9955569782,1094820663,0,0,6954305,0,172,0,17,1,-39.0,72.2,72.2,0,0,1.7,48.0,,26,0
2866.2,17:08:25,9955569782,1094820663,0,0,6954305,0,172,0,17,1,-39.0,72.2,72.2,0,0,1.5,48.0,,26,0
2867.2,17:08:26,9955569782,1094820663,0,0,6954305,0,172,0,17,1,-39.0,72.2,72.2,0,0,9.0,48.0,,26,0
2868.2,17:08:27,9955569782,1094820663,0,0,6954305,0,172,0,17,1,-39.0,72.2,72.2,0,0,7.1,49.0,,26,0
2869.2,17:08:28,9955569782,1094820663,0,0,6954305,0,172,0,17,1,-39.0,72.2,72.2,0,0,2.2,47.0,,26,0
2870.2,17:08:29,9955569782,1094820663,0,0,6954305,0,172,0,17,1,-39.0,72.2,72.2,0,0,1.6,47.0,,26,0
2871.2,17:08:30,9955569782,1094820663,0,0,6954305,0,172,0,17,1,-39.0,72.2,72.2,0,0,5.8,48.0,,26,0
2872.3,17:08:31,9955569782,1094820663,0,0,6954305,0,172,0,17,1,-39.0,72.2,72.2,0,0,1.6,48.0,,26,0
2873.3,17:08:32,9955570372,1094821139,590,476,6954311,0,172,0,17,1,-41.0,72.2,72.2,0,0,2.1,48.0,,25,0
2874.3,17:08:33,9955570962,1094821615,590,476,6954317,0,172,0,17,1,-41.0,72.2,72.2,1,0,1.6,48.0,,26,0
2875.3,17:08:34,9955570962,1094821615,0,0,6954317,0,172,0,17,1,-41.0,72.2,72.2,0,0,2.0,48.0,,25,0
2876.3,17:08:35,9955570962,1094821615,0,0,6954317,0,172,0,17,1,-41.0,72.2,72.2,0,0,4.1,48.0,,26,0
2877.3,17:08:36,9955570962,1094821615,0,0,6954317,0,172,0,17,1,-41.0,72.2,72.2,0,0,1.9,47.0,,25,0
2878.3,17:08:37,9955570962,1094821615,0,0,6954317,0,172,0,17,1,-41.0,72.2,72.2,0,0,1.6,47.0,,26,0
2879.3,17:08:38,9955570962,1094821615,0,0,6954317,0,172,0,17,1,-41.0,72.2,72.2,0,0,2.4,48.0,,26,0
2880.3,17:08:39,9955570962,1094821615,0,0,6954317,0,172,0,17,1,-41.0,72.2,72.2,0,0,4.1,47.0,,26,0
2881.4,17:08:40,9955570962,1094821615,0,0,6954317,0,172,0,17,1,-41.0,72.2,72.2,0,0,2.0,47.0,,26,0
2882.4,17:08:41,9955570962,1094821615,0,0,6954317,0,172,0,17,1,-41.0,72.2,72.2,0,0,1.4,48.0,,26,0
2883.4,17:08:42,9955570962,1094821615,0,0,6954317,0,172,0,17,1,-41.0,72.2,72.2,0,0,2.7,47.0,,26,0
2884.4,17:08:43,9955570962,1094821615,0,0,6954317,0,172,0,17,1,-41.0,72.2,72.2,0,0,1.7,47.0,,25,0
2885.4,17:08:44,9955570962,1094821615,0,0,6954317,0,172,0,17,1,-41.0,72.2,72.2,0,0,1.6,47.0,,26,0
2886.4,17:08:45,9955570962,1094821615,0,0,6954317,0,172,0,17,1,-41.0,72.2,72.2,0,0,2.9,47.0,,25,0
2887.4,17:08:46,9955570962,1094821615,0,0,6954317,0,172,0,17,1,-41.0,72.2,72.2,0,0,1.5,47.0,,26,0
2888.4,17:08:47,9955570962,1094821615,0,0,6954317,0,172,0,17,1,-41.0,72.2,72.2,0,0,4.6,48.0,,25,0
2889.5,17:08:48,9955570962,1094821615,0,0,6954317,0,172,0,17,1,-41.0,72.2,72.2,0,0,1.6,47.0,,26,0
2890.5,17:08:49,9955570962,1094821615,0,0,6954317,0,172,0,17,1,-41.0,72.2,72.2,0,0,1.4,48.0,,25,0
2891.5,17:08:50,9955570962,1094821615,0,0,6954317,0,172,0,17,1,-41.0,72.2,72.2,0,0,2.0,47.0,,25,0
2892.5,17:08:51,9955570962,1094821615,0,0,6954317,0,172,0,17,1,-41.0,72.2,72.2,0,0,1.4,47.0,,26,0
2893.5,17:08:52,9955570962,1094821615,0,0,6954317,0,172,0,17,1,-41.0,72.2,72.2,0,0,1.5,48.0,,25,0
2894.5,17:08:53,9955570962,1094821615,0,0,6954317,0,172,0,17,1,-41.0,72.2,72.2,0,0,3.1,48.0,,26,0
2895.5,17:08:54,9955570962,1094821615,0,0,6954317,0,172,0,17,1,-41.0,72.2,72.2,0,0,2.7,48.0,,26,0
2896.5,17:08:55,9955570962,1094821615,0,0,6954317,0,172,0,17,1,-41.0,72.2,72.2,0,0,4.5,48.0,,26,0
2897.6,17:08:56,9955570962,1094821615,0,0,6954317,0,172,0,17,1,-41.0,72.2,72.2,0,0,1.5,47.0,,26,0
2898.6,17:08:57,9955570962,1094821615,0,0,6954317,0,172,0,17,1,-40.0,72.2,72.2,0,0,2.9,47.0,,26,0
2899.6,17:08:58,9955570962,1094821615,0,0,6954317,0,172,0,17,1,-40.0,72.2,72.2,0,0,2.7,48.0,,26,0
2900.6,17:08:59,9955570962,1094821615,0,0,6954317,0,172,0,17,1,-40.0,72.2,72.2,0,0,1.5,48.0,,26,0
2901.6,17:09:00,9955570962,1094821615,0,0,6954317,0,172,0,17,1,-40.0,72.2,72.2,0,0,2.0,47.0,,26,0
2902.6,17:09:01,9955570962,1094821615,0,0,6954317,0,172,0,17,1,-40.0,72.2,72.2,0,0,2.2,48.0,,25,0
2903.6,17:09:02,9955571552,1094822091,590,476,6954323,0,172,0,17,1,-40.0,72.2,72.2,0,0,2.6,47.0,,26,0
2904.6,17:09:03,9955572142,1094822567,590,476,6954329,0,172,0,17,1,-41.0,72.2,72.2,1,0,2.1,49.0,,25,0
2905.6,17:09:04,9955572142,1094822567,0,0,6954329,0,172,0,17,1,-41.0,72.2,72.2,0,0,1.6,48.0,,26,0
2906.7,17:09:05,9955572142,1094822567,0,0,6954329,0,172,0,17,1,-41.0,72.2,72.2,0,0,1.2,48.0,,25,0
2907.7,17:09:06,9955572142,1094822567,0,0,6954329,0,172,0,17,1,-41.0,72.2,72.2,0,0,1.1,48.0,,26,0
2908.7,17:09:07,9955572142,1094822567,0,0,6954329,0,172,0,17,1,-41.0,72.2,72.2,0,0,1.2,47.0,,26,0
2909.7,17:09:08,9955572142,1094822567,0,0,6954329,0,172,0,17,1,-41.0,72.2,72.2,0,0,1.6,47.0,,26,0
2910.7,17:09:09,9955572142,1094822567,0,0,6954329,0,172,0,17,1,-41.0,72.2,72.2,0,0,3.1,48.0,,26,0
2911.7,17:09:10,9955572932,1094822795,790,228,6954331,0,172,0,17,1,-41.0,72.2,72.2,0,0,4.4,47.0,,26,0
2912.7,17:09:11,9955572932,1094822927,0,132,6954331,0,172,0,17,1,-40.0,72.2,72.2,0,0,1.5,47.0,,26,0
2913.7,17:09:12,9955572932,1094822993,0,66,6954331,0,172,0,17,1,-40.0,72.2,72.2,0,0,4.2,47.0,,26,0
2914.7,17:09:13,9955572932,1094823059,0,66,6954331,0,172,0,17,1,-39.0,72.2,72.2,0,0,3.7,48.0,,26,0
2915.8,17:09:14,9955572932,1094823125,0,66,6954331,0,172,0,17,1,-40.0,72.2,72.2,0,0,1.5,48.0,,26,0
2916.8,17:09:15,9955572932,1094823125,0,0,6954331,0,172,0,17,1,-40.0,72.2,72.2,0,0,1.7,47.0,,26,0
2917.8,17:09:16,9955572994,1094823167,62,42,6954332,0,172,0,17,1,-41.0,72.2,72.2,0,0,1.5,47.0,,25,0
2918.8,17:09:17,9955574491,1094824481,1497,1314,6954345,0,172,0,17,1,-39.0,72.2,72.2,0,0,1.7,48.0,,26,0
2919.8,17:09:18,9955574697,1094824717,206,236,6954347,0,172,0,17,1,-40.0,72.2,72.2,0,0,1.5,47.0,,25,0
2920.8,17:09:19,9955574697,1094824717,0,0,6954347,0,172,0,17,1,-40.0,72.2,72.2,0,0,1.5,47.0,,26,0
2921.8,17:09:20,9955574697,1094824717,0,0,6954347,0,172,0,17,1,-40.0,72.2,72.2,0,0,1.6,47.0,,25,0
2922.8,17:09:21,9955574697,1094824717,0,0,6954347,0,172,0,17,1,-40.0,72.2,72.2,0,0,1.7,47.0,,26,0
2923.9,17:09:22,9955574697,1094824717,0,0,6954347,0,172,0,17,1,-40.0,72.2,72.2,0,0,5.5,47.0,,25,0
2924.9,17:09:23,9955574697,1094824717,0,0,6954347,0,172,0,17,1,-40.0,72.2,72.2,0,0,2.2,47.0,,26,0
2925.9,17:09:25,9955574697,1094824717,0,0,6954347,0,172,0,17,1,-40.0,72.2,72.2,0,0,5.2,47.0,,26,0
2926.9,17:09:26,9955574697,1094824783,0,66,6954347,0,172,0,17,1,-42.0,72.2,72.2,0,0,1.6,48.0,,26,0
2927.9,17:09:27,9955574697,1094824849,0,66,6954347,0,172,0,17,1,-41.0,72.2,72.2,0,0,5.3,48.0,,26,0
2928.9,17:09:28,9955574697,1094824849,0,0,6954347,0,172,0,17,1,-41.0,72.2,72.2,0,0,1.9,47.0,,26,0
2929.9,17:09:29,9955574697,1094824849,0,0,6954347,0,172,0,17,1,-41.0,72.2,72.2,0,0,1.4,48.0,,26,0
2930.9,17:09:30,9955574697,1094824849,0,0,6954347,0,172,0,17,1,-41.0,72.2,72.2,0,0,1.7,47.0,,26,0
2932.0,17:09:31,9955574697,1094824849,0,0,6954347,0,172,0,17,1,-41.0,72.2,72.2,0,0,1.6,47.0,,26,0
2933.0,17:09:32,9955574697,1094824915,0,66,6954347,0,172,0,17,1,-40.0,72.2,72.2,0,0,1.5,47.0,,26,0
2934.0,17:09:33,9955575287,1094825469,590,554,6954353,0,172,0,17,1,-41.0,72.2,72.2,2,0,2.7,48.0,,26,0
2935.0,17:09:34,9955575877,1094826011,590,542,6954359,0,172,0,17,1,-41.0,72.2,72.2,1,0,1.7,47.0,,26,0
2936.0,17:09:35,9955575877,1094826077,0,66,6954359,0,172,0,17,1,-41.0,72.2,72.2,0,0,2.6,48.0,,26,0
2937.0,17:09:36,9955575877,1094826143,0,66,6954359,0,172,0,17,1,-41.0,72.2,72.2,0,0,4.0,47.0,,26,0
2938.0,17:09:37,9955575877,1094826143,0,0,6954359,0,172,0,17,1,-41.0,72.2,72.2,0,0,2.7,47.0,,26,0
2939.0,17:09:38,9955575877,1094826143,0,0,6954359,0,172,0,17,1,-41.0,72.2,72.2,0,0,1.5,47.0,,26,0
2940.0,17:09:39,9955575877,1094826275,0,132,6954359,0,172,0,17,1,-40.0,72.2,72.2,0,0,1.5,47.0,,26,0
2941.1,17:09:40,9955575877,1094826275,0,0,6954359,0,172,0,17,1,-40.0,72.2,72.2,0,0,2.5,48.0,,26,0
2942.1,17:09:41,9955575877,1094826275,0,0,6954359,0,172,0,17,1,-40.0,72.2,72.2,0,0,1.6,47.0,,25,0
2943.1,17:09:42,9955575877,1094826275,0,0,6954359,0,172,0,17,1,-40.0,72.2,72.2,0,0,1.6,48.0,,26,0
2944.1,17:09:43,9955575877,1094826275,0,0,6954359,0,172,0,17,1,-40.0,72.2,72.2,0,0,2.5,47.0,,25,0
2945.1,17:09:44,9955575877,1094826275,0,0,6954359,0,172,0,17,1,-40.0,72.2,72.2,0,0,4.9,47.0,,26,0
2946.1,17:09:45,9955575877,1094826275,0,0,6954359,0,172,0,17,1,-40.0,72.2,72.2,0,0,2.4,47.0,,26,0
2947.1,17:09:46,9955575877,1094826275,0,0,6954359,0,172,0,17,1,-40.0,72.2,72.2,0,0,1.6,47.0,,25,0
2948.1,17:09:47,9955575877,1094826407,0,132,6954359,0,172,0,17,1,-40.0,72.2,72.2,0,0,2.9,48.0,,26,0
2949.2,17:09:48,9955575877,1094826407,0,0,6954359,0,172,0,17,1,-40.0,72.2,72.2,0,0,3.4,47.0,,26,0
2950.2,17:09:49,9955575877,1094826407,0,0,6954359,0,172,0,17,1,-40.0,72.2,72.2,0,0,3.0,48.0,,25,0
2951.2,17:09:50,9955575877,1094826407,0,0,6954359,0,172,0,17,1,-40.0,72.2,72.2,0,0,1.5,47.0,,26,0
2952.2,17:09:51,9955575877,1094826407,0,0,6954359,0,172,0,17,1,-40.0,72.2,72.2,0,0,4.2,47.0,,25,0
2953.2,17:09:52,9955575877,1094826407,0,0,6954359,0,172,0,17,1,-40.0,72.2,72.2,0,0,3.7,47.0,,26,0
2954.2,17:09:53,9955575877,1094826539,0,132,6954359,0,172,0,17,1,-40.0,72.2,72.2,0,0,1.6,47.0,,26,0
2955.2,17:09:54,9955575877,1094826671,0,132,6954359,0,172,0,17,1,-40.0,72.2,72.2,0,0,2.0,47.0,,26,0
2956.2,17:09:55,9955575877,1094826671,0,0,6954359,0,172,0,17,1,-40.0,72.2,72.2,0,0,3.5,47.0,,25,0
2957.3,17:09:56,9955575877,1094826803,0,132,6954359,0,172,0,17,1,-40.0,72.2,72.2,0,0,3.3,47.0,,26,0
2958.3,17:09:57,9955575877,1094826803,0,0,6954359,0,172,0,17,1,-40.0,72.2,72.2,0,0,1.5,47.0,,25,0
2959.3,17:09:58,9955575877,1094826803,0,0,6954359,0,172,0,17,1,-40.0,72.2,72.2,0,0,1.4,49.0,,26,0
2960.3,17:09:59,9955575939,1094826845,62,42,6954360,0,172,0,17,1,-40.0,72.2,72.2,0,0,1.7,47.0,,26,0
2961.3,17:10:00,9955575939,1094826977,0,132,6954360,0,172,0,17,1,-40.0,72.2,72.2,0,0,1.5,47.0,,26,0
2962.3,17:10:01,9955575939,1094826977,0,0,6954360,0,172,0,17,1,-40.0,72.2,72.2,0,0,3.5,48.0,,26,0
2963.3,17:10:02,9955576599,1094831063,660,4086,6954362,0,172,0,17,1,-40.0,72.2,72.2,0,0,13.6,48.0,,26,0
2964.3,17:10:03,9955577189,1094832963,590,1900,6954368,0,172,0,17,1,-41.0,72.2,72.2,0,0,1.5,48.0,,26,0
2965.3,17:10:04,9955577779,1094834797,590,1834,6954374,0,172,0,17,1,-40.0,72.2,72.2,0,0,4.0,48.0,,26,0
2966.4,17:10:05,9955577779,1094834863,0,66,6954374,0,172,0,17,1,-40.0,72.2,72.2,0,0,2.5,48.0,,25,0
2967.4,17:10:06,9955577779,1094836221,0,1358,6954374,0,172,0,17,1,-40.0,72.2,72.2,0,0,3.1,47.0,,26,0
2968.4,17:10:07,9955577779,1094836221,0,0,6954374,0,172,0,17,1,-40.0,72.2,72.2,0,0,6.2,49.0,,25,0
2969.4,17:10:08,9955577779,1094836353,0,132,6954374,0,172,0,17,1,-40.0,72.2,72.2,0,0,2.9,47.0,,26,0
2970.4,17:10:09,9955577841,1094836461,62,108,6954375,0,172,0,17,1,-41.0,72.2,72.2,0,0,5.9,47.0,,26,0
2971.4,17:10:10,9955577841,1094836527,0,66,6954375,0,172,0,17,1,-40.0,72.2,72.2,0,0,2.1,48.0,,26,0
2972.4,17:10:11,9955577841,1094836527,0,0,6954375,0,172,0,17,1,-40.0,72.2,72.2,0,0,2.6,49.0,,26,0
2973.4,17:10:12,9955577841,1094836527,0,0,6954375,0,172,0,17,1,-40.0,72.2,72.2,0,0,2.0,47.0,,25,0
2974.4,17:10:13,9955577841,1094836527,0,0,6954375,0,172,0,17,1,-40.0,72.2,72.2,0,0,2.5,49.0,,25,0
2975.5,17:10:14,9955577841,1094836659,0,132,6954375,0,172,0,17,1,-40.0,72.2,72.2,0,0,2.7,47.0,,26,0
